{"type":"FeatureCollection","features":[{"type":"Feature","id":"zone_urba.3130320","geometry":{"type":"MultiPolygon","coordinates":[[[[-1.56525,43.4624],[-1.56534,43.46235],[-1.56548,43.46231],[-1.56631,43.46207],[-1.56635,43.46201],[-1.56658,43.46196],[-1.56784,43.46175],[-1.56891,43.46135],[-1.56929,43.46132],[-1.56939,43.46131],[-1.56947,43.46138],[-1.56933,43.46184],[-1.56926,43.4619],[-1.56862,43.46235],[-1.5683,43.46229],[-1.56813,43.46225],[-1.56813,43.46228],[-1.56814,43.46231],[-1.56817,43.46286],[-1.56819,43.46338],[-1.56805,43.46336],[-1.56779,43.46333],[-1.5663,43.46316],[-1.56594,43.46312],[-1.56596,43.46308],[-1.56601,43.46294],[-1.56606,43.46276],[-1.56614,43.46256],[-1.56608,43.46254],[-1.56587,43.46251],[-1.56562,43.46248],[-1.56551,43.46246],[-1.56544,43.46245],[-1.56532,43.46243],[-1.56523,43.46242],[-1.56525,43.4624]]]]},"geometry_name":"the_geom","properties":{"libelle":"UDt","libelong":"UDt","typezone":"U"}},{"type":"Feature","id":"zone_urba.3130235","geometry":{"type":"MultiPolygon","coordinates":[[[[-1.56988,43.46155],[-1.56982,43.46152],[-1.56972,43.46147],[-1.56959,43.46139],[-1.5695,43.46132],[-1.56939,43.46131],[-1.56932,43.46111],[-1.56932,43.46093],[-1.56939,43.46094],[-1.56976,43.461],[-1.57007,43.46105],[-1.57012,43.46096],[-1.57029,43.46095],[-1.57058,43.46094],[-1.57075,43.46093],[-1.57082,43.46093],[-1.57116,43.46092],[-1.57125,43.46094],[-1.57121,43.46104],[-1.5712,43.46107],[-1.57132,43.46106],[-1.57146,43.46107],[-1.57153,43.46111],[-1.57161,43.46117],[-1.57175,43.46122],[-1.57188,43.46126],[-1.57197,43.46126],[-1.57208,43.46126],[-1.5721,43.46126],[-1.57219,43.46124],[-1.57223,43.46123],[-1.57228,43.46125],[-1.57237,43.46128],[-1.57244,43.4613],[-1.57255,43.46133],[-1.57262,43.46139],[-1.57267,43.46142],[-1.57275,43.46144],[-1.57282,43.46141],[-1.57288,43.46138],[-1.57295,43.46133],[-1.57284,43.46164],[-1.57277,43.46184],[-1.5727,43.46203],[-1.57258,43.46237],[-1.57252,43.46253],[-1.5725,43.46258],[-1.57068,43.46262],[-1.57065,43.46214],[-1.57057,43.46188],[-1.57042,43.46182],[-1.56988,43.46155]]]]},"geometry_name":"the_geom","properties":{"libelle":"Ng","libelong":"Ng","typezone":"N"}},{"type":"Feature","id":"zone_urba.3130247","geometry":{"type":"MultiPolygon","coordinates":[[[[-1.55928,43.46272],[-1.55891,43.4624],[-1.5587,43.46223],[-1.55854,43.46211],[-1.55849,43.46208],[-1.5582,43.46195],[-1.55808,43.46189],[-1.55799,43.46184],[-1.55783,43.46172],[-1.55765,43.46155],[-1.55748,43.4614],[-1.55724,43.46119],[-1.55703,43.46101],[-1.55716,43.46053],[-1.5572,43.46046],[-1.55772,43.45994],[-1.55773,43.45997],[-1.55776,43.46001],[-1.55797,43.46039],[-1.55815,43.4607],[-1.5592,43.4607],[-1.55918,43.46079],[-1.55907,43.46126],[-1.55913,43.46125],[-1.55917,43.46125],[-1.55922,43.46125],[-1.55925,43.46125],[-1.5593,43.46125],[-1.55932,43.46125],[-1.55936,43.46125],[-1.5594,43.46125],[-1.55943,43.46125],[-1.55946,43.46125],[-1.55949,43.46125],[-1.55953,43.46125],[-1.55956,43.46125],[-1.55959,43.46125],[-1.55964,43.46125],[-1.55969,43.46125],[-1.55972,43.46125],[-1.55975,43.46126],[-1.55979,43.46126],[-1.55982,43.46126],[-1.55987,43.46126],[-1.55989,43.46126],[-1.55993,43.46126],[-1.55996,43.46126],[-1.55999,43.46127],[-1.56003,43.46127],[-1.56005,43.46127],[-1.56008,43.46127],[-1.56012,43.46127],[-1.56016,43.46128],[-1.56019,43.46128],[-1.56021,43.46128],[-1.56076,43.46075],[-1.5611,43.46084],[-1.56054,43.46137],[-1.56073,43.46144],[-1.56075,43.46142],[-1.56078,43.4614],[-1.56081,43.46139],[-1.56084,43.46136],[-1.56086,43.46135],[-1.56088,43.46134],[-1.56092,43.46131],[-1.56094,43.4613],[-1.56097,43.46128],[-1.56099,43.46127],[-1.56103,43.46125],[-1.56106,43.46124],[-1.56108,43.46122],[-1.56112,43.46121],[-1.56115,43.46119],[-1.5612,43.46117],[-1.56123,43.46116],[-1.56126,43.46114],[-1.56128,43.46113],[-1.56149,43.46122],[-1.5612,43.46165],[-1.56147,43.46175],[-1.56132,43.46254],[-1.56105,43.46251],[-1.56075,43.46249],[-1.56027,43.46244],[-1.56012,43.46243],[-1.56011,43.46244],[-1.56008,43.46245],[-1.56005,43.46248],[-1.56002,43.46249],[-1.56,43.46251],[-1.55998,43.46253],[-1.55996,43.46254],[-1.55993,43.46256],[-1.55991,43.46257],[-1.55989,43.46259],[-1.55987,43.46261],[-1.55985,43.46263],[-1.55984,43.46265],[-1.55982,43.46267],[-1.5598,43.46269],[-1.55979,43.46271],[-1.55978,43.46273],[-1.55977,43.46275],[-1.55976,43.46279],[-1.55928,43.46272]]]]},"geometry_name":"the_geom","properties":{"libelle":"Na","libelong":"Na","typezone":"N"}},{"type":"Feature","id":"zone_urba.3130249","geometry":{"type":"MultiPolygon","coordinates":[[[[-1.57068,43.46398],[-1.57067,43.46392],[-1.57081,43.46391],[-1.57112,43.46392],[-1.57152,43.46392],[-1.57152,43.46388],[-1.57153,43.46379],[-1.57153,43.46376],[-1.57155,43.46363],[-1.57155,43.46359],[-1.57156,43.46355],[-1.57156,43.46354],[-1.57158,43.46343],[-1.57158,43.46342],[-1.5716,43.46327],[-1.57178,43.46317],[-1.57232,43.46331],[-1.57234,43.46328],[-1.57241,43.46314],[-1.57242,43.46312],[-1.57243,43.46309],[-1.57244,43.46307],[-1.57252,43.46292],[-1.57251,43.46277],[-1.5725,43.46263],[-1.5725,43.46258],[-1.57252,43.46253],[-1.57258,43.46237],[-1.5727,43.46203],[-1.57277,43.46184],[-1.57284,43.46164],[-1.57295,43.46133],[-1.57288,43.46138],[-1.57282,43.46141],[-1.57275,43.46144],[-1.57267,43.46142],[-1.57262,43.46139],[-1.57255,43.46133],[-1.57244,43.4613],[-1.57237,43.46128],[-1.57228,43.46125],[-1.57223,43.46123],[-1.57219,43.46124],[-1.5721,43.46126],[-1.57208,43.46126],[-1.57197,43.46126],[-1.57188,43.46126],[-1.57175,43.46122],[-1.57161,43.46117],[-1.57153,43.46111],[-1.57146,43.46107],[-1.57132,43.46106],[-1.5712,43.46107],[-1.57121,43.46104],[-1.57125,43.46094],[-1.57116,43.46092],[-1.57082,43.46093],[-1.57101,43.46058],[-1.57105,43.46051],[-1.57105,43.4605],[-1.57118,43.46053],[-1.57131,43.46057],[-1.57476,43.46152],[-1.57488,43.46155],[-1.57529,43.46167],[-1.5755,43.46172],[-1.57559,43.46175],[-1.57588,43.46183],[-1.57637,43.46196],[-1.57662,43.46203],[-1.57665,43.46207],[-1.57599,43.46253],[-1.57543,43.46293],[-1.57514,43.46314],[-1.5751,43.4631],[-1.57471,43.46306],[-1.57464,43.46307],[-1.57447,43.46308],[-1.57446,43.46308],[-1.57432,43.46309],[-1.57414,43.46311],[-1.57405,43.46312],[-1.57402,43.46312],[-1.57398,43.46312],[-1.57385,43.46313],[-1.57377,43.46314],[-1.57363,43.46315],[-1.57343,43.46317],[-1.57341,43.46317],[-1.57318,43.4632],[-1.57315,43.4632],[-1.57316,43.46321],[-1.57309,43.46326],[-1.573,43.46332],[-1.57271,43.46359],[-1.57267,43.46363],[-1.57244,43.4636],[-1.5719,43.46471],[-1.57184,43.46478],[-1.57177,43.46486],[-1.57172,43.46491],[-1.57171,43.46485],[-1.57168,43.4648],[-1.57166,43.46478],[-1.57164,43.46476],[-1.5716,43.46475],[-1.57152,43.46471],[-1.57131,43.46462],[-1.5711,43.46453],[-1.57089,43.46446],[-1.57081,43.46434],[-1.57075,43.46422],[-1.57068,43.46398]]]]},"geometry_name":"the_geom","properties":{"libelle":"Ncu","libelong":"Ncu","typezone":"N"}},{"type":"Feature","id":"zone_urba.3130259","geometry":{"type":"MultiPolygon","coordinates":[[[[-1.55929,43.45858],[-1.5592,43.45852],[-1.55878,43.45857],[-1.55879,43.45848],[-1.55871,43.45839],[-1.55849,43.45825],[-1.55849,43.45825],[-1.55867,43.45815],[-1.55915,43.45786],[-1.5593,43.45764],[-1.55991,43.45736],[-1.5608,43.45712],[-1.56114,43.4576],[-1.56164,43.45781],[-1.56172,43.45781],[-1.56156,43.4579],[-1.56116,43.45809],[-1.56033,43.45858],[-1.56035,43.45859],[-1.55981,43.4588],[-1.55959,43.45894],[-1.55958,43.45888],[-1.55942,43.45867],[-1.55929,43.45858]]]]},"geometry_name":"the_geom","properties":{"libelle":"Ng","libelong":"Ng","typezone":"N"}},{"type":"Feature","id":"zone_urba.3130258","geometry":{"type":"MultiPolygon","coordinates":[[[[-1.57012,43.46025],[-1.57012,43.46025],[-1.57023,43.46028],[-1.57069,43.4604],[-1.57082,43.46044],[-1.57085,43.46044],[-1.57105,43.4605],[-1.57105,43.46051],[-1.57101,43.46058],[-1.57082,43.46093],[-1.57075,43.46093],[-1.57058,43.46094],[-1.57029,43.46095],[-1.57012,43.46096],[-1.57007,43.46105],[-1.56976,43.461],[-1.56939,43.46094],[-1.56932,43.46093],[-1.56934,43.46084],[-1.56963,43.46054],[-1.5698,43.46039],[-1.57012,43.46025]]]]},"geometry_name":"the_geom","properties":{"libelle":"UDa","libelong":"UDa","typezone":"U"}},{"type":"Feature","id":"zone_urba.3130271","geometry":{"type":"MultiPolygon","coordinates":[[[[-1.54148,43.46414],[-1.5413,43.4641],[-1.54104,43.46414],[-1.5409,43.46417],[-1.5406,43.46423],[-1.54057,43.46416],[-1.54049,43.46397],[-1.54078,43.4639],[-1.54111,43.46383],[-1.54118,43.46401],[-1.54122,43.464],[-1.54125,43.464],[-1.54131,43.46401],[-1.54137,43.46401],[-1.54141,43.46399],[-1.54144,43.46398],[-1.54147,43.46396],[-1.54187,43.46334],[-1.54192,43.46327],[-1.54206,43.46306],[-1.54213,43.463],[-1.54218,43.46297],[-1.54219,43.46296],[-1.54222,43.46295],[-1.54214,43.46281],[-1.5421,43.46274],[-1.54191,43.46221],[-1.54176,43.46172],[-1.54175,43.4616],[-1.54174,43.46155],[-1.54174,43.46152],[-1.54176,43.46144],[-1.54183,43.46137],[-1.54203,43.46121],[-1.54174,43.46108],[-1.54177,43.46096],[-1.54179,43.46086],[-1.54124,43.46081],[-1.54105,43.46079],[-1.54127,43.46008],[-1.54128,43.45998],[-1.54129,43.45996],[-1.54119,43.45995],[-1.54054,43.45996],[-1.54018,43.45997],[-1.53946,43.46007],[-1.53906,43.46012],[-1.53907,43.46016],[-1.53907,43.46018],[-1.53912,43.46093],[-1.53913,43.46108],[-1.53895,43.46112],[-1.53892,43.46113],[-1.53858,43.4612],[-1.53858,43.4612],[-1.53856,43.46121],[-1.53855,43.46121],[-1.53854,43.46121],[-1.5384,43.46119],[-1.53801,43.46112],[-1.53721,43.46098],[-1.53713,43.46096],[-1.53692,43.46093],[-1.53692,43.46093],[-1.53692,43.46094],[-1.53687,43.46094],[-1.53647,43.46109],[-1.53643,43.4611],[-1.53639,43.46111],[-1.53587,43.46128],[-1.53573,43.46136],[-1.53549,43.46149],[-1.53547,43.46149],[-1.53549,43.46143],[-1.53558,43.46092],[-1.53589,43.4608],[-1.53599,43.46076],[-1.53621,43.46073],[-1.53658,43.46062],[-1.53659,43.46029],[-1.53659,43.46009],[-1.5366,43.45983],[-1.5366,43.45973],[-1.53651,43.45973],[-1.53603,43.45971],[-1.53589,43.45971],[-1.53589,43.45971],[-1.53593,43.45958],[-1.53623,43.45918],[-1.53627,43.45914],[-1.53753,43.45928],[-1.53831,43.45936],[-1.53896,43.45939],[-1.53896,43.45936],[-1.53896,43.45935],[-1.53897,43.45911],[-1.53899,43.45887],[-1.53901,43.45867],[-1.53901,43.45861],[-1.53941,43.45862],[-1.53972,43.45863],[-1.53974,43.45833],[-1.53974,43.45832],[-1.53979,43.45826],[-1.53981,43.45824],[-1.53989,43.45815],[-1.54004,43.45815],[-1.54025,43.45814],[-1.54064,43.45813],[-1.54062,43.45829],[-1.54062,43.4583],[-1.54083,43.45834],[-1.54107,43.45839],[-1.54106,43.45846],[-1.54147,43.45855],[-1.54158,43.45857],[-1.54196,43.45863],[-1.5423,43.45865],[-1.54257,43.45863],[-1.54271,43.45862],[-1.54278,43.45861],[-1.54303,43.45865],[-1.54318,43.45867],[-1.5433,43.45869],[-1.5438,43.45877],[-1.54381,43.45882],[-1.54381,43.45911],[-1.54381,43.45912],[-1.54382,43.45915],[-1.54382,43.45921],[-1.54372,43.45922],[-1.54392,43.45989],[-1.54393,43.45993],[-1.54394,43.45998],[-1.54403,43.4603],[-1.54397,43.46073],[-1.54392,43.46099],[-1.54387,43.46123],[-1.5437,43.46122],[-1.54355,43.46126],[-1.54346,43.46129],[-1.54313,43.46139],[-1.54308,43.46141],[-1.5427,43.46152],[-1.54326,43.46179],[-1.54373,43.462],[-1.54375,43.46201],[-1.54378,43.46196],[-1.54382,43.46185],[-1.54392,43.46161],[-1.54413,43.46161],[-1.54442,43.46162],[-1.54457,43.46162],[-1.5449,43.4616],[-1.54511,43.46168],[-1.54563,43.46188],[-1.54575,43.46193],[-1.546,43.46168],[-1.54652,43.46119],[-1.54661,43.46123],[-1.54662,43.46123],[-1.54662,43.46126],[-1.54663,43.46131],[-1.54662,43.46135],[-1.54661,43.46139],[-1.5466,43.46142],[-1.54654,43.4615],[-1.54643,43.46165],[-1.54642,43.46169],[-1.54642,43.46172],[-1.54643,43.46174],[-1.54645,43.46176],[-1.54649,43.46178],[-1.54651,43.46177],[-1.54662,43.46182],[-1.5466,43.46184],[-1.54655,43.46191],[-1.54661,43.46194],[-1.54661,43.46194],[-1.54619,43.46235],[-1.54621,43.46246],[-1.54576,43.46224],[-1.54539,43.46249],[-1.54533,43.46255],[-1.54521,43.4625],[-1.54517,43.46254],[-1.54403,43.46368],[-1.54398,43.46373],[-1.54365,43.46406],[-1.54343,43.46407],[-1.54318,43.46408],[-1.54309,43.46408],[-1.54288,43.46421],[-1.54256,43.46409],[-1.54211,43.46393],[-1.542,43.46411],[-1.54186,43.46425],[-1.54186,43.46425],[-1.54184,43.46427],[-1.54148,43.46414]]]]},"geometry_name":"the_geom","properties":{"libelle":"UY","libelong":"UY","typezone":"U"}},{"type":"Feature","id":"zone_urba.3130377","geometry":{"type":"MultiPolygon","coordinates":[[[[-1.53588,43.45976],[-1.53589,43.45971],[-1.53589,43.45971],[-1.53603,43.45971],[-1.53651,43.45973],[-1.5366,43.45973],[-1.5366,43.45983],[-1.53659,43.46009],[-1.53659,43.46029],[-1.53658,43.46062],[-1.53621,43.46073],[-1.53599,43.46076],[-1.53589,43.4608],[-1.53558,43.46092],[-1.53566,43.46064],[-1.5357,43.46045],[-1.53576,43.46023],[-1.53587,43.4598],[-1.53588,43.45976]]]]},"geometry_name":"the_geom","properties":{"libelle":"UDa","libelong":"UDa","typezone":"U"}},{"type":"Feature","id":"zone_urba.3130274","geometry":{"type":"MultiPolygon","coordinates":[[[[-1.56244,43.45965],[-1.56247,43.4596],[-1.5629,43.45958],[-1.56314,43.45958],[-1.5634,43.45956],[-1.56389,43.45944],[-1.56402,43.45941],[-1.56414,43.45933],[-1.56438,43.45921],[-1.56452,43.4591],[-1.56484,43.45895],[-1.56551,43.45891],[-1.56561,43.45891],[-1.56606,43.45893],[-1.56624,43.45894],[-1.56624,43.45893],[-1.56648,43.45894],[-1.56648,43.45894],[-1.56651,43.45894],[-1.56652,43.45894],[-1.56656,43.45894],[-1.5666,43.45905],[-1.56667,43.45914],[-1.5668,43.45922],[-1.56699,43.45929],[-1.56724,43.4593],[-1.56744,43.45932],[-1.56743,43.45934],[-1.56718,43.45981],[-1.5669,43.46029],[-1.56677,43.46051],[-1.56657,43.46073],[-1.56626,43.46093],[-1.56594,43.46105],[-1.56535,43.46117],[-1.56503,43.46122],[-1.56471,43.46123],[-1.56262,43.46105],[-1.56204,43.46057],[-1.56193,43.46047],[-1.56244,43.45965]]]]},"geometry_name":"the_geom","properties":{"libelle":"Na","libelong":"Na","typezone":"N"}},{"type":"Feature","id":"zone_urba.3130280","geometry":{"type":"MultiPolygon","coordinates":[[[[-1.55946,43.45934],[-1.55952,43.45923],[-1.55956,43.45909],[-1.55959,43.45894],[-1.55981,43.4588],[-1.56035,43.45859],[-1.56037,43.45862],[-1.56046,43.45874],[-1.56066,43.45894],[-1.56068,43.45896],[-1.5607,43.45898],[-1.56084,43.45911],[-1.56057,43.4592],[-1.56054,43.45921],[-1.56053,43.4592],[-1.56048,43.45922],[-1.56043,43.45923],[-1.56042,43.45924],[-1.56043,43.45928],[-1.56053,43.45962],[-1.56032,43.45968],[-1.56024,43.4597],[-1.56008,43.45975],[-1.55984,43.45982],[-1.55958,43.4599],[-1.55931,43.45998],[-1.55904,43.46006],[-1.55878,43.46014],[-1.55851,43.46022],[-1.55825,43.4603],[-1.55797,43.46039],[-1.55776,43.46001],[-1.55773,43.45997],[-1.55772,43.45994],[-1.55938,43.45938],[-1.55946,43.45934]]]]},"geometry_name":"the_geom","properties":{"libelle":"UDa","libelong":"UDa","typezone":"U"}},{"type":"Feature","id":"zone_urba.3130299","geometry":{"type":"MultiPolygon","coordinates":[[[[-1.55077,43.46363],[-1.55072,43.46363],[-1.55066,43.46363],[-1.55061,43.46364],[-1.55055,43.46366],[-1.55049,43.46368],[-1.55045,43.46369],[-1.55042,43.46371],[-1.55037,43.46373],[-1.55034,43.46375],[-1.55025,43.46375],[-1.55005,43.46374],[-1.5499,43.46374],[-1.54946,43.46372],[-1.54935,43.46372],[-1.54908,43.46371],[-1.54901,43.4637],[-1.5491,43.46353],[-1.54914,43.46353],[-1.54909,43.46327],[-1.54908,43.46323],[-1.54934,43.46316],[-1.5493,43.46312],[-1.54929,43.46311],[-1.54907,43.46291],[-1.54887,43.46274],[-1.54906,43.46264],[-1.54909,43.46262],[-1.54901,43.46255],[-1.5489,43.46245],[-1.54884,43.4624],[-1.54898,43.46221],[-1.54904,43.46213],[-1.54917,43.46197],[-1.5493,43.4618],[-1.54936,43.46172],[-1.54954,43.46149],[-1.54963,43.46158],[-1.54968,43.4616],[-1.54972,43.46163],[-1.54979,43.46167],[-1.54984,43.46171],[-1.54986,43.46172],[-1.54993,43.46178],[-1.5501,43.4619],[-1.55012,43.46192],[-1.55031,43.46206],[-1.55037,43.46212],[-1.55049,43.46221],[-1.5506,43.46229],[-1.55076,43.46241],[-1.5507,43.46246],[-1.55061,43.4625],[-1.55061,43.4625],[-1.55063,43.46258],[-1.55054,43.46263],[-1.55056,43.46267],[-1.55071,43.4629],[-1.55074,43.46294],[-1.55071,43.46295],[-1.55076,43.46302],[-1.55084,43.46299],[-1.55104,43.46334],[-1.55105,43.46335],[-1.55113,43.46348],[-1.55124,43.46366],[-1.55127,43.46371],[-1.55128,43.46378],[-1.55123,43.46375],[-1.55105,43.46368],[-1.55099,43.46366],[-1.55092,43.46364],[-1.55088,43.46364],[-1.55081,43.46363],[-1.55077,43.46363]]]]},"geometry_name":"the_geom","properties":{"libelle":"UDa","libelong":"UDa","typezone":"U"}},{"type":"Feature","id":"zone_urba.3130301","geometry":{"type":"MultiPolygon","coordinates":[[[[-1.55104,43.46334],[-1.55084,43.46299],[-1.55076,43.46302],[-1.55071,43.46295],[-1.55074,43.46294],[-1.55071,43.4629],[-1.55056,43.46267],[-1.55054,43.46263],[-1.55063,43.46258],[-1.55061,43.4625],[-1.55061,43.4625],[-1.5507,43.46246],[-1.55076,43.46241],[-1.5506,43.46229],[-1.55049,43.46221],[-1.55037,43.46212],[-1.55031,43.46206],[-1.55012,43.46192],[-1.5501,43.4619],[-1.54993,43.46178],[-1.54986,43.46172],[-1.54984,43.46171],[-1.54979,43.46167],[-1.54972,43.46163],[-1.54968,43.4616],[-1.54963,43.46158],[-1.54954,43.46149],[-1.54959,43.46143],[-1.54961,43.46141],[-1.54965,43.46135],[-1.54999,43.46152],[-1.55011,43.4616],[-1.55066,43.4619],[-1.55081,43.46201],[-1.551,43.46218],[-1.55126,43.46249],[-1.55152,43.46285],[-1.55176,43.46329],[-1.55178,43.46332],[-1.55197,43.46363],[-1.55187,43.46366],[-1.55143,43.4638],[-1.55135,43.46381],[-1.55128,43.46378],[-1.55127,43.46371],[-1.55124,43.46366],[-1.55113,43.46348],[-1.55105,43.46335],[-1.55104,43.46334]]]]},"geometry_name":"the_geom","properties":{"libelle":"UDa*","libelong":"UDa*","typezone":"U"}},{"type":"Feature","id":"zone_urba.3130344","geometry":{"type":"MultiPolygon","coordinates":[[[[-1.54859,43.46153],[-1.54869,43.46122],[-1.54887,43.46127],[-1.54899,43.46139],[-1.54913,43.46151],[-1.54922,43.4616],[-1.54916,43.46168],[-1.54903,43.46184],[-1.54903,43.46184],[-1.54891,43.46201],[-1.54885,43.4621],[-1.54872,43.46228],[-1.54872,43.46229],[-1.54861,43.4622],[-1.54848,43.46207],[-1.54869,43.46195],[-1.54874,43.46192],[-1.5486,43.4618],[-1.54857,43.46171],[-1.54859,43.46153]]]]},"geometry_name":"the_geom","properties":{"libelle":"UDa","libelong":"UDa","typezone":"U"}},{"type":"Feature","id":"zone_urba.3130319","geometry":{"type":"MultiPolygon","coordinates":[[[[-1.55976,43.46279],[-1.55977,43.46275],[-1.55978,43.46273],[-1.55979,43.46271],[-1.5598,43.46269],[-1.55982,43.46267],[-1.55984,43.46265],[-1.55985,43.46263],[-1.55987,43.46261],[-1.55989,43.46259],[-1.55991,43.46257],[-1.55993,43.46256],[-1.55996,43.46254],[-1.55998,43.46253],[-1.56,43.46251],[-1.56002,43.46249],[-1.56005,43.46248],[-1.56008,43.46245],[-1.56011,43.46244],[-1.56012,43.46243],[-1.56027,43.46244],[-1.56075,43.46249],[-1.56105,43.46251],[-1.56132,43.46254],[-1.56147,43.46175],[-1.5612,43.46165],[-1.56149,43.46122],[-1.56128,43.46113],[-1.56126,43.46114],[-1.56123,43.46116],[-1.5612,43.46117],[-1.56115,43.46119],[-1.56112,43.46121],[-1.56108,43.46122],[-1.56106,43.46124],[-1.56103,43.46125],[-1.56099,43.46127],[-1.56097,43.46128],[-1.56094,43.4613],[-1.56092,43.46131],[-1.56088,43.46134],[-1.56086,43.46135],[-1.56084,43.46136],[-1.56081,43.46139],[-1.56078,43.4614],[-1.56075,43.46142],[-1.56073,43.46144],[-1.56054,43.46137],[-1.5611,43.46084],[-1.56076,43.46075],[-1.56021,43.46128],[-1.56019,43.46128],[-1.56016,43.46128],[-1.56012,43.46127],[-1.56008,43.46127],[-1.56005,43.46127],[-1.56003,43.46127],[-1.55999,43.46127],[-1.55996,43.46126],[-1.55993,43.46126],[-1.55989,43.46126],[-1.55987,43.46126],[-1.55982,43.46126],[-1.55979,43.46126],[-1.55975,43.46126],[-1.55972,43.46125],[-1.55969,43.46125],[-1.55964,43.46125],[-1.55959,43.46125],[-1.55956,43.46125],[-1.55953,43.46125],[-1.55949,43.46125],[-1.55946,43.46125],[-1.55943,43.46125],[-1.5594,43.46125],[-1.55936,43.46125],[-1.55932,43.46125],[-1.5593,43.46125],[-1.55925,43.46125],[-1.55922,43.46125],[-1.55917,43.46125],[-1.55913,43.46125],[-1.55907,43.46126],[-1.55918,43.46079],[-1.5592,43.4607],[-1.55815,43.4607],[-1.55797,43.46039],[-1.55825,43.4603],[-1.55851,43.46022],[-1.55878,43.46014],[-1.55904,43.46006],[-1.55931,43.45998],[-1.55958,43.4599],[-1.55984,43.45982],[-1.56008,43.45975],[-1.56024,43.4597],[-1.56032,43.45968],[-1.56053,43.45962],[-1.56043,43.45928],[-1.56042,43.45924],[-1.56043,43.45923],[-1.56048,43.45922],[-1.56053,43.4592],[-1.56054,43.45921],[-1.56057,43.4592],[-1.56084,43.45911],[-1.5607,43.45898],[-1.56068,43.45896],[-1.56066,43.45894],[-1.56046,43.45874],[-1.56037,43.45862],[-1.56035,43.45859],[-1.56033,43.45858],[-1.56116,43.45809],[-1.56156,43.4579],[-1.56172,43.45781],[-1.56164,43.45781],[-1.56114,43.4576],[-1.5608,43.45712],[-1.55991,43.45736],[-1.5593,43.45764],[-1.55915,43.45786],[-1.55867,43.45815],[-1.55849,43.45825],[-1.55849,43.45825],[-1.55871,43.45839],[-1.55879,43.45848],[-1.55878,43.45857],[-1.5592,43.45852],[-1.55929,43.45858],[-1.55942,43.45867],[-1.55958,43.45888],[-1.55959,43.45894],[-1.55956,43.45909],[-1.55952,43.45923],[-1.55946,43.45934],[-1.55938,43.45938],[-1.55772,43.45994],[-1.5572,43.46046],[-1.55716,43.46053],[-1.55703,43.46101],[-1.55699,43.46099],[-1.55673,43.46097],[-1.55672,43.46081],[-1.5567,43.46077],[-1.55662,43.46059],[-1.55655,43.46047],[-1.55651,43.4604],[-1.55638,43.46019],[-1.55631,43.46009],[-1.55625,43.45999],[-1.55622,43.4599],[-1.55617,43.45971],[-1.55614,43.45971],[-1.55557,43.45975],[-1.55513,43.45978],[-1.5551,43.45978],[-1.55513,43.45937],[-1.55505,43.45938],[-1.555,43.4586],[-1.55495,43.45849],[-1.55496,43.45849],[-1.55503,43.45847],[-1.55541,43.45851],[-1.55545,43.45844],[-1.55555,43.45845],[-1.55627,43.45845],[-1.55644,43.45845],[-1.55645,43.45841],[-1.55637,43.45842],[-1.5563,43.45833],[-1.5563,43.4583],[-1.55631,43.45823],[-1.55631,43.45821],[-1.55631,43.45817],[-1.55637,43.45815],[-1.55641,43.45814],[-1.55644,43.45815],[-1.55652,43.45817],[-1.55695,43.45814],[-1.55727,43.45811],[-1.55765,43.45806],[-1.55802,43.45788],[-1.55829,43.45775],[-1.55836,43.4577],[-1.55855,43.45757],[-1.55868,43.45745],[-1.55885,43.45733],[-1.55901,43.45723],[-1.5592,43.45713],[-1.5596,43.45697],[-1.56002,43.45682],[-1.56035,43.45672],[-1.56069,43.45663],[-1.56085,43.4566],[-1.561,43.4566],[-1.56108,43.45662],[-1.56167,43.45674],[-1.56188,43.4568],[-1.56213,43.45685],[-1.56225,43.45689],[-1.56242,43.45691],[-1.56252,43.45691],[-1.56262,43.45689],[-1.56275,43.45683],[-1.56284,43.45677],[-1.56293,43.45669],[-1.56308,43.45661],[-1.56324,43.45653],[-1.56344,43.45645],[-1.5637,43.45637],[-1.56403,43.45626],[-1.56417,43.45621],[-1.56446,43.45612],[-1.56467,43.45607],[-1.56483,43.45604],[-1.56488,43.45604],[-1.56501,43.45606],[-1.56511,43.4561],[-1.56521,43.45614],[-1.56524,43.45615],[-1.56531,43.45616],[-1.56541,43.45618],[-1.56599,43.4561],[-1.566,43.4561],[-1.56601,43.45611],[-1.56603,43.45613],[-1.56605,43.45616],[-1.56608,43.4562],[-1.56608,43.4562],[-1.5661,43.45622],[-1.56612,43.45624],[-1.56614,43.45625],[-1.56617,43.45626],[-1.56618,43.45626],[-1.56621,43.45627],[-1.56623,43.45628],[-1.56624,43.45629],[-1.56627,43.45632],[-1.5663,43.45635],[-1.5663,43.45635],[-1.56631,43.45641],[-1.56631,43.45646],[-1.56632,43.45652],[-1.56632,43.45656],[-1.56632,43.4566],[-1.56634,43.45669],[-1.56636,43.45682],[-1.56638,43.45685],[-1.56641,43.45692],[-1.56644,43.45698],[-1.56643,43.45702],[-1.56647,43.45707],[-1.56647,43.45708],[-1.56649,43.45715],[-1.5665,43.45719],[-1.5665,43.45722],[-1.5665,43.45725],[-1.5665,43.45727],[-1.56651,43.45729],[-1.56652,43.4573],[-1.56653,43.45733],[-1.56655,43.45737],[-1.56657,43.45741],[-1.56658,43.45745],[-1.5666,43.45746],[-1.56664,43.45749],[-1.56664,43.4575],[-1.56665,43.45751],[-1.56673,43.45761],[-1.56676,43.45762],[-1.56681,43.45763],[-1.56683,43.45765],[-1.56686,43.45767],[-1.5669,43.4577],[-1.56693,43.45772],[-1.56694,43.45773],[-1.56696,43.45777],[-1.56697,43.45778],[-1.56701,43.45783],[-1.56705,43.45785],[-1.56712,43.45789],[-1.56715,43.45791],[-1.56716,43.45792],[-1.56719,43.45796],[-1.56722,43.45798],[-1.56725,43.45801],[-1.56728,43.45803],[-1.56729,43.45804],[-1.56732,43.45806],[-1.56734,43.45809],[-1.56739,43.45814],[-1.56741,43.45815],[-1.56744,43.45817],[-1.56746,43.45819],[-1.56749,43.45821],[-1.56751,43.45822],[-1.56754,43.45825],[-1.56756,43.45827],[-1.56758,43.45828],[-1.56761,43.45831],[-1.56765,43.45834],[-1.56767,43.45835],[-1.56771,43.45838],[-1.56778,43.45843],[-1.56784,43.45847],[-1.56785,43.45849],[-1.56786,43.45851],[-1.56788,43.45851],[-1.56792,43.45855],[-1.568,43.4586],[-1.56805,43.45864],[-1.56808,43.45866],[-1.5681,43.45868],[-1.5681,43.45869],[-1.5681,43.4587],[-1.5681,43.45872],[-1.56812,43.45874],[-1.56813,43.45877],[-1.56815,43.45879],[-1.56817,43.45881],[-1.5682,43.45884],[-1.56822,43.45886],[-1.56825,43.45888],[-1.56826,43.45889],[-1.56828,43.45891],[-1.5683,43.45893],[-1.56832,43.45895],[-1.56836,43.45899],[-1.5684,43.45901],[-1.56843,43.45904],[-1.56845,43.45905],[-1.56844,43.45906],[-1.56826,43.45919],[-1.56799,43.4594],[-1.56788,43.45951],[-1.56785,43.45954],[-1.56787,43.45955],[-1.56788,43.45955],[-1.56797,43.45961],[-1.56811,43.45964],[-1.56819,43.45965],[-1.56819,43.45959],[-1.56915,43.4596],[-1.5698,43.46011],[-1.56988,43.46018],[-1.57012,43.46025],[-1.57012,43.46025],[-1.5698,43.46039],[-1.56963,43.46054],[-1.56934,43.46084],[-1.56932,43.46093],[-1.56932,43.46111],[-1.56939,43.46131],[-1.56929,43.46132],[-1.56891,43.46135],[-1.56784,43.46175],[-1.56658,43.46196],[-1.56635,43.46201],[-1.56645,43.46185],[-1.56613,43.46183],[-1.56553,43.46179],[-1.56554,43.46174],[-1.56549,43.46174],[-1.56521,43.46175],[-1.5652,43.46178],[-1.56515,43.46214],[-1.56503,43.46211],[-1.56493,43.4621],[-1.56475,43.46208],[-1.56428,43.46214],[-1.56398,43.46218],[-1.56397,43.46218],[-1.56396,43.46222],[-1.5639,43.46236],[-1.56392,43.46249],[-1.56357,43.46252],[-1.56351,43.46248],[-1.56322,43.46245],[-1.56311,43.46243],[-1.56305,43.46237],[-1.56285,43.46219],[-1.56252,43.46217],[-1.5625,43.46243],[-1.56251,43.46253],[-1.56254,43.46264],[-1.56202,43.46267],[-1.56192,43.46267],[-1.56179,43.46277],[-1.56148,43.46288],[-1.56105,43.46297],[-1.56077,43.46294],[-1.56035,43.46287],[-1.55976,43.46279]],[[-1.56718,43.45981],[-1.56743,43.45934],[-1.56744,43.45932],[-1.56724,43.4593],[-1.56699,43.45929],[-1.5668,43.45922],[-1.56667,43.45914],[-1.5666,43.45905],[-1.56656,43.45894],[-1.56652,43.45894],[-1.56651,43.45894],[-1.56648,43.45894],[-1.56648,43.45894],[-1.56624,43.45893],[-1.56624,43.45894],[-1.56606,43.45893],[-1.56561,43.45891],[-1.56551,43.45891],[-1.56484,43.45895],[-1.56452,43.4591],[-1.56438,43.45921],[-1.56414,43.45933],[-1.56402,43.45941],[-1.56389,43.45944],[-1.5634,43.45956],[-1.56314,43.45958],[-1.5629,43.45958],[-1.56247,43.4596],[-1.56244,43.45965],[-1.56193,43.46047],[-1.56204,43.46057],[-1.56262,43.46105],[-1.56471,43.46123],[-1.56503,43.46122],[-1.56535,43.46117],[-1.56594,43.46105],[-1.56626,43.46093],[-1.56657,43.46073],[-1.56677,43.46051],[-1.5669,43.46029],[-1.56718,43.45981]]]]},"geometry_name":"the_geom","properties":{"libelle":"Ncu","libelong":"Ncu","typezone":"N"}},{"type":"Feature","id":"zone_urba.3130347","geometry":{"type":"MultiPolygon","coordinates":[[[[-1.56721,43.46581],[-1.56714,43.46553],[-1.56711,43.46537],[-1.56708,43.46522],[-1.56659,43.46509],[-1.5663,43.46501],[-1.5663,43.46504],[-1.56613,43.46504],[-1.56582,43.46503],[-1.56553,43.46502],[-1.56551,43.46502],[-1.56513,43.465],[-1.56516,43.46496],[-1.56496,43.46484],[-1.56489,43.46486],[-1.56473,43.46477],[-1.5647,43.46478],[-1.56459,43.4647],[-1.56438,43.46469],[-1.56433,43.46463],[-1.56412,43.46472],[-1.56404,43.46458],[-1.56355,43.4648],[-1.56338,43.46485],[-1.56332,43.46484],[-1.5633,43.46484],[-1.56323,43.46483],[-1.56291,43.46476],[-1.56271,43.46471],[-1.56261,43.46476],[-1.56259,43.46481],[-1.56245,43.46497],[-1.56241,43.46497],[-1.56229,43.46498],[-1.56221,43.46497],[-1.56221,43.46497],[-1.5619,43.46493],[-1.56162,43.46489],[-1.56156,43.46478],[-1.5611,43.46458],[-1.5611,43.46458],[-1.5611,43.46462],[-1.56111,43.46464],[-1.56072,43.46471],[-1.56046,43.46473],[-1.5601,43.46475],[-1.56005,43.46476],[-1.55979,43.46478],[-1.55951,43.4648],[-1.55952,43.46464],[-1.55952,43.4646],[-1.55947,43.4646],[-1.55934,43.46459],[-1.5588,43.4646],[-1.55876,43.46442],[-1.55812,43.46444],[-1.55792,43.46438],[-1.55778,43.46434],[-1.55774,43.46432],[-1.55748,43.46424],[-1.55673,43.46432],[-1.55661,43.46433],[-1.55646,43.46435],[-1.55642,43.46435],[-1.55623,43.46429],[-1.55617,43.46428],[-1.55593,43.4642],[-1.55582,43.46417],[-1.55555,43.46409],[-1.55549,43.46407],[-1.55543,43.46406],[-1.55526,43.46436],[-1.55519,43.46437],[-1.55483,43.46428],[-1.55453,43.4642],[-1.55444,43.46418],[-1.55421,43.46412],[-1.55412,43.4641],[-1.55407,43.46408],[-1.55382,43.46402],[-1.5538,43.46406],[-1.5533,43.46401],[-1.55323,43.464],[-1.55284,43.46396],[-1.55276,43.46384],[-1.55324,43.46368],[-1.55338,43.46363],[-1.55393,43.46376],[-1.55394,43.46374],[-1.554,43.4636],[-1.55403,43.46354],[-1.55423,43.46309],[-1.55423,43.46299],[-1.55419,43.46216],[-1.55482,43.46212],[-1.5549,43.46212],[-1.55494,43.46212],[-1.555,43.46212],[-1.55505,43.46212],[-1.55508,43.46212],[-1.55513,43.46212],[-1.55515,43.46212],[-1.55518,43.46212],[-1.55525,43.46212],[-1.5553,43.46212],[-1.55533,43.46212],[-1.55534,43.46212],[-1.5554,43.46212],[-1.55542,43.46213],[-1.55544,43.46213],[-1.55547,43.46213],[-1.55552,43.46213],[-1.55557,43.46214],[-1.55559,43.46214],[-1.55561,43.46214],[-1.55563,43.46214],[-1.55567,43.46215],[-1.55571,43.46215],[-1.55575,43.46216],[-1.5558,43.46217],[-1.55585,43.46217],[-1.5559,43.46218],[-1.55597,43.46219],[-1.55604,43.46221],[-1.55609,43.46222],[-1.55617,43.46222],[-1.55617,43.4621],[-1.55619,43.4613],[-1.55576,43.4613],[-1.55514,43.46129],[-1.5549,43.46129],[-1.5549,43.46134],[-1.5549,43.46137],[-1.55492,43.46169],[-1.55475,43.4617],[-1.55479,43.46201],[-1.55479,43.46204],[-1.55451,43.46205],[-1.55435,43.46206],[-1.5543,43.46151],[-1.55432,43.46143],[-1.55447,43.46096],[-1.55456,43.46086],[-1.55298,43.46107],[-1.55278,43.46107],[-1.55248,43.4601],[-1.55247,43.46009],[-1.55246,43.46004],[-1.55173,43.46017],[-1.55123,43.46029],[-1.5506,43.46047],[-1.55014,43.46065],[-1.54994,43.46074],[-1.54984,43.46084],[-1.54986,43.46077],[-1.54986,43.46073],[-1.54986,43.46059],[-1.54986,43.46046],[-1.54963,43.46047],[-1.54963,43.46044],[-1.54954,43.46017],[-1.54954,43.46016],[-1.54926,43.45986],[-1.54919,43.45979],[-1.54973,43.45942],[-1.5497,43.45938],[-1.54966,43.45932],[-1.54965,43.4593],[-1.54938,43.45889],[-1.54932,43.4588],[-1.54935,43.45877],[-1.54942,43.45873],[-1.54939,43.4587],[-1.54933,43.45863],[-1.54927,43.45856],[-1.54946,43.45849],[-1.54965,43.45841],[-1.5497,43.45839],[-1.54981,43.45835],[-1.54993,43.45829],[-1.55001,43.45826],[-1.55037,43.45809],[-1.55062,43.45796],[-1.55111,43.45768],[-1.55133,43.45754],[-1.55175,43.45726],[-1.55181,43.45721],[-1.55212,43.45702],[-1.55244,43.45682],[-1.55272,43.45665],[-1.55295,43.45649],[-1.55307,43.4564],[-1.5534,43.45604],[-1.55351,43.45593],[-1.55356,43.45586],[-1.55369,43.45574],[-1.55373,43.45573],[-1.55378,43.4557],[-1.55388,43.4556],[-1.55401,43.45549],[-1.5546,43.45515],[-1.55465,43.45512],[-1.55479,43.45508],[-1.55501,43.455],[-1.55527,43.45491],[-1.55537,43.45487],[-1.5556,43.45479],[-1.55572,43.45474],[-1.55585,43.45468],[-1.5559,43.45466],[-1.55595,43.45473],[-1.55601,43.45483],[-1.55598,43.45486],[-1.55591,43.45491],[-1.55589,43.45492],[-1.55579,43.45499],[-1.5558,43.455],[-1.55575,43.45503],[-1.55573,43.45503],[-1.5556,43.45514],[-1.55559,43.45515],[-1.55558,43.45517],[-1.55556,43.45519],[-1.55554,43.4552],[-1.55553,43.4552],[-1.55552,43.4552],[-1.5555,43.45521],[-1.55546,43.45524],[-1.55545,43.45525],[-1.55545,43.45526],[-1.55543,43.45527],[-1.55542,43.45528],[-1.55541,43.45528],[-1.5554,43.45529],[-1.55541,43.4553],[-1.55537,43.45532],[-1.55533,43.45535],[-1.55526,43.45541],[-1.55524,43.45546],[-1.5552,43.45548],[-1.55514,43.45556],[-1.55518,43.45562],[-1.55504,43.4557],[-1.555,43.45569],[-1.55485,43.45573],[-1.55472,43.45576],[-1.55463,43.45586],[-1.55448,43.45597],[-1.55438,43.45603],[-1.55417,43.45622],[-1.55414,43.45627],[-1.55413,43.45632],[-1.55358,43.45602],[-1.55352,43.45609],[-1.55344,43.45616],[-1.55337,43.45623],[-1.55351,43.45631],[-1.55347,43.45635],[-1.5535,43.45637],[-1.55349,43.45637],[-1.55333,43.45651],[-1.55331,43.4565],[-1.55325,43.45669],[-1.55335,43.45689],[-1.55329,43.45716],[-1.55302,43.45732],[-1.55295,43.45725],[-1.55289,43.45728],[-1.55286,43.45729],[-1.5529,43.45736],[-1.5529,43.45737],[-1.55294,43.45748],[-1.55296,43.45756],[-1.55295,43.45759],[-1.55292,43.45762],[-1.55298,43.45765],[-1.5531,43.45771],[-1.55323,43.45777],[-1.55356,43.45794],[-1.5538,43.45806],[-1.55412,43.45824],[-1.55438,43.45817],[-1.55446,43.45819],[-1.55464,43.45824],[-1.55477,43.45831],[-1.55486,43.45839],[-1.55495,43.45849],[-1.555,43.4586],[-1.55505,43.45938],[-1.55513,43.45937],[-1.5551,43.45978],[-1.55513,43.45978],[-1.55557,43.45975],[-1.55614,43.45971],[-1.55617,43.45971],[-1.55622,43.4599],[-1.55625,43.45999],[-1.55631,43.46009],[-1.55638,43.46019],[-1.55651,43.4604],[-1.55655,43.46047],[-1.55662,43.46059],[-1.5567,43.46077],[-1.55672,43.46081],[-1.55673,43.46097],[-1.55699,43.46099],[-1.55703,43.46101],[-1.55724,43.46119],[-1.55748,43.4614],[-1.55765,43.46155],[-1.55783,43.46172],[-1.55799,43.46184],[-1.55808,43.46189],[-1.5582,43.46195],[-1.55849,43.46208],[-1.55854,43.46211],[-1.5587,43.46223],[-1.55891,43.4624],[-1.55928,43.46272],[-1.55976,43.46279],[-1.56035,43.46287],[-1.56077,43.46294],[-1.56105,43.46297],[-1.56148,43.46288],[-1.56179,43.46277],[-1.56192,43.46267],[-1.56202,43.46267],[-1.56254,43.46264],[-1.56251,43.46253],[-1.5625,43.46243],[-1.56252,43.46217],[-1.56285,43.46219],[-1.56305,43.46237],[-1.56311,43.46243],[-1.56322,43.46245],[-1.56351,43.46248],[-1.56357,43.46252],[-1.56392,43.46249],[-1.5639,43.46236],[-1.56396,43.46222],[-1.56397,43.46218],[-1.56398,43.46218],[-1.56428,43.46214],[-1.56475,43.46208],[-1.56493,43.4621],[-1.56503,43.46211],[-1.56515,43.46214],[-1.5652,43.46178],[-1.56521,43.46175],[-1.56549,43.46174],[-1.56554,43.46174],[-1.56553,43.46179],[-1.56613,43.46183],[-1.56645,43.46185],[-1.56635,43.46201],[-1.56631,43.46207],[-1.56548,43.46231],[-1.56534,43.46235],[-1.56525,43.4624],[-1.56523,43.46242],[-1.56532,43.46243],[-1.56544,43.46245],[-1.56551,43.46246],[-1.56562,43.46248],[-1.56587,43.46251],[-1.56608,43.46254],[-1.56614,43.46256],[-1.56606,43.46276],[-1.56601,43.46294],[-1.56596,43.46308],[-1.56594,43.46312],[-1.5663,43.46316],[-1.56779,43.46333],[-1.56805,43.46336],[-1.56819,43.46338],[-1.56817,43.46286],[-1.56814,43.46231],[-1.56813,43.46228],[-1.56813,43.46225],[-1.5683,43.46229],[-1.56862,43.46235],[-1.56926,43.4619],[-1.56933,43.46184],[-1.56947,43.46138],[-1.56939,43.46131],[-1.5695,43.46132],[-1.56959,43.46139],[-1.56972,43.46147],[-1.56982,43.46152],[-1.56988,43.46155],[-1.57042,43.46182],[-1.57057,43.46188],[-1.57065,43.46214],[-1.57068,43.46262],[-1.5725,43.46258],[-1.5725,43.46263],[-1.57251,43.46277],[-1.57252,43.46292],[-1.57244,43.46307],[-1.57243,43.46309],[-1.57242,43.46312],[-1.57241,43.46314],[-1.57234,43.46328],[-1.57232,43.46331],[-1.57178,43.46317],[-1.5716,43.46327],[-1.57158,43.46342],[-1.57158,43.46343],[-1.57156,43.46354],[-1.57156,43.46355],[-1.57155,43.46359],[-1.57155,43.46363],[-1.57153,43.46376],[-1.57153,43.46379],[-1.57152,43.46388],[-1.57152,43.46392],[-1.57112,43.46392],[-1.57081,43.46391],[-1.57067,43.46392],[-1.57068,43.46398],[-1.57075,43.46422],[-1.57081,43.46434],[-1.57089,43.46446],[-1.5711,43.46453],[-1.57131,43.46462],[-1.57152,43.46471],[-1.5716,43.46475],[-1.57164,43.46476],[-1.57166,43.46478],[-1.57168,43.4648],[-1.57171,43.46485],[-1.57172,43.46491],[-1.57177,43.46486],[-1.57184,43.46478],[-1.5719,43.46471],[-1.57244,43.4636],[-1.57267,43.46363],[-1.57271,43.46359],[-1.573,43.46332],[-1.57309,43.46326],[-1.57316,43.46321],[-1.57315,43.4632],[-1.57318,43.4632],[-1.57341,43.46317],[-1.57343,43.46317],[-1.57363,43.46315],[-1.57377,43.46314],[-1.57385,43.46313],[-1.57398,43.46312],[-1.57402,43.46312],[-1.57405,43.46312],[-1.57414,43.46311],[-1.57432,43.46309],[-1.57446,43.46308],[-1.57447,43.46308],[-1.57464,43.46307],[-1.57471,43.46306],[-1.5751,43.4631],[-1.57514,43.46314],[-1.57415,43.46382],[-1.57388,43.46408],[-1.57331,43.46457],[-1.57307,43.46476],[-1.57296,43.46481],[-1.57269,43.46492],[-1.57219,43.46508],[-1.57197,43.46515],[-1.57183,43.46515],[-1.57177,43.46524],[-1.57179,43.46536],[-1.57175,43.46531],[-1.57173,43.4653],[-1.57149,43.46529],[-1.57145,43.46532],[-1.57136,43.46537],[-1.57111,43.4654],[-1.57097,43.46541],[-1.57073,43.46542],[-1.57049,43.46543],[-1.5704,43.46543],[-1.57039,43.46544],[-1.57011,43.46555],[-1.56969,43.46576],[-1.56927,43.46597],[-1.56899,43.46611],[-1.56855,43.46603],[-1.56851,43.46603],[-1.56825,43.46598],[-1.56821,43.46598],[-1.56792,43.46593],[-1.56787,43.46592],[-1.56752,43.46587],[-1.56721,43.46583],[-1.56721,43.46581]]]]},"geometry_name":"the_geom","properties":{"libelle":"UDa","libelong":"UDa","typezone":"U"}},{"type":"Feature","id":"zone_urba.3130385","geometry":{"type":"MultiPolygon","coordinates":[[[[-1.53965,43.46145],[-1.53961,43.46091],[-1.53912,43.46093],[-1.53907,43.46018],[-1.53907,43.46016],[-1.53906,43.46012],[-1.53946,43.46007],[-1.54018,43.45997],[-1.54054,43.45996],[-1.54119,43.45995],[-1.54129,43.45996],[-1.54128,43.45998],[-1.54127,43.46008],[-1.54105,43.46079],[-1.54124,43.46081],[-1.54179,43.46086],[-1.54177,43.46096],[-1.54174,43.46108],[-1.54203,43.46121],[-1.54183,43.46137],[-1.54176,43.46144],[-1.54174,43.46152],[-1.54174,43.46155],[-1.54136,43.46148],[-1.54084,43.46144],[-1.54066,43.46145],[-1.53966,43.46149],[-1.53965,43.46145]]]]},"geometry_name":"the_geom","properties":{"libelle":"UG","libelong":"UG","typezone":"U"}},{"type":"Feature","id":"zone_urba.3130244","geometry":{"type":"MultiPolygon","coordinates":[[[[-1.54794,43.46355],[-1.54884,43.4624],[-1.5489,43.46245],[-1.54901,43.46255],[-1.54909,43.46262],[-1.54906,43.46264],[-1.54887,43.46274],[-1.54907,43.46291],[-1.54929,43.46311],[-1.5493,43.46312],[-1.54934,43.46316],[-1.54908,43.46323],[-1.54861,43.46334],[-1.54808,43.46355],[-1.54786,43.46364],[-1.54794,43.46355]]]]},"geometry_name":"the_geom","properties":{"libelle":"UH","libelong":"UH","typezone":"U"}},{"type":"Feature","id":"zone_urba.3130251","geometry":{"type":"MultiPolygon","coordinates":[[[[-1.54786,43.46364],[-1.54808,43.46355],[-1.5481,43.46359],[-1.54824,43.46405],[-1.54807,43.46445],[-1.54774,43.4645],[-1.54754,43.46452],[-1.54752,43.46452],[-1.54735,43.46454],[-1.54726,43.46455],[-1.54724,43.46455],[-1.5472,43.46454],[-1.54719,43.46454],[-1.5472,43.46453],[-1.54744,43.4642],[-1.54772,43.46383],[-1.54775,43.46379],[-1.54781,43.46371],[-1.54786,43.46364]]]]},"geometry_name":"the_geom","properties":{"libelle":"UDi","libelong":"UDi","typezone":"U"}},{"type":"Feature","id":"zone_urba.3130267","geometry":{"type":"MultiPolygon","coordinates":[[[[-1.54517,43.46254],[-1.54521,43.4625],[-1.54533,43.46255],[-1.54556,43.46264],[-1.54575,43.46273],[-1.54564,43.46283],[-1.54549,43.46297],[-1.54547,43.46299],[-1.54539,43.46306],[-1.54515,43.46328],[-1.54507,43.46336],[-1.54494,43.46349],[-1.54481,43.4636],[-1.54449,43.46388],[-1.54445,43.46392],[-1.54435,43.46384],[-1.54403,43.46368],[-1.54517,43.46254]]]]},"geometry_name":"the_geom","properties":{"libelle":"UDa","libelong":"UDa","typezone":"U"}},{"type":"Feature","id":"zone_urba.3130257","geometry":{"type":"MultiPolygon","coordinates":[[[[-1.53863,43.46468],[-1.53844,43.46497],[-1.53843,43.46497],[-1.53844,43.46505],[-1.53847,43.46511],[-1.53851,43.46516],[-1.53853,43.46518],[-1.5387,43.46527],[-1.5392,43.46554],[-1.53919,43.46561],[-1.53914,43.46591],[-1.53908,43.4659],[-1.5387,43.46587],[-1.53789,43.46581],[-1.53756,43.46567],[-1.53744,43.46562],[-1.53741,43.46559],[-1.5373,43.46546],[-1.53676,43.46487],[-1.5369,43.46463],[-1.53709,43.46439],[-1.53724,43.46424],[-1.53777,43.46421],[-1.53792,43.4642],[-1.5386,43.46419],[-1.53895,43.46418],[-1.54039,43.46416],[-1.54055,43.46416],[-1.54057,43.46416],[-1.5406,43.46423],[-1.54064,43.46432],[-1.54073,43.46453],[-1.54079,43.46475],[-1.54049,43.46506],[-1.54031,43.46524],[-1.54006,43.46512],[-1.53991,43.46505],[-1.53982,43.46514],[-1.53863,43.46468]]]]},"geometry_name":"the_geom","properties":{"libelle":"Nhi*","libelong":"Nhi*","typezone":"N"}},{"type":"Feature","id":"zone_urba.3130275","geometry":{"type":"MultiPolygon","coordinates":[[[[-1.53792,43.4642],[-1.53777,43.46421],[-1.53724,43.46424],[-1.53727,43.46421],[-1.53753,43.4641],[-1.53776,43.46404],[-1.53796,43.46401],[-1.53821,43.464],[-1.53824,43.464],[-1.53831,43.46398],[-1.53904,43.46386],[-1.5397,43.46368],[-1.54012,43.46358],[-1.5403,43.46356],[-1.54038,43.46357],[-1.54044,43.46359],[-1.54088,43.46375],[-1.54111,43.46383],[-1.54078,43.4639],[-1.54049,43.46397],[-1.54057,43.46416],[-1.54055,43.46416],[-1.54039,43.46416],[-1.53895,43.46418],[-1.5386,43.46419],[-1.53792,43.4642]]]]},"geometry_name":"the_geom","properties":{"libelle":"Nh*","libelong":"Nh*","typezone":"N"}},{"type":"Feature","id":"zone_urba.3130349","geometry":{"type":"MultiPolygon","coordinates":[[[[-1.53716,43.46424],[-1.53724,43.46424],[-1.53709,43.46439],[-1.5369,43.46463],[-1.53676,43.46487],[-1.5373,43.46546],[-1.53741,43.46559],[-1.53732,43.46572],[-1.53707,43.466],[-1.53704,43.46603],[-1.537,43.46608],[-1.53642,43.46572],[-1.53479,43.46516],[-1.53479,43.46512],[-1.53482,43.46499],[-1.53491,43.46444],[-1.53492,43.4644],[-1.53528,43.46437],[-1.53571,43.46433],[-1.53716,43.46424]]]]},"geometry_name":"the_geom","properties":{"libelle":"UGi","libelong":"UGi","typezone":"U"}},{"type":"Feature","id":"zone_urba.3130352","geometry":{"type":"MultiPolygon","coordinates":[[[[-1.54581,43.46972],[-1.54494,43.46916],[-1.54459,43.46887],[-1.5441,43.46828],[-1.54357,43.46782],[-1.54343,43.46766],[-1.54343,43.46759],[-1.54477,43.46772],[-1.54487,43.4678],[-1.54489,43.46782],[-1.54575,43.46818],[-1.54576,43.46818],[-1.54587,43.4682],[-1.54594,43.46821],[-1.54639,43.46828],[-1.54651,43.46831],[-1.54657,43.46833],[-1.5467,43.46836],[-1.54677,43.46838],[-1.54687,43.4684],[-1.54691,43.46854],[-1.54698,43.46882],[-1.54715,43.46905],[-1.5472,43.46908],[-1.54727,43.46906],[-1.54745,43.46913],[-1.54753,43.46916],[-1.54758,43.46917],[-1.54767,43.46918],[-1.54773,43.46917],[-1.54782,43.46912],[-1.54791,43.46907],[-1.54797,43.46906],[-1.54806,43.46904],[-1.54815,43.46904],[-1.54815,43.46907],[-1.5482,43.46909],[-1.5483,43.4691],[-1.54824,43.46912],[-1.54816,43.46928],[-1.54795,43.46935],[-1.5477,43.46944],[-1.54768,43.46945],[-1.54738,43.46951],[-1.54703,43.46959],[-1.54687,43.46963],[-1.54667,43.46965],[-1.54638,43.46967],[-1.54631,43.46968],[-1.5461,43.4697],[-1.54589,43.46972],[-1.54581,43.46972]]]]},"geometry_name":"the_geom","properties":{"libelle":"UGi","libelong":"UGi","typezone":"U"}},{"type":"Feature","id":"zone_urba.3130308","geometry":{"type":"MultiPolygon","coordinates":[[[[-1.55047,43.46611],[-1.5515,43.46601],[-1.55152,43.46604],[-1.5516,43.46609],[-1.55176,43.46618],[-1.55191,43.46628],[-1.5521,43.46634],[-1.55227,43.46638],[-1.55242,43.4664],[-1.55245,43.4664],[-1.55252,43.46641],[-1.55253,43.46646],[-1.55245,43.46648],[-1.55233,43.46649],[-1.55223,43.4665],[-1.5521,43.46654],[-1.552,43.46657],[-1.55202,43.46659],[-1.55202,43.4666],[-1.55204,43.46668],[-1.55206,43.46675],[-1.55209,43.4669],[-1.5515,43.46693],[-1.55149,43.4669],[-1.55145,43.46679],[-1.55141,43.46674],[-1.55141,43.46667],[-1.55141,43.46666],[-1.55109,43.46662],[-1.55088,43.46655],[-1.55069,43.4663],[-1.55047,43.46611]]]]},"geometry_name":"the_geom","properties":{"libelle":"UGi","libelong":"UGi","typezone":"U"}},{"type":"Feature","id":"zone_urba.3130343","geometry":{"type":"MultiPolygon","coordinates":[[[[-1.5472,43.46238],[-1.54706,43.46225],[-1.54673,43.46229],[-1.54662,43.46196],[-1.54661,43.46194],[-1.54661,43.46194],[-1.54655,43.46191],[-1.5466,43.46184],[-1.54662,43.46182],[-1.54651,43.46177],[-1.54649,43.46178],[-1.54645,43.46176],[-1.54643,43.46174],[-1.54642,43.46172],[-1.54642,43.46169],[-1.54643,43.46165],[-1.54654,43.4615],[-1.5466,43.46142],[-1.54661,43.46139],[-1.54662,43.46135],[-1.54663,43.46131],[-1.54662,43.46126],[-1.54662,43.46123],[-1.54668,43.46127],[-1.54677,43.46131],[-1.54681,43.46133],[-1.54685,43.46136],[-1.54696,43.46141],[-1.54708,43.46147],[-1.54719,43.46136],[-1.54721,43.46134],[-1.54706,43.46126],[-1.54699,43.46123],[-1.54702,43.46121],[-1.54713,43.46111],[-1.54719,43.46113],[-1.54748,43.46126],[-1.54785,43.46152],[-1.54787,43.46153],[-1.54815,43.46179],[-1.54817,43.4618],[-1.54834,43.46196],[-1.54818,43.46197],[-1.54817,43.46197],[-1.54801,43.46199],[-1.54781,43.46209],[-1.54751,43.46223],[-1.54724,43.46236],[-1.5472,43.46238]]]]},"geometry_name":"the_geom","properties":{"libelle":"UDa","libelong":"UDa","typezone":"U"}},{"type":"Feature","id":"zone_urba.3130342","geometry":{"type":"MultiPolygon","coordinates":[[[[-1.54131,43.46401],[-1.54125,43.464],[-1.54122,43.464],[-1.54118,43.46401],[-1.54111,43.46383],[-1.54088,43.46375],[-1.54044,43.46359],[-1.54038,43.46357],[-1.5403,43.46356],[-1.54012,43.46358],[-1.5397,43.46368],[-1.53904,43.46386],[-1.53831,43.46398],[-1.53824,43.464],[-1.53821,43.464],[-1.53863,43.46306],[-1.53846,43.463],[-1.53796,43.46282],[-1.5377,43.46329],[-1.53741,43.46319],[-1.53735,43.46318],[-1.53582,43.46264],[-1.53561,43.46257],[-1.53528,43.4625],[-1.53532,43.46229],[-1.53547,43.46149],[-1.53549,43.46149],[-1.53573,43.46136],[-1.53587,43.46128],[-1.53639,43.46111],[-1.53643,43.4611],[-1.53647,43.46109],[-1.53687,43.46094],[-1.53692,43.46094],[-1.53692,43.46093],[-1.53692,43.46093],[-1.53713,43.46096],[-1.53721,43.46098],[-1.53801,43.46112],[-1.5384,43.46119],[-1.53854,43.46121],[-1.53855,43.46121],[-1.53856,43.46121],[-1.53858,43.4612],[-1.53858,43.4612],[-1.53892,43.46113],[-1.53895,43.46112],[-1.53913,43.46108],[-1.53912,43.46093],[-1.53961,43.46091],[-1.53965,43.46145],[-1.53966,43.46149],[-1.54066,43.46145],[-1.54084,43.46144],[-1.54136,43.46148],[-1.54174,43.46155],[-1.54175,43.4616],[-1.54176,43.46172],[-1.54191,43.46221],[-1.5421,43.46274],[-1.54214,43.46281],[-1.54222,43.46295],[-1.54219,43.46296],[-1.54218,43.46297],[-1.54213,43.463],[-1.54206,43.46306],[-1.54192,43.46327],[-1.54187,43.46334],[-1.54147,43.46396],[-1.54144,43.46398],[-1.54141,43.46399],[-1.54137,43.46401],[-1.54131,43.46401]]]]},"geometry_name":"the_geom","properties":{"libelle":"IAUy","libelong":"IAUy","typezone":"AUc"}},{"type":"Feature","id":"zone_urba.3130372","geometry":{"type":"MultiPolygon","coordinates":[[[[-1.54099,43.46628],[-1.54085,43.46621],[-1.54078,43.46616],[-1.54075,43.46615],[-1.54065,43.46611],[-1.54056,43.4661],[-1.54047,43.4661],[-1.54041,43.46609],[-1.54058,43.46592],[-1.54005,43.46565],[-1.53971,43.46548],[-1.53957,43.4654],[-1.53968,43.46529],[-1.53982,43.46514],[-1.53991,43.46505],[-1.54006,43.46512],[-1.54031,43.46524],[-1.54049,43.46506],[-1.54079,43.46475],[-1.54073,43.46453],[-1.54064,43.46432],[-1.5406,43.46423],[-1.5409,43.46417],[-1.54104,43.46414],[-1.5413,43.4641],[-1.54148,43.46414],[-1.54184,43.46427],[-1.54186,43.46425],[-1.54186,43.46425],[-1.542,43.46411],[-1.54211,43.46393],[-1.54256,43.46409],[-1.54288,43.46421],[-1.54309,43.46408],[-1.54318,43.46408],[-1.54343,43.46407],[-1.54365,43.46406],[-1.54247,43.46523],[-1.54161,43.4661],[-1.54125,43.46646],[-1.54117,43.46639],[-1.54099,43.46628]]]]},"geometry_name":"the_geom","properties":{"libelle":"UYi","libelong":"UYi","typezone":"U"}},{"type":"Feature","id":"zone_urba.3130375","geometry":{"type":"MultiPolygon","coordinates":[[[[-1.53858,43.47171],[-1.53777,43.47138],[-1.53772,43.47136],[-1.5373,43.47116],[-1.53728,43.47121],[-1.53724,43.47126],[-1.53711,43.47142],[-1.53707,43.47148],[-1.53647,43.47128],[-1.53665,43.47111],[-1.53744,43.47032],[-1.53821,43.46956],[-1.53835,43.46961],[-1.53908,43.46994],[-1.53961,43.47016],[-1.53943,43.4703],[-1.53922,43.47056],[-1.53926,43.47057],[-1.53952,43.47063],[-1.53947,43.47071],[-1.53933,43.47091],[-1.53927,43.47099],[-1.53923,43.47114],[-1.53921,43.47125],[-1.5392,43.47131],[-1.53914,43.47153],[-1.53866,43.47141],[-1.53858,43.47171]]]]},"geometry_name":"the_geom","properties":{"libelle":"IIAUy","libelong":"IIAUy","typezone":"AUs"}},{"type":"Feature","id":"zone_urba.3130405","geometry":{"type":"MultiPolygon","coordinates":[[[[-1.5531,43.46544],[-1.55326,43.46565],[-1.55245,43.46579],[-1.55207,43.46584],[-1.55201,43.46585],[-1.55195,43.46572],[-1.55193,43.46564],[-1.55189,43.46554],[-1.55187,43.46549],[-1.55184,43.46544],[-1.55172,43.46525],[-1.5517,43.46523],[-1.5517,43.46522],[-1.55176,43.4652],[-1.5518,43.46517],[-1.55185,43.46513],[-1.55189,43.4651],[-1.55192,43.46507],[-1.55194,43.46503],[-1.55196,43.465],[-1.55197,43.46499],[-1.55198,43.46495],[-1.55201,43.46482],[-1.55202,43.46478],[-1.55201,43.46471],[-1.55199,43.4646],[-1.55199,43.46459],[-1.55197,43.46451],[-1.55196,43.46447],[-1.5519,43.46434],[-1.55187,43.46428],[-1.55182,43.46422],[-1.55177,43.46415],[-1.5517,43.46407],[-1.55165,43.46402],[-1.55156,43.46395],[-1.55151,43.46391],[-1.55141,43.46385],[-1.55139,43.46383],[-1.55137,43.46382],[-1.55135,43.46381],[-1.55143,43.4638],[-1.55187,43.46366],[-1.55197,43.46363],[-1.55221,43.46403],[-1.55228,43.464],[-1.55243,43.46395],[-1.55276,43.46384],[-1.55284,43.46396],[-1.5529,43.46406],[-1.55301,43.46423],[-1.55317,43.46443],[-1.55329,43.4646],[-1.55335,43.46467],[-1.55341,43.46465],[-1.55343,43.46465],[-1.5537,43.46458],[-1.55391,43.46497],[-1.55419,43.46547],[-1.55414,43.46548],[-1.55408,43.4655],[-1.55407,43.46549],[-1.55397,43.46532],[-1.55381,43.46503],[-1.5538,43.46503],[-1.5538,43.46502],[-1.5538,43.46502],[-1.55379,43.46501],[-1.55378,43.46501],[-1.55377,43.46501],[-1.55377,43.465],[-1.55376,43.465],[-1.55375,43.46499],[-1.55374,43.46499],[-1.55374,43.46499],[-1.55373,43.46499],[-1.55372,43.46499],[-1.55371,43.46499],[-1.5537,43.46499],[-1.55369,43.46499],[-1.55368,43.46499],[-1.55367,43.46499],[-1.55366,43.46499],[-1.55366,43.46499],[-1.55348,43.46503],[-1.55305,43.46513],[-1.55288,43.46516],[-1.55302,43.46534],[-1.5531,43.46544]]]]},"geometry_name":"the_geom","properties":{"libelle":"UDi*","libelong":"UDi*","typezone":"U"}},{"type":"Feature","id":"zone_urba.3130254","geometry":{"type":"MultiPolygon","coordinates":[[[[-1.54818,43.46197],[-1.54834,43.46196],[-1.54848,43.46207],[-1.54861,43.4622],[-1.54872,43.46229],[-1.54763,43.46367],[-1.54756,43.46376],[-1.54753,43.46371],[-1.54736,43.46306],[-1.54728,43.46269],[-1.5472,43.46238],[-1.54724,43.46236],[-1.54751,43.46223],[-1.54781,43.46209],[-1.54801,43.46199],[-1.54817,43.46197],[-1.54818,43.46197]]]]},"geometry_name":"the_geom","properties":{"libelle":"UH","libelong":"UH","typezone":"U"}},{"type":"Feature","id":"zone_urba.3130265","geometry":{"type":"MultiPolygon","coordinates":[[[[-1.5467,43.46109],[-1.5476,43.46021],[-1.54794,43.46042],[-1.54788,43.46047],[-1.54764,43.46068],[-1.54735,43.46094],[-1.54728,43.4609],[-1.54714,43.46105],[-1.54709,43.46109],[-1.54713,43.46111],[-1.54702,43.46121],[-1.54699,43.46123],[-1.54698,43.46123],[-1.54689,43.46118],[-1.54684,43.46115],[-1.54673,43.4611],[-1.5467,43.46109]]]]},"geometry_name":"the_geom","properties":{"libelle":"UY*","libelong":"UY*","typezone":"U"}},{"type":"Feature","id":"zone_urba.3130285","geometry":{"type":"MultiPolygon","coordinates":[[[[-1.54701,43.46449],[-1.54695,43.46447],[-1.54688,43.46448],[-1.54678,43.46403],[-1.54675,43.46393],[-1.54674,43.46389],[-1.54742,43.4638],[-1.54756,43.46376],[-1.54751,43.46382],[-1.5475,43.46383],[-1.54739,43.46398],[-1.54722,43.4642],[-1.54715,43.4643],[-1.54701,43.46449]]]]},"geometry_name":"the_geom","properties":{"libelle":"UDi","libelong":"UDi","typezone":"U"}},{"type":"Feature","id":"zone_urba.3130353","geometry":{"type":"MultiPolygon","coordinates":[[[[-1.54161,43.4661],[-1.54247,43.46523],[-1.54365,43.46406],[-1.54398,43.46373],[-1.54403,43.46368],[-1.54435,43.46384],[-1.54432,43.46388],[-1.54418,43.46405],[-1.54432,43.46423],[-1.54451,43.46447],[-1.54471,43.46473],[-1.5449,43.46497],[-1.5451,43.46523],[-1.54517,43.46532],[-1.54525,43.46542],[-1.54412,43.46569],[-1.54376,43.46536],[-1.54365,43.46543],[-1.54365,43.46544],[-1.54286,43.4661],[-1.5428,43.46614],[-1.54267,43.46626],[-1.54173,43.46612],[-1.54161,43.4661]]]]},"geometry_name":"the_geom","properties":{"libelle":"Nhi*","libelong":"Nhi*","typezone":"N"}},{"type":"Feature","id":"zone_urba.3130290","geometry":{"type":"MultiPolygon","coordinates":[[[[-1.5392,43.46554],[-1.5392,43.46554],[-1.5387,43.46527],[-1.53853,43.46518],[-1.53851,43.46516],[-1.53847,43.46511],[-1.53844,43.46505],[-1.53843,43.46497],[-1.53844,43.46497],[-1.53863,43.46468],[-1.53982,43.46514],[-1.53968,43.46529],[-1.53957,43.4654],[-1.53971,43.46548],[-1.54005,43.46565],[-1.54058,43.46592],[-1.54041,43.46609],[-1.54047,43.4661],[-1.54056,43.4661],[-1.54065,43.46611],[-1.54075,43.46615],[-1.54078,43.46616],[-1.54085,43.46621],[-1.54099,43.46628],[-1.54117,43.46639],[-1.54125,43.46646],[-1.54173,43.46661],[-1.54205,43.46662],[-1.54208,43.46662],[-1.54209,43.46662],[-1.54196,43.46668],[-1.54184,43.46673],[-1.54131,43.46696],[-1.541,43.46698],[-1.54097,43.46701],[-1.5409,43.46708],[-1.5409,43.46709],[-1.54087,43.46711],[-1.54069,43.46714],[-1.5405,43.46718],[-1.53971,43.46711],[-1.5397,43.46703],[-1.53967,43.46682],[-1.53966,43.46679],[-1.53964,43.46663],[-1.53964,43.46653],[-1.53966,43.46648],[-1.53968,43.46643],[-1.53966,43.46642],[-1.53962,43.46641],[-1.53957,43.4664],[-1.53958,43.46636],[-1.5396,43.46628],[-1.5396,43.46626],[-1.5396,43.46623],[-1.53959,43.46607],[-1.53958,43.46599],[-1.53957,43.46596],[-1.53956,43.46595],[-1.53957,43.46594],[-1.53965,43.46585],[-1.53963,43.46584],[-1.53963,43.46584],[-1.53968,43.46579],[-1.5395,43.4657],[-1.5392,43.46554]]]]},"geometry_name":"the_geom","properties":{"libelle":"UYt","libelong":"UYt","typezone":"U"}},{"type":"Feature","id":"zone_urba.3130294","geometry":{"type":"MultiPolygon","coordinates":[[[[-1.5405,43.46718],[-1.5398,43.46798],[-1.53912,43.46865],[-1.53914,43.46883],[-1.53919,43.46968],[-1.53917,43.46973],[-1.53914,43.4698],[-1.5391,43.4699],[-1.53908,43.46994],[-1.53835,43.46961],[-1.53821,43.46956],[-1.53744,43.47032],[-1.53723,43.47033],[-1.53451,43.47042],[-1.53441,43.46881],[-1.53446,43.46849],[-1.53453,43.46806],[-1.53462,43.46753],[-1.53461,43.46631],[-1.53464,43.46611],[-1.53469,43.4658],[-1.53471,43.46562],[-1.53473,43.46553],[-1.53477,43.46529],[-1.53478,43.46521],[-1.53479,43.46516],[-1.53642,43.46572],[-1.537,43.46608],[-1.53704,43.46603],[-1.53707,43.466],[-1.53732,43.46572],[-1.53741,43.46559],[-1.53744,43.46562],[-1.53756,43.46567],[-1.53789,43.46581],[-1.5387,43.46587],[-1.53908,43.4659],[-1.53914,43.46591],[-1.53919,43.46561],[-1.5392,43.46554],[-1.5392,43.46554],[-1.5395,43.4657],[-1.53968,43.46579],[-1.53963,43.46584],[-1.53963,43.46584],[-1.53965,43.46585],[-1.53957,43.46594],[-1.53956,43.46595],[-1.53957,43.46596],[-1.53958,43.46599],[-1.53959,43.46607],[-1.5396,43.46623],[-1.5396,43.46626],[-1.5396,43.46628],[-1.53958,43.46636],[-1.53957,43.4664],[-1.53962,43.46641],[-1.53966,43.46642],[-1.53968,43.46643],[-1.53966,43.46648],[-1.53964,43.46653],[-1.53964,43.46663],[-1.53966,43.46679],[-1.53967,43.46682],[-1.5397,43.46703],[-1.53971,43.46711],[-1.5405,43.46718]]]]},"geometry_name":"the_geom","properties":{"libelle":"Nb","libelong":"Nb","typezone":"N"}},{"type":"Feature","id":"zone_urba.3130298","geometry":{"type":"MultiPolygon","coordinates":[[[[-1.55259,43.4667],[-1.55258,43.46669],[-1.55256,43.46669],[-1.55206,43.46675],[-1.55204,43.46668],[-1.55202,43.4666],[-1.55202,43.46659],[-1.552,43.46657],[-1.5521,43.46654],[-1.55223,43.4665],[-1.55233,43.46649],[-1.55245,43.46648],[-1.55253,43.46646],[-1.55252,43.46641],[-1.55245,43.4664],[-1.55242,43.4664],[-1.55227,43.46638],[-1.5521,43.46634],[-1.55191,43.46628],[-1.55176,43.46618],[-1.5516,43.46609],[-1.55152,43.46604],[-1.5515,43.46601],[-1.55133,43.46589],[-1.5513,43.46587],[-1.55115,43.46574],[-1.55111,43.4657],[-1.55108,43.46568],[-1.55101,43.46566],[-1.55095,43.46567],[-1.55082,43.46563],[-1.55064,43.46558],[-1.55051,43.46555],[-1.55038,43.46553],[-1.55032,43.46551],[-1.55028,43.4655],[-1.55023,43.46546],[-1.55019,43.46539],[-1.55019,43.46536],[-1.55013,43.46511],[-1.5501,43.46494],[-1.55009,43.46492],[-1.55005,43.46491],[-1.55003,43.46487],[-1.55002,43.46486],[-1.55,43.46483],[-1.5499,43.46475],[-1.54978,43.46464],[-1.54972,43.46455],[-1.54967,43.46448],[-1.54962,43.46436],[-1.54954,43.46423],[-1.54951,43.46418],[-1.54945,43.46411],[-1.54938,43.46401],[-1.54933,43.46395],[-1.54897,43.46379],[-1.54901,43.4637],[-1.54908,43.46371],[-1.54935,43.46372],[-1.54946,43.46372],[-1.5499,43.46374],[-1.55005,43.46374],[-1.55025,43.46375],[-1.55034,43.46375],[-1.55037,43.46373],[-1.55042,43.46371],[-1.55045,43.46369],[-1.55049,43.46368],[-1.55055,43.46366],[-1.55061,43.46364],[-1.55066,43.46363],[-1.55072,43.46363],[-1.55077,43.46363],[-1.55081,43.46363],[-1.55088,43.46364],[-1.55092,43.46364],[-1.55099,43.46366],[-1.55105,43.46368],[-1.55123,43.46375],[-1.55128,43.46378],[-1.55135,43.46381],[-1.55137,43.46382],[-1.55139,43.46383],[-1.55141,43.46385],[-1.55151,43.46391],[-1.55156,43.46395],[-1.55165,43.46402],[-1.5517,43.46407],[-1.55177,43.46415],[-1.55182,43.46422],[-1.55187,43.46428],[-1.5519,43.46434],[-1.55196,43.46447],[-1.55197,43.46451],[-1.55199,43.46459],[-1.55199,43.4646],[-1.55201,43.46471],[-1.55202,43.46478],[-1.55201,43.46482],[-1.55198,43.46495],[-1.55197,43.46499],[-1.55196,43.465],[-1.55194,43.46503],[-1.55192,43.46507],[-1.55189,43.4651],[-1.55185,43.46513],[-1.5518,43.46517],[-1.55176,43.4652],[-1.5517,43.46522],[-1.5517,43.46523],[-1.55172,43.46525],[-1.55184,43.46544],[-1.55187,43.46549],[-1.55189,43.46554],[-1.55193,43.46564],[-1.55195,43.46572],[-1.55201,43.46585],[-1.55202,43.46589],[-1.55207,43.46599],[-1.55211,43.46606],[-1.55215,43.46612],[-1.55219,43.46615],[-1.55223,43.46619],[-1.55227,43.46622],[-1.55233,43.46626],[-1.5524,43.4663],[-1.55248,43.46633],[-1.55256,43.46637],[-1.55266,43.4664],[-1.55276,43.46642],[-1.55286,43.46644],[-1.55296,43.46645],[-1.55306,43.46644],[-1.55307,43.4665],[-1.55286,43.46652],[-1.55294,43.46681],[-1.55287,43.46682],[-1.55261,43.46684],[-1.55259,43.4667]]]]},"geometry_name":"the_geom","properties":{"libelle":"UDi","libelong":"UDi","typezone":"U"}},{"type":"Feature","id":"zone_urba.3130302","geometry":{"type":"MultiPolygon","coordinates":[[[[-1.54871,43.46116],[-1.54882,43.46091],[-1.54946,43.46126],[-1.54944,43.46132],[-1.54943,43.46133],[-1.54943,43.46133],[-1.54922,43.4616],[-1.54913,43.46151],[-1.54899,43.46139],[-1.54887,43.46127],[-1.54869,43.46122],[-1.54871,43.46116]]]]},"geometry_name":"the_geom","properties":{"libelle":"UDa*","libelong":"UDa*","typezone":"U"}},{"type":"Feature","id":"zone_urba.3130303","geometry":{"type":"MultiPolygon","coordinates":[[[[-1.53896,43.47256],[-1.53906,43.47223],[-1.53707,43.47148],[-1.53711,43.47142],[-1.53724,43.47126],[-1.53728,43.47121],[-1.5373,43.47116],[-1.53772,43.47136],[-1.53777,43.47138],[-1.53858,43.47171],[-1.53866,43.47141],[-1.53914,43.47153],[-1.5392,43.47131],[-1.53921,43.47125],[-1.53923,43.47114],[-1.53927,43.47099],[-1.53933,43.47091],[-1.5395,43.47095],[-1.53966,43.47098],[-1.53972,43.471],[-1.54007,43.47107],[-1.54009,43.47104],[-1.54013,43.47105],[-1.54025,43.47108],[-1.54044,43.47112],[-1.54086,43.47122],[-1.54093,43.47123],[-1.54093,43.47118],[-1.54087,43.47031],[-1.54116,43.47033],[-1.54153,43.47035],[-1.54176,43.47034],[-1.54181,43.47033],[-1.54204,43.47068],[-1.54218,43.47088],[-1.5424,43.47117],[-1.54255,43.47137],[-1.54279,43.47167],[-1.5429,43.47181],[-1.54299,43.47191],[-1.54301,43.47194],[-1.5431,43.47206],[-1.54312,43.47208],[-1.54314,43.47212],[-1.54316,43.47217],[-1.54323,43.47231],[-1.54324,43.47229],[-1.54325,43.4722],[-1.54327,43.4721],[-1.54329,43.47198],[-1.54331,43.47187],[-1.5433,43.47178],[-1.5438,43.47175],[-1.54392,43.47174],[-1.54395,43.47174],[-1.54431,43.47172],[-1.5444,43.47171],[-1.54451,43.47171],[-1.54453,43.4717],[-1.54467,43.47169],[-1.54483,43.47168],[-1.54491,43.47168],[-1.54493,43.4717],[-1.54506,43.47176],[-1.54509,43.47176],[-1.54518,43.4718],[-1.5452,43.47181],[-1.54524,43.47186],[-1.54529,43.4719],[-1.54536,43.4719],[-1.54539,43.47189],[-1.54545,43.47189],[-1.54555,43.47187],[-1.54589,43.47173],[-1.54602,43.47166],[-1.54602,43.47166],[-1.54612,43.47166],[-1.54612,43.47162],[-1.54618,43.47159],[-1.54648,43.47144],[-1.54663,43.47137],[-1.54667,43.47135],[-1.54704,43.47117],[-1.54724,43.47107],[-1.54738,43.47101],[-1.54742,43.47099],[-1.54745,43.47098],[-1.5475,43.47094],[-1.54752,43.47094],[-1.54763,43.47092],[-1.54775,43.4709],[-1.54788,43.47091],[-1.548,43.47092],[-1.54812,43.47092],[-1.54822,43.47094],[-1.54826,43.47095],[-1.54843,43.47099],[-1.5493,43.47085],[-1.54929,43.47082],[-1.54926,43.47043],[-1.54878,43.47045],[-1.54877,43.47033],[-1.54821,43.47036],[-1.54819,43.47004],[-1.54815,43.46961],[-1.54815,43.4696],[-1.54815,43.4696],[-1.54815,43.46954],[-1.54803,43.46957],[-1.54799,43.46958],[-1.54759,43.46969],[-1.54739,43.46975],[-1.54715,43.46982],[-1.54701,43.46985],[-1.54673,43.46993],[-1.54655,43.46997],[-1.5464,43.47001],[-1.5463,43.46996],[-1.54584,43.46974],[-1.54581,43.46972],[-1.54589,43.46972],[-1.5461,43.4697],[-1.54631,43.46968],[-1.54638,43.46967],[-1.54667,43.46965],[-1.54687,43.46963],[-1.54703,43.46959],[-1.54738,43.46951],[-1.54768,43.46945],[-1.5477,43.46944],[-1.54795,43.46935],[-1.54816,43.46928],[-1.54824,43.46912],[-1.5483,43.4691],[-1.5486,43.46908],[-1.54906,43.46904],[-1.54908,43.46869],[-1.54927,43.46864],[-1.5493,43.46865],[-1.54933,43.46866],[-1.54939,43.46868],[-1.54949,43.4687],[-1.54969,43.46874],[-1.54981,43.46876],[-1.54993,43.46878],[-1.54999,43.46879],[-1.5501,43.4688],[-1.55008,43.46873],[-1.55047,43.46845],[-1.55067,43.46835],[-1.55113,43.46826],[-1.55141,43.4682],[-1.55158,43.46816],[-1.55171,43.46807],[-1.55169,43.46804],[-1.55169,43.46803],[-1.55156,43.46774],[-1.55172,43.46771],[-1.55176,43.46766],[-1.55178,43.46766],[-1.55211,43.46766],[-1.55234,43.46765],[-1.55248,43.46764],[-1.55251,43.46764],[-1.55249,43.46757],[-1.55243,43.46733],[-1.55297,43.46726],[-1.553,43.46743],[-1.55301,43.46746],[-1.55327,43.46737],[-1.55337,43.46733],[-1.5534,43.46739],[-1.55355,43.46733],[-1.55359,43.46741],[-1.5537,43.46756],[-1.55372,43.46759],[-1.55355,43.46768],[-1.55364,43.46774],[-1.55375,43.46776],[-1.55389,43.46779],[-1.55391,43.4678],[-1.55391,43.4678],[-1.55387,43.46791],[-1.55384,43.46801],[-1.55409,43.46802],[-1.55415,43.46802],[-1.55414,43.46823],[-1.55399,43.46822],[-1.55398,43.46825],[-1.55395,43.46847],[-1.55412,43.46852],[-1.55433,43.46851],[-1.55433,43.46875],[-1.55458,43.46875],[-1.55458,43.46906],[-1.55461,43.46906],[-1.55461,43.46908],[-1.55461,43.46913],[-1.55461,43.46916],[-1.55461,43.46946],[-1.55437,43.46948],[-1.55436,43.46948],[-1.55431,43.46949],[-1.55412,43.4695],[-1.55402,43.46951],[-1.55406,43.46976],[-1.55408,43.46985],[-1.55413,43.47012],[-1.55412,43.47016],[-1.5538,43.47012],[-1.5532,43.47005],[-1.55212,43.46994],[-1.55086,43.46985],[-1.55085,43.46996],[-1.55081,43.47024],[-1.5508,43.47036],[-1.55078,43.47046],[-1.55077,43.47057],[-1.55076,43.47067],[-1.55074,43.4708],[-1.55073,43.47086],[-1.55072,43.47095],[-1.55078,43.47095],[-1.55106,43.47091],[-1.55101,43.47117],[-1.55097,43.47138],[-1.55094,43.47155],[-1.55102,43.47155],[-1.55101,43.47161],[-1.55097,43.47185],[-1.55095,43.47198],[-1.55093,43.47211],[-1.5509,43.47231],[-1.55087,43.47253],[-1.55087,43.47254],[-1.55038,43.47268],[-1.55032,43.4727],[-1.55026,43.47272],[-1.54966,43.47295],[-1.54945,43.47305],[-1.54939,43.47308],[-1.54935,43.4731],[-1.54927,43.47313],[-1.54903,43.47325],[-1.54899,43.47327],[-1.54898,43.47327],[-1.54885,43.47334],[-1.54877,43.47338],[-1.54865,43.47345],[-1.5486,43.47348],[-1.54848,43.4735],[-1.54836,43.47353],[-1.54833,43.47354],[-1.54826,43.47355],[-1.5482,43.47356],[-1.54806,43.47356],[-1.54793,43.47357],[-1.5479,43.47357],[-1.54774,43.47355],[-1.54754,43.47353],[-1.54729,43.4735],[-1.54707,43.47347],[-1.54706,43.47347],[-1.54692,43.47345],[-1.54679,43.47343],[-1.54663,43.47341],[-1.54644,43.47338],[-1.54627,43.47335],[-1.54592,43.4733],[-1.54588,43.4733],[-1.5452,43.4732],[-1.54507,43.47317],[-1.54456,43.47307],[-1.54435,43.47303],[-1.54422,43.473],[-1.54397,43.47296],[-1.54383,43.47293],[-1.54364,43.47291],[-1.54352,43.4729],[-1.54349,43.4729],[-1.54329,43.47288],[-1.5431,43.47286],[-1.5429,43.47284],[-1.54272,43.47282],[-1.5425,43.4728],[-1.54229,43.47278],[-1.5422,43.47277],[-1.54212,43.47277],[-1.54208,43.47276],[-1.54193,43.47275],[-1.54182,43.47274],[-1.54175,43.47273],[-1.54157,43.47271],[-1.54138,43.47269],[-1.54121,43.47267],[-1.5411,43.47265],[-1.54088,43.47264],[-1.54084,43.47264],[-1.54045,43.47262],[-1.54036,43.47262],[-1.54016,43.47261],[-1.53904,43.47257],[-1.53896,43.47256]]]]},"geometry_name":"the_geom","properties":{"libelle":"UDi","libelong":"UDi","typezone":"U"}},{"type":"Feature","id":"zone_urba.3130350","geometry":{"type":"MultiPolygon","coordinates":[[[[-1.54586,43.46274],[-1.54582,43.46273],[-1.5458,43.46275],[-1.54575,43.46273],[-1.54556,43.46264],[-1.54533,43.46255],[-1.54539,43.46249],[-1.54576,43.46224],[-1.54621,43.46246],[-1.54619,43.46235],[-1.54661,43.46194],[-1.54662,43.46196],[-1.54673,43.46229],[-1.54706,43.46225],[-1.5472,43.46238],[-1.54728,43.46269],[-1.54614,43.46283],[-1.54604,43.46281],[-1.54586,43.46274]]]]},"geometry_name":"the_geom","properties":{"libelle":"UG","libelong":"UG","typezone":"U"}},{"type":"Feature","id":"zone_urba.3130370","geometry":{"type":"MultiPolygon","coordinates":[[[[-1.55481,43.46944],[-1.55501,43.46942],[-1.55509,43.47003],[-1.55511,43.47003],[-1.55512,43.4701],[-1.55514,43.47021],[-1.55515,43.4703],[-1.55478,43.47025],[-1.55412,43.47016],[-1.55413,43.47012],[-1.55408,43.46985],[-1.55406,43.46976],[-1.55402,43.46951],[-1.55412,43.4695],[-1.55431,43.46949],[-1.55436,43.46948],[-1.55437,43.46948],[-1.55461,43.46946],[-1.55481,43.46944]]]]},"geometry_name":"the_geom","properties":{"libelle":"UDti","libelong":"UDti","typezone":"U"}},{"type":"Feature","id":"zone_urba.3130337","geometry":{"type":"MultiPolygon","coordinates":[[[[-1.54714,43.46105],[-1.54728,43.4609],[-1.54735,43.46094],[-1.54764,43.46068],[-1.54788,43.46047],[-1.54794,43.46042],[-1.5476,43.46021],[-1.5467,43.46109],[-1.54673,43.4611],[-1.54684,43.46115],[-1.54689,43.46118],[-1.54698,43.46123],[-1.54699,43.46123],[-1.54706,43.46126],[-1.54721,43.46134],[-1.54719,43.46136],[-1.54708,43.46147],[-1.54696,43.46141],[-1.54685,43.46136],[-1.54681,43.46133],[-1.54677,43.46131],[-1.54668,43.46127],[-1.54662,43.46123],[-1.54661,43.46123],[-1.54652,43.46119],[-1.546,43.46168],[-1.54575,43.46193],[-1.54563,43.46188],[-1.54511,43.46168],[-1.5449,43.4616],[-1.54457,43.46162],[-1.54442,43.46162],[-1.54413,43.46161],[-1.54392,43.46161],[-1.54382,43.46185],[-1.54378,43.46196],[-1.54375,43.46201],[-1.54373,43.462],[-1.54326,43.46179],[-1.5427,43.46152],[-1.54308,43.46141],[-1.54313,43.46139],[-1.54346,43.46129],[-1.54355,43.46126],[-1.5437,43.46122],[-1.54387,43.46123],[-1.54392,43.46099],[-1.54397,43.46073],[-1.54403,43.4603],[-1.54394,43.45998],[-1.54393,43.45993],[-1.54392,43.45989],[-1.54372,43.45922],[-1.54382,43.45921],[-1.54382,43.45915],[-1.54474,43.45899],[-1.54684,43.45869],[-1.54722,43.45863],[-1.54735,43.45849],[-1.54736,43.45844],[-1.54767,43.45838],[-1.54816,43.45844],[-1.54852,43.45849],[-1.54858,43.45849],[-1.54868,43.45849],[-1.54884,43.45846],[-1.54891,43.45843],[-1.54909,43.45838],[-1.54919,43.45834],[-1.54922,43.45842],[-1.54927,43.45856],[-1.54933,43.45863],[-1.54939,43.4587],[-1.54942,43.45873],[-1.54935,43.45877],[-1.54932,43.4588],[-1.54938,43.45889],[-1.54965,43.4593],[-1.54966,43.45932],[-1.5497,43.45938],[-1.54973,43.45942],[-1.54919,43.45979],[-1.54926,43.45986],[-1.54954,43.46016],[-1.54954,43.46017],[-1.54963,43.46044],[-1.54963,43.46047],[-1.54964,43.46062],[-1.5496,43.4609],[-1.54958,43.46098],[-1.54946,43.46126],[-1.54882,43.46091],[-1.54871,43.46116],[-1.54869,43.46122],[-1.54859,43.46153],[-1.54857,43.46171],[-1.5486,43.4618],[-1.54874,43.46192],[-1.54869,43.46195],[-1.54848,43.46207],[-1.54834,43.46196],[-1.54817,43.4618],[-1.54815,43.46179],[-1.54787,43.46153],[-1.54785,43.46152],[-1.54748,43.46126],[-1.54719,43.46113],[-1.54713,43.46111],[-1.54709,43.46109],[-1.54714,43.46105]]]]},"geometry_name":"the_geom","properties":{"libelle":"UC","libelong":"UC","typezone":"U"}},{"type":"Feature","id":"zone_urba.3130358","geometry":{"type":"MultiPolygon","coordinates":[[[[-1.55221,43.46403],[-1.55197,43.46363],[-1.55178,43.46332],[-1.55176,43.46329],[-1.55152,43.46285],[-1.55126,43.46249],[-1.551,43.46218],[-1.55081,43.46201],[-1.55066,43.4619],[-1.55011,43.4616],[-1.54999,43.46152],[-1.54965,43.46135],[-1.54979,43.46109],[-1.54984,43.46084],[-1.54994,43.46074],[-1.55014,43.46065],[-1.5506,43.46047],[-1.55123,43.46029],[-1.55173,43.46017],[-1.55246,43.46004],[-1.55247,43.46009],[-1.55248,43.4601],[-1.55278,43.46107],[-1.55298,43.46107],[-1.55456,43.46086],[-1.55447,43.46096],[-1.55432,43.46143],[-1.5543,43.46151],[-1.55435,43.46206],[-1.55451,43.46205],[-1.55479,43.46204],[-1.55479,43.46201],[-1.55475,43.4617],[-1.55492,43.46169],[-1.5549,43.46137],[-1.5549,43.46134],[-1.5549,43.46129],[-1.55514,43.46129],[-1.55576,43.4613],[-1.55619,43.4613],[-1.55617,43.4621],[-1.55617,43.46222],[-1.55609,43.46222],[-1.55604,43.46221],[-1.55597,43.46219],[-1.5559,43.46218],[-1.55585,43.46217],[-1.5558,43.46217],[-1.55575,43.46216],[-1.55571,43.46215],[-1.55567,43.46215],[-1.55563,43.46214],[-1.55561,43.46214],[-1.55559,43.46214],[-1.55557,43.46214],[-1.55552,43.46213],[-1.55547,43.46213],[-1.55544,43.46213],[-1.55542,43.46213],[-1.5554,43.46212],[-1.55534,43.46212],[-1.55533,43.46212],[-1.5553,43.46212],[-1.55525,43.46212],[-1.55518,43.46212],[-1.55515,43.46212],[-1.55513,43.46212],[-1.55508,43.46212],[-1.55505,43.46212],[-1.555,43.46212],[-1.55494,43.46212],[-1.5549,43.46212],[-1.55482,43.46212],[-1.55419,43.46216],[-1.55423,43.46299],[-1.55423,43.46309],[-1.55403,43.46354],[-1.554,43.4636],[-1.55394,43.46374],[-1.55393,43.46376],[-1.55338,43.46363],[-1.55324,43.46368],[-1.55276,43.46384],[-1.55243,43.46395],[-1.55228,43.464],[-1.55221,43.46403]]]]},"geometry_name":"the_geom","properties":{"libelle":"UG","libelong":"UG","typezone":"U"}},{"type":"Feature","id":"zone_urba.3130368","geometry":{"type":"MultiPolygon","coordinates":[[[[-1.54326,43.47086],[-1.54374,43.47079],[-1.54375,43.47089],[-1.54376,43.47094],[-1.54378,43.471],[-1.544,43.47123],[-1.54359,43.47127],[-1.54326,43.47086]]]]},"geometry_name":"the_geom","properties":{"libelle":"UGvi","libelong":"UGvi","typezone":"U"}},{"type":"Feature","id":"zone_urba.3130371","geometry":{"type":"MultiPolygon","coordinates":[[[[-1.55626,43.46946],[-1.5563,43.46942],[-1.55638,43.46946],[-1.55637,43.4695],[-1.55637,43.46953],[-1.55637,43.46955],[-1.55639,43.46958],[-1.55647,43.46971],[-1.55658,43.46989],[-1.55669,43.47007],[-1.5568,43.47025],[-1.55691,43.47043],[-1.55702,43.4706],[-1.557,43.47067],[-1.55697,43.47074],[-1.55685,43.4708],[-1.5568,43.47082],[-1.55677,43.47085],[-1.55673,43.4709],[-1.5567,43.47094],[-1.55662,43.47109],[-1.55651,43.47106],[-1.55648,43.47105],[-1.55647,43.47103],[-1.55647,43.47101],[-1.55646,43.47099],[-1.55643,43.47096],[-1.55636,43.4709],[-1.55629,43.47084],[-1.55615,43.47072],[-1.55606,43.47063],[-1.556,43.47058],[-1.55584,43.47045],[-1.55574,43.47036],[-1.55571,43.47014],[-1.55567,43.46991],[-1.55565,43.46971],[-1.55563,43.4696],[-1.55594,43.46954],[-1.55619,43.46949],[-1.55623,43.46947],[-1.55626,43.46946]]]]},"geometry_name":"the_geom","properties":{"libelle":"UGi","libelong":"UGi","typezone":"U"}},{"type":"Feature","id":"zone_urba.3130382","geometry":{"type":"MultiPolygon","coordinates":[[[[-1.55367,43.46499],[-1.55368,43.46499],[-1.55369,43.46499],[-1.5537,43.46499],[-1.55371,43.46499],[-1.55372,43.46499],[-1.55373,43.46499],[-1.55374,43.46499],[-1.55374,43.46499],[-1.55375,43.46499],[-1.55376,43.465],[-1.55377,43.465],[-1.55377,43.46501],[-1.55378,43.46501],[-1.55379,43.46501],[-1.5538,43.46502],[-1.5538,43.46502],[-1.5538,43.46503],[-1.55381,43.46503],[-1.55397,43.46532],[-1.55407,43.46549],[-1.55408,43.4655],[-1.55389,43.46556],[-1.5538,43.46559],[-1.55349,43.46569],[-1.55326,43.46565],[-1.5531,43.46544],[-1.55302,43.46534],[-1.55288,43.46516],[-1.55305,43.46513],[-1.55348,43.46503],[-1.55366,43.46499],[-1.55366,43.46499],[-1.55367,43.46499]]]]},"geometry_name":"the_geom","properties":{"libelle":"UGi*","libelong":"UGi*","typezone":"U"}},{"type":"Feature","id":"zone_urba.3130384","geometry":{"type":"MultiPolygon","coordinates":[[[[-1.54812,43.47092],[-1.548,43.47092],[-1.54788,43.47091],[-1.54775,43.4709],[-1.54763,43.47092],[-1.54752,43.47094],[-1.5475,43.47094],[-1.54745,43.47098],[-1.54742,43.47099],[-1.54738,43.47101],[-1.54724,43.47107],[-1.54704,43.47117],[-1.54667,43.47135],[-1.54663,43.47137],[-1.54648,43.47144],[-1.54618,43.47159],[-1.54618,43.47153],[-1.54626,43.47127],[-1.54634,43.471],[-1.5464,43.47083],[-1.54645,43.47061],[-1.54648,43.47039],[-1.5465,43.47029],[-1.54653,43.47014],[-1.54654,43.47004],[-1.54655,43.46997],[-1.54673,43.46993],[-1.54701,43.46985],[-1.54715,43.46982],[-1.54739,43.46975],[-1.54759,43.46969],[-1.54799,43.46958],[-1.54803,43.46957],[-1.54815,43.46954],[-1.54815,43.4696],[-1.54815,43.4696],[-1.54815,43.46961],[-1.54819,43.47004],[-1.54821,43.47036],[-1.54877,43.47033],[-1.54878,43.47045],[-1.54926,43.47043],[-1.54929,43.47082],[-1.5493,43.47085],[-1.54843,43.47099],[-1.54826,43.47095],[-1.54822,43.47094],[-1.54812,43.47092]]]]},"geometry_name":"the_geom","properties":{"libelle":"UGai","libelong":"UGai","typezone":"U"}},{"type":"Feature","id":"zone_urba.3130390","geometry":{"type":"MultiPolygon","coordinates":[[[[-1.55136,43.47307],[-1.55133,43.47308],[-1.5513,43.47308],[-1.55124,43.4731],[-1.5512,43.47311],[-1.55097,43.47285],[-1.55082,43.47284],[-1.55084,43.47273],[-1.55084,43.47271],[-1.55087,43.47254],[-1.55087,43.47253],[-1.5509,43.47231],[-1.55093,43.47211],[-1.55095,43.47198],[-1.55097,43.47185],[-1.55101,43.47161],[-1.55102,43.47155],[-1.55094,43.47155],[-1.55097,43.47138],[-1.55101,43.47117],[-1.55106,43.47091],[-1.55078,43.47095],[-1.55072,43.47095],[-1.55073,43.47086],[-1.55074,43.4708],[-1.55076,43.47067],[-1.55077,43.47057],[-1.55078,43.47046],[-1.5508,43.47036],[-1.55081,43.47024],[-1.55085,43.46996],[-1.55086,43.46985],[-1.55212,43.46994],[-1.5532,43.47005],[-1.5538,43.47012],[-1.55412,43.47016],[-1.55478,43.47025],[-1.55477,43.47035],[-1.55477,43.47036],[-1.55473,43.4706],[-1.55468,43.47082],[-1.55442,43.47075],[-1.55426,43.47072],[-1.55412,43.4707],[-1.55373,43.47063],[-1.55365,43.47061],[-1.55359,43.47065],[-1.5536,43.47076],[-1.55362,43.4709],[-1.55361,43.47109],[-1.5536,43.47127],[-1.55355,43.47149],[-1.5536,43.47152],[-1.55358,43.47159],[-1.55355,43.47169],[-1.55356,43.47171],[-1.55356,43.47173],[-1.55356,43.47175],[-1.55355,43.47178],[-1.55354,43.4718],[-1.55352,43.47182],[-1.5535,43.47184],[-1.55347,43.47186],[-1.55347,43.47186],[-1.55344,43.47201],[-1.55341,43.47217],[-1.5534,43.4722],[-1.55331,43.47252],[-1.55323,43.4728],[-1.55321,43.47287],[-1.55292,43.473],[-1.55285,43.47305],[-1.55272,43.47312],[-1.55269,43.47315],[-1.55264,43.47319],[-1.55263,43.4732],[-1.55256,43.4732],[-1.55223,43.47321],[-1.55169,43.47322],[-1.55166,43.4732],[-1.55156,43.47315],[-1.55151,43.47312],[-1.55142,43.47309],[-1.55139,43.47308],[-1.55136,43.47307]]]]},"geometry_name":"the_geom","properties":{"libelle":"Na","libelong":"Na","typezone":"N"}},{"type":"Feature","id":"zone_urba.3130395","geometry":{"type":"MultiPolygon","coordinates":[[[[-1.54964,43.46062],[-1.54963,43.46047],[-1.54986,43.46046],[-1.54986,43.46059],[-1.54986,43.46073],[-1.54986,43.46077],[-1.54984,43.46084],[-1.54979,43.46109],[-1.54965,43.46135],[-1.54961,43.46141],[-1.54959,43.46143],[-1.54954,43.46149],[-1.54936,43.46172],[-1.5493,43.4618],[-1.54917,43.46197],[-1.54904,43.46213],[-1.54898,43.46221],[-1.54884,43.4624],[-1.54794,43.46355],[-1.54786,43.46364],[-1.54781,43.46371],[-1.54775,43.46379],[-1.54772,43.46383],[-1.54744,43.4642],[-1.5472,43.46453],[-1.54719,43.46454],[-1.54701,43.46449],[-1.54715,43.4643],[-1.54722,43.4642],[-1.54739,43.46398],[-1.5475,43.46383],[-1.54751,43.46382],[-1.54756,43.46376],[-1.54763,43.46367],[-1.54872,43.46229],[-1.54872,43.46228],[-1.54885,43.4621],[-1.54891,43.46201],[-1.54903,43.46184],[-1.54903,43.46184],[-1.54916,43.46168],[-1.54922,43.4616],[-1.54943,43.46133],[-1.54943,43.46133],[-1.54944,43.46132],[-1.54946,43.46126],[-1.54958,43.46098],[-1.5496,43.4609],[-1.54964,43.46062]]]]},"geometry_name":"the_geom","properties":{"libelle":"N","libelong":"N","typezone":"N"}},{"type":"Feature","id":"zone_urba.3130403","geometry":{"type":"MultiPolygon","coordinates":[[[[-1.5538,43.46559],[-1.55391,43.46579],[-1.55407,43.46603],[-1.55433,43.46595],[-1.55444,43.46614],[-1.55449,43.46622],[-1.55448,43.46625],[-1.55452,43.46629],[-1.55454,43.46633],[-1.55463,43.46655],[-1.55463,43.46656],[-1.5547,43.46673],[-1.55471,43.46674],[-1.55472,43.46677],[-1.55477,43.46688],[-1.55477,43.46691],[-1.55479,43.467],[-1.55481,43.46716],[-1.55486,43.46745],[-1.55486,43.46747],[-1.55493,43.46764],[-1.55513,43.4676],[-1.55519,43.46759],[-1.5552,43.4678],[-1.55521,43.46803],[-1.55522,43.46828],[-1.55522,43.46843],[-1.55535,43.46849],[-1.55553,43.46853],[-1.55552,43.46854],[-1.55563,43.46856],[-1.55562,43.46878],[-1.55562,43.46905],[-1.55562,43.46909],[-1.55554,43.46911],[-1.55555,43.46915],[-1.55558,43.46924],[-1.55559,43.46925],[-1.5556,43.46934],[-1.5556,43.46938],[-1.55562,43.4695],[-1.55563,43.4696],[-1.55565,43.46971],[-1.55567,43.46991],[-1.55571,43.47014],[-1.55574,43.47036],[-1.55584,43.47045],[-1.556,43.47058],[-1.55606,43.47063],[-1.55615,43.47072],[-1.55589,43.47088],[-1.5558,43.47096],[-1.55542,43.47098],[-1.55524,43.47101],[-1.55523,43.47101],[-1.5551,43.47102],[-1.55502,43.47098],[-1.55497,43.47094],[-1.55489,43.4709],[-1.5548,43.47087],[-1.55468,43.47082],[-1.55473,43.4706],[-1.55477,43.47036],[-1.55477,43.47035],[-1.55478,43.47025],[-1.55515,43.4703],[-1.55514,43.47021],[-1.55512,43.4701],[-1.55511,43.47003],[-1.55509,43.47003],[-1.55501,43.46942],[-1.55481,43.46944],[-1.55461,43.46946],[-1.55461,43.46916],[-1.55461,43.46913],[-1.55461,43.46908],[-1.55461,43.46906],[-1.55458,43.46906],[-1.55458,43.46875],[-1.55433,43.46875],[-1.55433,43.46851],[-1.55412,43.46852],[-1.55395,43.46847],[-1.55398,43.46825],[-1.55399,43.46822],[-1.55414,43.46823],[-1.55415,43.46802],[-1.55409,43.46802],[-1.55384,43.46801],[-1.55387,43.46791],[-1.55391,43.4678],[-1.55391,43.4678],[-1.55389,43.46779],[-1.55375,43.46776],[-1.55364,43.46774],[-1.55355,43.46768],[-1.55372,43.46759],[-1.5537,43.46756],[-1.55359,43.46741],[-1.55355,43.46733],[-1.5534,43.46739],[-1.55337,43.46733],[-1.55322,43.46691],[-1.55307,43.4665],[-1.55306,43.46644],[-1.55323,43.46641],[-1.55334,43.4664],[-1.55359,43.46633],[-1.55359,43.46632],[-1.55363,43.46631],[-1.55367,43.46625],[-1.55367,43.46625],[-1.55368,43.46622],[-1.55367,43.4662],[-1.55326,43.46565],[-1.55349,43.46569],[-1.5538,43.46559]]]]},"geometry_name":"the_geom","properties":{"libelle":"UDi*","libelong":"UDI*","typezone":"U"}},{"type":"Feature","id":"zone_urba.3130404","geometry":{"type":"MultiPolygon","coordinates":[[[[-1.55326,43.46565],[-1.55367,43.4662],[-1.55368,43.46622],[-1.55367,43.46625],[-1.55367,43.46625],[-1.55363,43.46631],[-1.55359,43.46632],[-1.55359,43.46633],[-1.55334,43.4664],[-1.55323,43.46641],[-1.55306,43.46644],[-1.55296,43.46645],[-1.55286,43.46644],[-1.55276,43.46642],[-1.55266,43.4664],[-1.55256,43.46637],[-1.55248,43.46633],[-1.5524,43.4663],[-1.55233,43.46626],[-1.55227,43.46622],[-1.55223,43.46619],[-1.55219,43.46615],[-1.55215,43.46612],[-1.55211,43.46606],[-1.55207,43.46599],[-1.55202,43.46589],[-1.55201,43.46585],[-1.55207,43.46584],[-1.55245,43.46579],[-1.55326,43.46565]]]]},"geometry_name":"the_geom","properties":{"libelle":"UGi","libelong":"UGi","typezone":"U"}},{"type":"Feature","id":"zone_urba.3130268","geometry":{"type":"MultiPolygon","coordinates":[[[[-1.53539,43.4723],[-1.53647,43.47128],[-1.53707,43.47148],[-1.53906,43.47223],[-1.53896,43.47256],[-1.53885,43.47256],[-1.53878,43.47256],[-1.53641,43.47239],[-1.53634,43.47238],[-1.53557,43.47231],[-1.53539,43.4723]]]]},"geometry_name":"the_geom","properties":{"libelle":"UGi","libelong":"UGi","typezone":"U"}},{"type":"Feature","id":"zone_urba.3130236","geometry":{"type":"MultiPolygon","coordinates":[[[[-1.55101,43.48816],[-1.55078,43.48757],[-1.55074,43.48757],[-1.55032,43.48766],[-1.5503,43.48767],[-1.55025,43.48768],[-1.55016,43.48771],[-1.54994,43.48777],[-1.54987,43.48783],[-1.5497,43.48787],[-1.54956,43.4879],[-1.5496,43.48801],[-1.54947,43.48805],[-1.54945,43.48802],[-1.54925,43.48808],[-1.54921,43.48809],[-1.54911,43.48791],[-1.54922,43.48781],[-1.5493,43.48771],[-1.54926,43.48769],[-1.54921,43.48767],[-1.54881,43.4875],[-1.54881,43.48751],[-1.54868,43.48746],[-1.54857,43.48759],[-1.54845,43.48774],[-1.54841,43.48778],[-1.54833,43.48788],[-1.54831,43.48791],[-1.54826,43.48797],[-1.54825,43.48798],[-1.54822,43.48801],[-1.54768,43.48778],[-1.54753,43.48769],[-1.5474,43.4876],[-1.54731,43.48748],[-1.54722,43.48737],[-1.5472,43.48735],[-1.54718,43.48733],[-1.54718,43.48732],[-1.54711,43.4857],[-1.54853,43.48593],[-1.54914,43.48603],[-1.54914,43.486],[-1.5492,43.48568],[-1.54932,43.48573],[-1.54936,43.48575],[-1.54943,43.48578],[-1.54949,43.48581],[-1.54942,43.48581],[-1.5494,43.48589],[-1.5495,43.48591],[-1.54962,43.48593],[-1.54962,43.48593],[-1.54967,43.48594],[-1.5497,43.48594],[-1.54974,43.48595],[-1.54972,43.486],[-1.54982,43.48602],[-1.54984,43.48596],[-1.54985,43.48593],[-1.54995,43.48595],[-1.55012,43.48598],[-1.55025,43.486],[-1.55024,43.48596],[-1.55023,43.48575],[-1.55023,43.48571],[-1.55108,43.48568],[-1.55122,43.48569],[-1.55141,43.48571],[-1.55154,43.48587],[-1.55159,43.48602],[-1.55184,43.48597],[-1.55185,43.48602],[-1.55188,43.48618],[-1.55189,43.48625],[-1.55192,43.48643],[-1.55173,43.48646],[-1.5516,43.48646],[-1.5513,43.48651],[-1.55107,43.48655],[-1.55105,43.48655],[-1.55107,43.48664],[-1.55109,43.48673],[-1.55111,43.48678],[-1.55113,43.48686],[-1.55114,43.48693],[-1.55115,43.48696],[-1.55116,43.487],[-1.55121,43.48718],[-1.55121,43.4872],[-1.55125,43.48736],[-1.5513,43.48755],[-1.55135,43.48774],[-1.55132,43.48774],[-1.55135,43.48787],[-1.5514,43.48808],[-1.55142,43.48811],[-1.55101,43.48816]]]]},"geometry_name":"the_geom","properties":{"libelle":"UB","libelong":"UB","typezone":"U"}},{"type":"Feature","id":"zone_urba.3130277","geometry":{"type":"MultiPolygon","coordinates":[[[[-1.53847,43.48622],[-1.53847,43.48592],[-1.53847,43.4857],[-1.53847,43.48546],[-1.53823,43.48546],[-1.53855,43.48512],[-1.53882,43.48484],[-1.53882,43.48501],[-1.53918,43.48501],[-1.53956,43.48501],[-1.54017,43.48502],[-1.53996,43.48522],[-1.53992,43.48523],[-1.53989,43.48526],[-1.53959,43.48554],[-1.53958,43.48558],[-1.53948,43.48568],[-1.5393,43.48586],[-1.53928,43.48586],[-1.53914,43.48597],[-1.53902,43.48607],[-1.53883,43.48594],[-1.53884,43.486],[-1.53884,43.48618],[-1.53881,43.4862],[-1.53874,43.48622],[-1.53866,43.48624],[-1.53861,43.48625],[-1.53856,43.48627],[-1.53851,43.48627],[-1.53847,43.48628],[-1.53847,43.48624],[-1.53847,43.48622]]]]},"geometry_name":"the_geom","properties":{"libelle":"UG","libelong":"UG","typezone":"U"}},{"type":"Feature","id":"zone_urba.3130291","geometry":{"type":"MultiPolygon","coordinates":[[[[-1.54685,43.48511],[-1.54707,43.485],[-1.54709,43.48514],[-1.54711,43.4857],[-1.54718,43.48732],[-1.54687,43.48742],[-1.54592,43.48759],[-1.54572,43.48761],[-1.54562,43.48711],[-1.54514,43.48704],[-1.54513,43.48763],[-1.54353,43.48765],[-1.54351,43.48765],[-1.54335,43.48656],[-1.54336,43.48641],[-1.54343,43.48625],[-1.54356,43.48611],[-1.54381,43.48591],[-1.54403,43.48582],[-1.5443,43.48571],[-1.54459,43.48564],[-1.54492,43.48558],[-1.54539,43.48552],[-1.54549,43.4855],[-1.54558,43.48549],[-1.54566,43.48548],[-1.54624,43.48536],[-1.54657,43.48525],[-1.54685,43.48511]],[[-1.54501,43.48591],[-1.5447,43.48577],[-1.54462,43.48572],[-1.54445,43.48576],[-1.5444,43.48574],[-1.54433,43.48577],[-1.54429,43.48578],[-1.54423,43.4858],[-1.54417,43.48582],[-1.54414,43.48584],[-1.54413,43.48585],[-1.54399,43.48591],[-1.54384,43.486],[-1.54413,43.48623],[-1.54433,43.48609],[-1.54455,43.48626],[-1.54472,43.48639],[-1.54478,43.48644],[-1.54478,43.4864],[-1.54478,43.48638],[-1.5448,43.4863],[-1.54486,43.48615],[-1.54489,43.48608],[-1.54496,43.48597],[-1.54501,43.48591]]]]},"geometry_name":"the_geom","properties":{"libelle":"UG","libelong":"UG","typezone":"U"}},{"type":"Feature","id":"zone_urba.3130356","geometry":{"type":"MultiPolygon","coordinates":[[[[-1.54501,43.48591],[-1.54496,43.48597],[-1.54489,43.48608],[-1.54486,43.48615],[-1.5448,43.4863],[-1.54478,43.48638],[-1.54478,43.4864],[-1.54478,43.48644],[-1.54472,43.48639],[-1.54455,43.48626],[-1.54433,43.48609],[-1.54413,43.48623],[-1.54384,43.486],[-1.54399,43.48591],[-1.54413,43.48585],[-1.54414,43.48584],[-1.54417,43.48582],[-1.54423,43.4858],[-1.54429,43.48578],[-1.54433,43.48577],[-1.5444,43.48574],[-1.54445,43.48576],[-1.54462,43.48572],[-1.5447,43.48577],[-1.54501,43.48591]]]]},"geometry_name":"the_geom","properties":{"libelle":"UC","libelong":"UC","typezone":"U"}},{"type":"Feature","id":"zone_urba.3130324","geometry":{"type":"MultiPolygon","coordinates":[[[[-1.5485,43.49229],[-1.54847,43.49217],[-1.54858,43.49194],[-1.54864,43.4919],[-1.54875,43.49192],[-1.5498,43.4922],[-1.54994,43.49208],[-1.55079,43.49111],[-1.55093,43.4909],[-1.55088,43.49088],[-1.55082,43.49088],[-1.55071,43.49087],[-1.55059,43.49073],[-1.55047,43.4906],[-1.55033,43.49044],[-1.5502,43.49029],[-1.55016,43.49024],[-1.55012,43.4902],[-1.54999,43.49005],[-1.54994,43.49],[-1.54979,43.48983],[-1.54963,43.48965],[-1.54946,43.48947],[-1.54942,43.48948],[-1.5494,43.48948],[-1.54939,43.48947],[-1.54937,43.48945],[-1.54924,43.48907],[-1.54919,43.48894],[-1.54912,43.48873],[-1.54911,43.4887],[-1.54908,43.48872],[-1.54886,43.48885],[-1.54865,43.48898],[-1.54831,43.48919],[-1.54814,43.48929],[-1.54799,43.48938],[-1.5477,43.48956],[-1.54749,43.48968],[-1.54724,43.48983],[-1.54696,43.49],[-1.54685,43.48992],[-1.5468,43.4899],[-1.54686,43.48984],[-1.54702,43.48972],[-1.54773,43.48921],[-1.54719,43.48867],[-1.54724,43.48865],[-1.54747,43.48852],[-1.5476,43.48857],[-1.54768,43.4886],[-1.5478,43.48847],[-1.54792,43.48834],[-1.54805,43.48821],[-1.54819,43.48806],[-1.54819,43.48805],[-1.54822,43.48801],[-1.54825,43.48798],[-1.54826,43.48797],[-1.54831,43.48791],[-1.54833,43.48788],[-1.54841,43.48778],[-1.54845,43.48774],[-1.54857,43.48759],[-1.54868,43.48746],[-1.54881,43.48751],[-1.54881,43.4875],[-1.54921,43.48767],[-1.54926,43.48769],[-1.5493,43.48771],[-1.54922,43.48781],[-1.54911,43.48791],[-1.54866,43.48829],[-1.54898,43.48856],[-1.54908,43.4886],[-1.54916,43.48859],[-1.54965,43.48859],[-1.54967,43.48864],[-1.54983,43.48896],[-1.55011,43.4889],[-1.55027,43.48886],[-1.55034,43.48885],[-1.55035,43.48884],[-1.55035,43.48884],[-1.5504,43.48883],[-1.55039,43.48881],[-1.55046,43.48881],[-1.55057,43.48881],[-1.55074,43.4888],[-1.55081,43.48879],[-1.55085,43.48878],[-1.55091,43.48878],[-1.55093,43.48877],[-1.55112,43.48874],[-1.55117,43.48873],[-1.55118,43.48889],[-1.55169,43.48898],[-1.5517,43.48895],[-1.55176,43.48878],[-1.55179,43.48871],[-1.5518,43.48867],[-1.55181,43.48867],[-1.55182,43.4886],[-1.55181,43.4886],[-1.55184,43.48851],[-1.55189,43.48831],[-1.55184,43.4883],[-1.55174,43.48829],[-1.55172,43.48829],[-1.55169,43.48829],[-1.55165,43.48829],[-1.55158,43.48829],[-1.55156,43.4883],[-1.55152,43.48813],[-1.55151,43.48809],[-1.55142,43.48811],[-1.5514,43.48808],[-1.55135,43.48787],[-1.55132,43.48774],[-1.55135,43.48774],[-1.5513,43.48755],[-1.55125,43.48736],[-1.55121,43.4872],[-1.55121,43.48718],[-1.55116,43.487],[-1.55115,43.48696],[-1.55114,43.48693],[-1.55113,43.48686],[-1.55111,43.48678],[-1.55109,43.48673],[-1.55107,43.48664],[-1.55105,43.48655],[-1.55107,43.48655],[-1.5513,43.48651],[-1.5516,43.48646],[-1.55173,43.48646],[-1.55192,43.48643],[-1.55189,43.48625],[-1.55188,43.48618],[-1.55185,43.48602],[-1.55184,43.48597],[-1.55284,43.48586],[-1.55335,43.48579],[-1.55375,43.4857],[-1.55387,43.48567],[-1.55397,43.48562],[-1.55404,43.48547],[-1.55411,43.48548],[-1.55438,43.48554],[-1.55472,43.48564],[-1.55476,43.48564],[-1.55478,43.48561],[-1.55483,43.48562],[-1.55512,43.48569],[-1.55499,43.48592],[-1.55498,43.48595],[-1.55516,43.48597],[-1.55536,43.48602],[-1.55544,43.48604],[-1.55543,43.48607],[-1.5554,43.48614],[-1.55539,43.48616],[-1.55538,43.48619],[-1.55534,43.48644],[-1.55533,43.48648],[-1.55532,43.48651],[-1.55531,43.48654],[-1.55529,43.48659],[-1.55526,43.48663],[-1.55524,43.48666],[-1.55522,43.48669],[-1.55519,43.48674],[-1.55517,43.48676],[-1.55514,43.48679],[-1.55505,43.48686],[-1.55491,43.48696],[-1.55469,43.48711],[-1.55428,43.48739],[-1.55414,43.48749],[-1.55388,43.48766],[-1.55375,43.48775],[-1.55374,43.48776],[-1.55367,43.48783],[-1.55381,43.48798],[-1.5538,43.48813],[-1.55391,43.4882],[-1.55398,43.48831],[-1.55436,43.48856],[-1.55437,43.48857],[-1.55412,43.48877],[-1.5541,43.48879],[-1.55409,43.4888],[-1.55408,43.48882],[-1.55408,43.48883],[-1.55406,43.48888],[-1.55406,43.48891],[-1.55405,43.48893],[-1.55406,43.48895],[-1.55407,43.48899],[-1.55405,43.489],[-1.55401,43.48902],[-1.55399,43.48904],[-1.55395,43.48906],[-1.55388,43.48908],[-1.55382,43.48908],[-1.55329,43.48889],[-1.55326,43.48889],[-1.5532,43.48888],[-1.55315,43.48889],[-1.55306,43.48892],[-1.55294,43.48896],[-1.5521,43.49071],[-1.55203,43.49071],[-1.55199,43.49084],[-1.55198,43.49087],[-1.55198,43.49094],[-1.55198,43.49102],[-1.55198,43.49107],[-1.55198,43.49125],[-1.55195,43.49133],[-1.55185,43.49146],[-1.55179,43.49152],[-1.55171,43.49161],[-1.55164,43.49167],[-1.55153,43.49179],[-1.55122,43.49211],[-1.54854,43.49244],[-1.5485,43.49229]]]]},"geometry_name":"the_geom","properties":{"libelle":"UDb","libelong":"UDb","typezone":"U"}},{"type":"Feature","id":"zone_urba.3130333","geometry":{"type":"MultiPolygon","coordinates":[[[[-1.54575,43.48505],[-1.54585,43.48482],[-1.54587,43.48476],[-1.54655,43.48488],[-1.54655,43.48482],[-1.54655,43.48482],[-1.54657,43.48464],[-1.5466,43.48438],[-1.5462,43.48439],[-1.54594,43.48437],[-1.54582,43.48436],[-1.5454,43.48432],[-1.54531,43.48431],[-1.54509,43.4843],[-1.54492,43.48428],[-1.54473,43.48427],[-1.54468,43.48427],[-1.54448,43.48425],[-1.54432,43.48424],[-1.54424,43.48424],[-1.54416,43.48412],[-1.54406,43.48402],[-1.54409,43.48398],[-1.54411,43.48396],[-1.54416,43.48388],[-1.54418,43.48389],[-1.54434,43.48369],[-1.54449,43.48349],[-1.54464,43.48331],[-1.54446,43.48325],[-1.5444,43.48323],[-1.5444,43.48323],[-1.54419,43.48316],[-1.54419,43.48317],[-1.54403,43.48311],[-1.54397,43.48309],[-1.54393,43.48307],[-1.54385,43.48316],[-1.54382,43.48313],[-1.54352,43.48297],[-1.54337,43.48288],[-1.54323,43.4828],[-1.54321,43.48279],[-1.54303,43.48271],[-1.54307,43.48264],[-1.54311,43.48257],[-1.54307,43.48255],[-1.54279,43.48245],[-1.54269,43.48265],[-1.5425,43.48253],[-1.54238,43.48246],[-1.54232,43.48243],[-1.54199,43.48224],[-1.54176,43.4821],[-1.5416,43.482],[-1.54137,43.48187],[-1.54131,43.48184],[-1.54117,43.48176],[-1.54083,43.4817],[-1.54068,43.48167],[-1.54076,43.48139],[-1.54125,43.48085],[-1.54128,43.48082],[-1.54231,43.4807],[-1.54231,43.48065],[-1.5423,43.48],[-1.54234,43.48],[-1.54264,43.47994],[-1.54258,43.47987],[-1.54259,43.47984],[-1.54259,43.47969],[-1.5426,43.4795],[-1.5426,43.47932],[-1.5426,43.47921],[-1.54259,43.47914],[-1.54259,43.47904],[-1.54302,43.4788],[-1.54328,43.47866],[-1.54352,43.47856],[-1.54458,43.47823],[-1.54478,43.47815],[-1.5449,43.4782],[-1.54506,43.47823],[-1.54538,43.47838],[-1.54544,43.47841],[-1.54573,43.47859],[-1.54607,43.47881],[-1.54629,43.47895],[-1.54656,43.47917],[-1.54631,43.47932],[-1.54628,43.47935],[-1.54612,43.47949],[-1.54588,43.47977],[-1.54578,43.47992],[-1.54565,43.4801],[-1.54563,43.4801],[-1.54545,43.48006],[-1.54541,43.48005],[-1.54535,43.48004],[-1.54517,43.48],[-1.5451,43.47998],[-1.54501,43.47995],[-1.54497,43.47994],[-1.5449,43.47992],[-1.54476,43.47988],[-1.54472,43.47987],[-1.54463,43.47984],[-1.5446,43.47983],[-1.5445,43.47979],[-1.54445,43.47988],[-1.54441,43.47987],[-1.5443,43.48008],[-1.54428,43.48011],[-1.54423,43.48009],[-1.54421,43.48012],[-1.54409,43.48034],[-1.54418,43.48037],[-1.54426,43.48039],[-1.54432,43.48041],[-1.54434,43.48042],[-1.54461,43.48045],[-1.54465,43.48045],[-1.54457,43.48074],[-1.54534,43.48082],[-1.54507,43.48131],[-1.54514,43.48133],[-1.54528,43.48138],[-1.54535,43.48141],[-1.54541,43.48143],[-1.5455,43.48147],[-1.54562,43.48152],[-1.54566,43.48154],[-1.54578,43.48158],[-1.54589,43.48163],[-1.54593,43.48164],[-1.54597,43.48166],[-1.54606,43.48169],[-1.54607,43.4817],[-1.54617,43.48173],[-1.54628,43.48177],[-1.54632,43.48179],[-1.54635,43.4818],[-1.54638,43.48181],[-1.54649,43.48185],[-1.5465,43.48183],[-1.54668,43.48189],[-1.54667,43.48191],[-1.54685,43.48197],[-1.5469,43.48198],[-1.5467,43.48229],[-1.54676,43.48232],[-1.54698,43.48239],[-1.54708,43.48243],[-1.54707,43.48245],[-1.54705,43.48253],[-1.547,43.48263],[-1.54701,43.48263],[-1.54699,43.48266],[-1.54697,43.4827],[-1.54727,43.4828],[-1.54731,43.48281],[-1.54721,43.48297],[-1.54693,43.48341],[-1.54643,43.4832],[-1.54635,43.48328],[-1.5466,43.48392],[-1.54698,43.48425],[-1.54704,43.48442],[-1.54707,43.48449],[-1.5471,43.48455],[-1.54712,43.48463],[-1.54713,43.48467],[-1.54714,43.48476],[-1.54715,43.48484],[-1.54717,43.48493],[-1.54706,43.48493],[-1.54707,43.485],[-1.54685,43.48511],[-1.54657,43.48525],[-1.54624,43.48536],[-1.54566,43.48548],[-1.54558,43.48549],[-1.54549,43.4855],[-1.54554,43.48544],[-1.54554,43.48544],[-1.54556,43.48543],[-1.54557,43.48542],[-1.54559,43.48541],[-1.5456,43.4854],[-1.54562,43.48538],[-1.54566,43.48528],[-1.54575,43.48506],[-1.54575,43.48505]]]]},"geometry_name":"the_geom","properties":{"libelle":"UC","libelong":"UC","typezone":"U"}},{"type":"Feature","id":"zone_urba.3130361","geometry":{"type":"MultiPolygon","coordinates":[[[[-1.55089,43.48487],[-1.55068,43.48485],[-1.55049,43.4848],[-1.5501,43.4846],[-1.54948,43.48422],[-1.54966,43.48405],[-1.55016,43.4837],[-1.5502,43.48367],[-1.55104,43.48217],[-1.55143,43.48217],[-1.55212,43.48207],[-1.5522,43.48203],[-1.5527,43.48295],[-1.55267,43.48295],[-1.55249,43.48302],[-1.55252,43.48306],[-1.55253,43.48309],[-1.5526,43.48318],[-1.55262,43.48321],[-1.55267,43.48327],[-1.55275,43.48339],[-1.55275,43.48342],[-1.55275,43.48342],[-1.55243,43.48347],[-1.55238,43.48349],[-1.55234,43.48351],[-1.55237,43.48363],[-1.55238,43.48367],[-1.55226,43.48368],[-1.55226,43.48371],[-1.55228,43.48381],[-1.55229,43.48383],[-1.55247,43.48382],[-1.55247,43.48387],[-1.55248,43.48396],[-1.55248,43.484],[-1.55248,43.4841],[-1.55249,43.48426],[-1.55249,43.48434],[-1.55249,43.48439],[-1.5525,43.48451],[-1.5525,43.48455],[-1.55239,43.48457],[-1.5524,43.4846],[-1.55241,43.48464],[-1.55241,43.48467],[-1.55242,43.48473],[-1.55186,43.48482],[-1.55136,43.48483],[-1.55089,43.48487]]]]},"geometry_name":"the_geom","properties":{"libelle":"UDa","libelong":"UDa","typezone":"U"}},{"type":"Feature","id":"zone_urba.3130373","geometry":{"type":"MultiPolygon","coordinates":[[[[-1.55747,43.48599],[-1.55669,43.48551],[-1.55638,43.48525],[-1.55611,43.48515],[-1.55506,43.48518],[-1.55415,43.48521],[-1.55418,43.48512],[-1.55426,43.48501],[-1.55464,43.48468],[-1.55466,43.48466],[-1.55457,43.48457],[-1.55506,43.48438],[-1.55576,43.48421],[-1.55615,43.48414],[-1.5567,43.4841],[-1.5571,43.48409],[-1.55708,43.48284],[-1.55708,43.4818],[-1.55724,43.4818],[-1.55724,43.48177],[-1.55722,43.48155],[-1.55723,43.48155],[-1.55723,43.48151],[-1.5572,43.48151],[-1.55721,43.48149],[-1.55719,43.48125],[-1.55711,43.48125],[-1.55711,43.48122],[-1.55716,43.48122],[-1.55714,43.4811],[-1.55712,43.48111],[-1.55711,43.48106],[-1.55713,43.48106],[-1.5571,43.48097],[-1.55711,43.48096],[-1.55719,43.4809],[-1.55725,43.48085],[-1.55724,43.48085],[-1.5568,43.48061],[-1.55665,43.48056],[-1.55662,43.48055],[-1.55655,43.48053],[-1.55648,43.48051],[-1.55649,43.48049],[-1.55654,43.48042],[-1.55658,43.4804],[-1.55655,43.48038],[-1.55662,43.48034],[-1.55663,43.48033],[-1.5567,43.48029],[-1.55682,43.4804],[-1.55689,43.48039],[-1.55693,43.48038],[-1.55704,43.48024],[-1.55709,43.48025],[-1.55746,43.48035],[-1.55875,43.4806],[-1.55862,43.48024],[-1.55777,43.48006],[-1.55772,43.48005],[-1.55775,43.48],[-1.55776,43.47999],[-1.55793,43.47971],[-1.558,43.47971],[-1.55804,43.47971],[-1.55848,43.47973],[-1.55865,43.47973],[-1.55861,43.47994],[-1.55887,43.47996],[-1.56047,43.48004],[-1.56056,43.47905],[-1.55999,43.47901],[-1.55996,43.47882],[-1.55996,43.47873],[-1.56002,43.47873],[-1.5602,43.47874],[-1.56037,43.47874],[-1.56054,43.47874],[-1.56054,43.4788],[-1.56053,43.47897],[-1.56053,43.479],[-1.56091,43.47901],[-1.56127,43.47902],[-1.56127,43.47899],[-1.56128,43.47878],[-1.56141,43.47878],[-1.56163,43.47869],[-1.56164,43.47869],[-1.56186,43.47895],[-1.56191,43.47901],[-1.56227,43.47914],[-1.56251,43.47921],[-1.56364,43.4795],[-1.56366,43.47951],[-1.56367,43.47948],[-1.5637,43.47943],[-1.56369,43.47942],[-1.5638,43.47922],[-1.56382,43.47919],[-1.56391,43.47906],[-1.56397,43.47871],[-1.56398,43.47865],[-1.56463,43.47871],[-1.5648,43.47882],[-1.56533,43.47893],[-1.56542,43.47912],[-1.56547,43.47914],[-1.56561,43.47916],[-1.56563,43.47921],[-1.56557,43.47927],[-1.56556,43.47928],[-1.56554,43.47931],[-1.56552,43.47936],[-1.56549,43.47943],[-1.56545,43.47946],[-1.56541,43.47964],[-1.56538,43.47976],[-1.56539,43.47979],[-1.56539,43.47983],[-1.5654,43.47987],[-1.56543,43.47991],[-1.56545,43.47996],[-1.56547,43.48004],[-1.56548,43.4802],[-1.56548,43.48022],[-1.56548,43.48024],[-1.56549,43.48026],[-1.56551,43.4803],[-1.56552,43.48032],[-1.56559,43.4804],[-1.56561,43.48047],[-1.56563,43.48055],[-1.56567,43.48061],[-1.56569,43.48065],[-1.56571,43.48068],[-1.56572,43.4807],[-1.56574,43.48071],[-1.56575,43.48072],[-1.56577,43.48074],[-1.56579,43.48074],[-1.56596,43.48081],[-1.56613,43.48088],[-1.56615,43.48089],[-1.56639,43.48096],[-1.56651,43.48101],[-1.56682,43.48113],[-1.56684,43.48114],[-1.56696,43.48116],[-1.56717,43.48118],[-1.56732,43.48123],[-1.56746,43.48128],[-1.5676,43.48131],[-1.56773,43.48132],[-1.56778,43.48133],[-1.56782,43.48135],[-1.56806,43.48137],[-1.56811,43.48138],[-1.56818,43.48142],[-1.56825,43.48143],[-1.56827,43.48143],[-1.56832,43.48144],[-1.56835,43.48145],[-1.5684,43.48146],[-1.56846,43.48147],[-1.56857,43.48154],[-1.56858,43.48155],[-1.56859,43.48156],[-1.5686,43.48157],[-1.5686,43.48158],[-1.56861,43.48159],[-1.56859,43.48162],[-1.56857,43.48167],[-1.56857,43.4817],[-1.56856,43.48171],[-1.56856,43.48173],[-1.56839,43.48192],[-1.56838,43.48193],[-1.56835,43.48195],[-1.56833,43.48198],[-1.56834,43.48199],[-1.56832,43.48217],[-1.5682,43.48221],[-1.56816,43.48221],[-1.56816,43.4822],[-1.56817,43.48219],[-1.56771,43.48215],[-1.56771,43.48221],[-1.56749,43.48218],[-1.56748,43.48223],[-1.56734,43.48261],[-1.56759,43.48273],[-1.56765,43.48276],[-1.56766,43.48276],[-1.56768,43.48277],[-1.56796,43.48286],[-1.56801,43.48294],[-1.56809,43.48308],[-1.5681,43.48311],[-1.56812,43.48312],[-1.56812,43.48313],[-1.56831,43.48344],[-1.56825,43.48349],[-1.56818,43.48354],[-1.56812,43.4836],[-1.56799,43.48371],[-1.56788,43.48378],[-1.56784,43.48376],[-1.5678,43.48376],[-1.56777,43.48375],[-1.56776,43.48375],[-1.56774,43.48375],[-1.56772,43.48375],[-1.5677,43.48375],[-1.56769,43.48375],[-1.56768,43.48375],[-1.56767,43.48374],[-1.56765,43.48373],[-1.56763,43.48372],[-1.56762,43.48371],[-1.56761,43.4837],[-1.56757,43.48369],[-1.56748,43.48366],[-1.56739,43.48363],[-1.56737,43.48362],[-1.56738,43.48357],[-1.56738,43.4835],[-1.56735,43.48341],[-1.56729,43.48337],[-1.56718,43.48331],[-1.56714,43.48329],[-1.56711,43.48327],[-1.56709,43.48326],[-1.56701,43.4832],[-1.5669,43.48314],[-1.5669,43.48314],[-1.5666,43.483],[-1.56631,43.48293],[-1.56602,43.48284],[-1.56581,43.48279],[-1.56573,43.48282],[-1.56562,43.48286],[-1.56557,43.48288],[-1.56539,43.4829],[-1.56526,43.48292],[-1.56526,43.48293],[-1.5652,43.48293],[-1.56516,43.48294],[-1.56511,43.48294],[-1.56507,43.48295],[-1.56501,43.48296],[-1.56488,43.48298],[-1.5648,43.483],[-1.56436,43.48308],[-1.56416,43.48311],[-1.56416,43.48314],[-1.56403,43.48316],[-1.56393,43.48317],[-1.56387,43.48317],[-1.56362,43.48318],[-1.56358,43.48318],[-1.56351,43.48319],[-1.56345,43.4832],[-1.56337,43.48322],[-1.56329,43.48324],[-1.56319,43.48328],[-1.56294,43.48336],[-1.56277,43.48342],[-1.56273,43.48344],[-1.56267,43.48347],[-1.56266,43.48348],[-1.56264,43.48349],[-1.5626,43.48354],[-1.56256,43.4836],[-1.56255,43.48362],[-1.56254,43.48363],[-1.5625,43.48367],[-1.5624,43.48374],[-1.56239,43.48375],[-1.56237,43.48377],[-1.56237,43.48378],[-1.56238,43.48379],[-1.56238,43.48381],[-1.56239,43.48382],[-1.5624,43.48382],[-1.5624,43.48383],[-1.5624,43.48383],[-1.56239,43.48384],[-1.56238,43.48384],[-1.56236,43.48385],[-1.56232,43.48385],[-1.56215,43.48385],[-1.562,43.48385],[-1.562,43.48385],[-1.56199,43.48384],[-1.56199,43.48384],[-1.56191,43.48375],[-1.56188,43.48372],[-1.56176,43.48363],[-1.56174,43.48362],[-1.56175,43.48361],[-1.56175,43.4836],[-1.56175,43.48359],[-1.56175,43.48357],[-1.56174,43.48353],[-1.56172,43.4835],[-1.56171,43.48349],[-1.56169,43.48346],[-1.56168,43.48345],[-1.56167,43.48344],[-1.56165,43.48343],[-1.56164,43.48343],[-1.56161,43.48342],[-1.56159,43.48341],[-1.56156,43.4834],[-1.56153,43.4834],[-1.56151,43.4834],[-1.56148,43.4834],[-1.56147,43.4834],[-1.56127,43.48341],[-1.56074,43.48346],[-1.56067,43.48347],[-1.56063,43.48347],[-1.56059,43.48348],[-1.56056,43.48349],[-1.56052,43.4835],[-1.56047,43.48351],[-1.56041,43.48353],[-1.56038,43.48355],[-1.56037,43.48355],[-1.56032,43.48357],[-1.56029,43.48359],[-1.56025,43.48361],[-1.56023,43.48362],[-1.56005,43.48374],[-1.55998,43.48379],[-1.55951,43.48412],[-1.5594,43.4842],[-1.55888,43.48455],[-1.55873,43.48467],[-1.5586,43.48477],[-1.55847,43.48489],[-1.55826,43.48507],[-1.55818,43.48516],[-1.55803,43.48531],[-1.55747,43.48599]],[[-1.5585,43.48208],[-1.55851,43.48207],[-1.55852,43.48207],[-1.55853,43.48206],[-1.55853,43.48205],[-1.55855,43.48198],[-1.55798,43.48188],[-1.55799,43.48204],[-1.558,43.48209],[-1.55805,43.4821],[-1.55823,43.48214],[-1.55846,43.4822],[-1.55847,43.48218],[-1.55847,43.48217],[-1.5585,43.48208]],[[-1.55898,43.48371],[-1.55874,43.48356],[-1.55874,43.48356],[-1.55864,43.48364],[-1.55888,43.48379],[-1.55898,43.48371]]]]},"geometry_name":"the_geom","properties":{"libelle":"UAs","libelong":"UAs","typezone":"U"}},{"type":"Feature","id":"zone_urba.3130406","geometry":{"type":"MultiPolygon","coordinates":[[[[-1.55457,43.48457],[-1.55466,43.48466],[-1.55464,43.48468],[-1.55426,43.48501],[-1.55418,43.48512],[-1.55415,43.48521],[-1.55506,43.48518],[-1.55611,43.48515],[-1.55638,43.48525],[-1.55669,43.48551],[-1.55747,43.48599],[-1.5574,43.48607],[-1.5574,43.48608],[-1.5574,43.48608],[-1.55742,43.48609],[-1.55742,43.4861],[-1.55742,43.48611],[-1.55722,43.4863],[-1.55723,43.48632],[-1.55734,43.48637],[-1.55742,43.4864],[-1.55743,43.48642],[-1.55744,43.48644],[-1.55743,43.48644],[-1.55742,43.48645],[-1.55741,43.48645],[-1.55737,43.48645],[-1.55736,43.48645],[-1.55735,43.48645],[-1.55735,43.48646],[-1.55735,43.48646],[-1.55735,43.48647],[-1.55735,43.48648],[-1.55735,43.48649],[-1.55722,43.48653],[-1.55708,43.48669],[-1.55708,43.4867],[-1.55709,43.48671],[-1.5571,43.48671],[-1.55711,43.48672],[-1.55712,43.48672],[-1.55714,43.48673],[-1.55715,43.48674],[-1.55716,43.48675],[-1.55716,43.48676],[-1.55717,43.48677],[-1.55717,43.48678],[-1.55716,43.48679],[-1.55715,43.48679],[-1.55714,43.4868],[-1.55712,43.48681],[-1.55709,43.48682],[-1.55706,43.48683],[-1.55701,43.48684],[-1.55701,43.48685],[-1.55689,43.48699],[-1.55687,43.48699],[-1.55687,43.48701],[-1.55687,43.48702],[-1.55687,43.48703],[-1.55686,43.48704],[-1.55682,43.48707],[-1.55682,43.48708],[-1.55681,43.48709],[-1.55681,43.4871],[-1.55681,43.48711],[-1.55681,43.48712],[-1.5568,43.48713],[-1.55679,43.48714],[-1.55678,43.48715],[-1.55677,43.48715],[-1.55676,43.48716],[-1.55675,43.48716],[-1.55672,43.48714],[-1.55658,43.48719],[-1.55656,43.48719],[-1.55633,43.48719],[-1.55627,43.48719],[-1.55621,43.4872],[-1.55614,43.48722],[-1.55611,43.48723],[-1.55608,43.48724],[-1.55605,43.48727],[-1.55577,43.48749],[-1.55573,43.48746],[-1.55437,43.48857],[-1.55436,43.48856],[-1.55398,43.48831],[-1.55391,43.4882],[-1.5538,43.48813],[-1.55381,43.48798],[-1.55367,43.48783],[-1.55374,43.48776],[-1.55375,43.48775],[-1.55388,43.48766],[-1.55414,43.48749],[-1.55428,43.48739],[-1.55469,43.48711],[-1.55491,43.48696],[-1.55505,43.48686],[-1.55514,43.48679],[-1.55517,43.48676],[-1.55519,43.48674],[-1.55522,43.48669],[-1.55524,43.48666],[-1.55526,43.48663],[-1.55529,43.48659],[-1.55531,43.48654],[-1.55532,43.48651],[-1.55533,43.48648],[-1.55534,43.48644],[-1.55538,43.48619],[-1.55539,43.48616],[-1.5554,43.48614],[-1.55543,43.48607],[-1.55544,43.48604],[-1.55536,43.48602],[-1.55516,43.48597],[-1.55498,43.48595],[-1.55499,43.48592],[-1.55512,43.48569],[-1.55483,43.48562],[-1.55478,43.48561],[-1.55476,43.48564],[-1.55472,43.48564],[-1.55438,43.48554],[-1.55411,43.48548],[-1.55404,43.48547],[-1.55397,43.48562],[-1.55387,43.48567],[-1.55375,43.4857],[-1.55335,43.48579],[-1.55284,43.48586],[-1.55184,43.48597],[-1.55159,43.48602],[-1.55154,43.48587],[-1.55141,43.48571],[-1.55122,43.48569],[-1.55108,43.48568],[-1.55023,43.48571],[-1.5501,43.48571],[-1.55,43.48572],[-1.55,43.48566],[-1.54998,43.4854],[-1.54998,43.48534],[-1.54986,43.48535],[-1.54985,43.48529],[-1.54984,43.48513],[-1.54994,43.48513],[-1.55,43.48512],[-1.55012,43.48512],[-1.55015,43.48512],[-1.54988,43.48492],[-1.5496,43.48474],[-1.54944,43.48464],[-1.54908,43.48444],[-1.54897,43.48439],[-1.54881,43.48463],[-1.54875,43.48461],[-1.54717,43.48426],[-1.54698,43.48425],[-1.5466,43.48392],[-1.54635,43.48328],[-1.54643,43.4832],[-1.54693,43.48341],[-1.54721,43.48297],[-1.54725,43.48298],[-1.54757,43.48308],[-1.54765,43.48311],[-1.54778,43.48315],[-1.54782,43.48317],[-1.54776,43.48331],[-1.54824,43.4834],[-1.54844,43.48345],[-1.54872,43.4835],[-1.5487,43.48358],[-1.5487,43.4836],[-1.54873,43.48363],[-1.54874,43.48364],[-1.54895,43.48377],[-1.54916,43.4839],[-1.54918,43.48388],[-1.54919,43.48389],[-1.54925,43.48382],[-1.54946,43.48396],[-1.54963,43.48404],[-1.54966,43.48405],[-1.54948,43.48422],[-1.5501,43.4846],[-1.55049,43.4848],[-1.55068,43.48485],[-1.55089,43.48487],[-1.55136,43.48483],[-1.55186,43.48482],[-1.55242,43.48473],[-1.5528,43.48466],[-1.55289,43.4847],[-1.55339,43.48483],[-1.55361,43.48486],[-1.55393,43.48481],[-1.55419,43.48474],[-1.55457,43.48457]]]]},"geometry_name":"the_geom","properties":{"libelle":"UA","libelong":"UA","typezone":"U"}},{"type":"Feature","id":"zone_urba.3130393","geometry":{"type":"MultiPolygon","coordinates":[[[[-1.56687,43.48347],[-1.56709,43.48326],[-1.56711,43.48327],[-1.56714,43.48329],[-1.56718,43.48331],[-1.56729,43.48337],[-1.56735,43.48341],[-1.56738,43.4835],[-1.56738,43.48357],[-1.56737,43.48362],[-1.56739,43.48363],[-1.56739,43.48364],[-1.56737,43.48366],[-1.56735,43.48368],[-1.56734,43.48369],[-1.56733,43.4837],[-1.56731,43.48371],[-1.56727,43.48369],[-1.56703,43.48357],[-1.56698,43.48354],[-1.56694,43.48351],[-1.56687,43.48347]]]]},"geometry_name":"the_geom","properties":{"libelle":"UAg","libelong":"UAg","typezone":"U"}},{"type":"Feature","id":"zone_urba.3130288","geometry":{"type":"MultiPolygon","coordinates":[[[[-1.56277,43.48342],[-1.56294,43.48336],[-1.56319,43.48328],[-1.56329,43.48324],[-1.56337,43.48322],[-1.56345,43.4832],[-1.56351,43.48319],[-1.56358,43.48318],[-1.56362,43.48318],[-1.56387,43.48317],[-1.56393,43.48317],[-1.56403,43.48316],[-1.56416,43.48314],[-1.56416,43.48311],[-1.56436,43.48308],[-1.5648,43.483],[-1.56488,43.48298],[-1.56501,43.48296],[-1.56507,43.48295],[-1.56511,43.48294],[-1.56516,43.48294],[-1.5652,43.48293],[-1.56526,43.48293],[-1.56526,43.48292],[-1.56539,43.4829],[-1.56557,43.48288],[-1.56562,43.48286],[-1.56573,43.48282],[-1.56581,43.48279],[-1.56602,43.48284],[-1.56631,43.48293],[-1.5666,43.483],[-1.5669,43.48314],[-1.56688,43.48317],[-1.56687,43.4832],[-1.56685,43.48324],[-1.56665,43.4832],[-1.56651,43.48318],[-1.56637,43.48337],[-1.56608,43.48329],[-1.56608,43.48327],[-1.56609,43.48317],[-1.56578,43.48315],[-1.56578,43.4832],[-1.56578,43.4832],[-1.56577,43.48321],[-1.56573,43.48322],[-1.56572,43.48323],[-1.56571,43.48324],[-1.56569,43.48325],[-1.56568,43.48326],[-1.56568,43.48328],[-1.56572,43.48332],[-1.56571,43.48335],[-1.56571,43.48336],[-1.5657,43.48337],[-1.5657,43.48337],[-1.56569,43.48336],[-1.56568,43.48336],[-1.56565,43.48333],[-1.56564,43.48332],[-1.56564,43.48332],[-1.56559,43.48333],[-1.56559,43.48333],[-1.56559,43.48334],[-1.56558,43.48334],[-1.56557,43.48334],[-1.56553,43.48335],[-1.56547,43.48334],[-1.56543,43.48335],[-1.56541,43.48337],[-1.5654,43.48337],[-1.565,43.48336],[-1.56488,43.48335],[-1.56488,43.48337],[-1.56487,43.48337],[-1.56485,43.48337],[-1.56484,43.48337],[-1.56484,43.48336],[-1.56483,43.48336],[-1.56482,43.48334],[-1.5648,43.48332],[-1.56479,43.48332],[-1.56479,43.48331],[-1.56478,43.4833],[-1.56478,43.48329],[-1.56476,43.48327],[-1.56475,43.48327],[-1.56473,43.48327],[-1.56471,43.48327],[-1.56453,43.48328],[-1.56439,43.48328],[-1.56404,43.48333],[-1.564,43.48333],[-1.564,43.48335],[-1.56369,43.48334],[-1.56364,43.48334],[-1.56357,43.48334],[-1.56354,43.48334],[-1.56349,43.48335],[-1.56344,43.48335],[-1.5634,43.48336],[-1.56332,43.48337],[-1.56328,43.48338],[-1.56325,43.48339],[-1.56293,43.48348],[-1.56288,43.4835],[-1.56274,43.48355],[-1.56271,43.48356],[-1.56269,43.48357],[-1.5626,43.4836],[-1.56256,43.4836],[-1.5626,43.48354],[-1.56264,43.48349],[-1.56266,43.48348],[-1.56267,43.48347],[-1.56273,43.48344],[-1.56277,43.48342]]]]},"geometry_name":"the_geom","properties":{"libelle":"Nd","libelong":"Nd","typezone":"N"}},{"type":"Feature","id":"zone_urba.3130295","geometry":{"type":"MultiPolygon","coordinates":[[[[-1.56216,43.48392],[-1.56209,43.4839],[-1.56206,43.48391],[-1.56205,43.48391],[-1.56204,43.48391],[-1.56203,43.4839],[-1.56202,43.4839],[-1.562,43.48385],[-1.56215,43.48385],[-1.56232,43.48385],[-1.56236,43.48385],[-1.56234,43.48385],[-1.56233,43.48386],[-1.56232,43.48387],[-1.56232,43.48388],[-1.56231,43.4839],[-1.56231,43.48393],[-1.5623,43.48394],[-1.5623,43.48395],[-1.56229,43.48395],[-1.56228,43.48396],[-1.56228,43.48396],[-1.56226,43.48396],[-1.56226,43.48396],[-1.56224,43.48395],[-1.56222,43.48393],[-1.5622,43.48393],[-1.56216,43.48392]]]]},"geometry_name":"the_geom","properties":{"libelle":"Ner","libelong":"Ner","typezone":"N"}},{"type":"Feature","id":"zone_urba.3130318","geometry":{"type":"MultiPolygon","coordinates":[[[[-1.56547,43.48377],[-1.56547,43.48376],[-1.56542,43.48377],[-1.56538,43.48377],[-1.56537,43.48378],[-1.56535,43.48379],[-1.56535,43.4838],[-1.56534,43.4838],[-1.56533,43.4838],[-1.56532,43.4838],[-1.5653,43.48379],[-1.56524,43.48377],[-1.56523,43.48377],[-1.56517,43.48378],[-1.56513,43.48378],[-1.56513,43.48378],[-1.56512,43.48378],[-1.56512,43.48378],[-1.56512,43.48379],[-1.56512,43.48381],[-1.56508,43.48383],[-1.56502,43.48383],[-1.56493,43.48383],[-1.56491,43.48382],[-1.56488,43.48381],[-1.56487,43.48381],[-1.56486,43.4838],[-1.56486,43.4838],[-1.56487,43.4838],[-1.56489,43.48377],[-1.5649,43.48377],[-1.56492,43.48376],[-1.56492,43.48376],[-1.56495,43.48376],[-1.56497,43.48372],[-1.56505,43.48367],[-1.56512,43.48363],[-1.56511,43.48361],[-1.56509,43.48357],[-1.56504,43.48355],[-1.56501,43.48355],[-1.56499,43.48354],[-1.56494,43.48354],[-1.56489,43.48353],[-1.56487,43.48353],[-1.56487,43.48353],[-1.56486,43.48354],[-1.56483,43.48353],[-1.56477,43.48373],[-1.56476,43.48376],[-1.56473,43.48379],[-1.56477,43.48382],[-1.56475,43.48386],[-1.56474,43.48387],[-1.56472,43.48388],[-1.56468,43.48389],[-1.56456,43.48391],[-1.56453,43.48391],[-1.5645,43.48388],[-1.56447,43.48387],[-1.56444,43.48385],[-1.56442,43.48385],[-1.56438,43.48392],[-1.56435,43.48392],[-1.56431,43.4839],[-1.56425,43.48388],[-1.56418,43.48389],[-1.5641,43.4839],[-1.56397,43.48386],[-1.56394,43.48373],[-1.56393,43.4837],[-1.56397,43.4837],[-1.56395,43.48364],[-1.56395,43.48361],[-1.56397,43.48354],[-1.56399,43.48348],[-1.564,43.48345],[-1.564,43.48338],[-1.56401,43.48338],[-1.564,43.48337],[-1.564,43.48335],[-1.564,43.48333],[-1.56404,43.48333],[-1.56439,43.48328],[-1.56453,43.48328],[-1.56471,43.48327],[-1.56473,43.48327],[-1.56475,43.48327],[-1.56476,43.48327],[-1.56478,43.48329],[-1.56478,43.4833],[-1.56479,43.48331],[-1.56479,43.48332],[-1.5648,43.48332],[-1.56482,43.48334],[-1.56483,43.48336],[-1.56484,43.48336],[-1.56484,43.48337],[-1.56485,43.48337],[-1.56487,43.48337],[-1.56488,43.48337],[-1.56488,43.48335],[-1.565,43.48336],[-1.5654,43.48337],[-1.56541,43.48337],[-1.56543,43.48335],[-1.56547,43.48334],[-1.56553,43.48335],[-1.56557,43.48334],[-1.56558,43.48334],[-1.56559,43.48334],[-1.56559,43.48333],[-1.56559,43.48333],[-1.56564,43.48332],[-1.56564,43.48332],[-1.56565,43.48333],[-1.56568,43.48336],[-1.56569,43.48336],[-1.5657,43.48337],[-1.5657,43.48337],[-1.56575,43.48343],[-1.56576,43.48343],[-1.56577,43.48343],[-1.56579,43.48343],[-1.56581,43.48343],[-1.56582,43.48344],[-1.56585,43.48345],[-1.56589,43.48346],[-1.56592,43.48348],[-1.56594,43.48349],[-1.56595,43.4835],[-1.56595,43.48351],[-1.56595,43.48351],[-1.56595,43.48352],[-1.56594,43.48353],[-1.56594,43.48353],[-1.56593,43.48353],[-1.56592,43.48352],[-1.56592,43.48352],[-1.56591,43.48352],[-1.56591,43.48353],[-1.56591,43.48353],[-1.56591,43.48354],[-1.56591,43.48355],[-1.56592,43.48358],[-1.56592,43.48359],[-1.56591,43.48359],[-1.56591,43.48359],[-1.5659,43.48359],[-1.56589,43.48358],[-1.56585,43.48355],[-1.56583,43.48355],[-1.56586,43.48379],[-1.56591,43.48401],[-1.56591,43.48401],[-1.56583,43.48394],[-1.56567,43.48387],[-1.56557,43.48382],[-1.56547,43.48378],[-1.56547,43.48377]]]]},"geometry_name":"the_geom","properties":{"libelle":"Ner","libelong":"Ner","typezone":"N"}},{"type":"Feature","id":"zone_urba.3130340","geometry":{"type":"MultiPolygon","coordinates":[[[[-1.55637,43.48047],[-1.55628,43.48043],[-1.55627,43.48044],[-1.55622,43.48041],[-1.55622,43.48039],[-1.55623,43.48038],[-1.5562,43.48037],[-1.55604,43.48029],[-1.55587,43.48021],[-1.55584,43.4802],[-1.55578,43.48026],[-1.55571,43.48033],[-1.55567,43.48035],[-1.55566,43.48035],[-1.55565,43.48038],[-1.55562,43.48045],[-1.55548,43.48045],[-1.55543,43.48045],[-1.55543,43.48042],[-1.55543,43.48034],[-1.5554,43.48014],[-1.55546,43.48011],[-1.5556,43.48005],[-1.55554,43.48],[-1.55555,43.47999],[-1.55548,43.47993],[-1.55547,43.47992],[-1.55542,43.47992],[-1.55539,43.4799],[-1.55534,43.4799],[-1.55528,43.47989],[-1.55512,43.47985],[-1.55511,43.47982],[-1.55523,43.47969],[-1.55528,43.47966],[-1.55522,43.4796],[-1.55518,43.47955],[-1.55527,43.47949],[-1.55548,43.47935],[-1.55552,43.47933],[-1.5557,43.47948],[-1.55578,43.47954],[-1.55582,43.47952],[-1.55583,43.47952],[-1.55582,43.4795],[-1.55583,43.47947],[-1.55585,43.47945],[-1.55588,43.47943],[-1.55591,43.47943],[-1.55595,43.47943],[-1.556,43.47944],[-1.55634,43.47953],[-1.55644,43.47957],[-1.55653,43.47962],[-1.55659,43.47966],[-1.55669,43.47974],[-1.55706,43.48005],[-1.55709,43.48007],[-1.55711,43.4801],[-1.55711,43.48013],[-1.5571,43.48016],[-1.55707,43.48019],[-1.55704,43.48024],[-1.55693,43.48038],[-1.55689,43.48039],[-1.55682,43.4804],[-1.5567,43.48029],[-1.55663,43.48033],[-1.55662,43.48034],[-1.55655,43.48038],[-1.55658,43.4804],[-1.55654,43.48042],[-1.55649,43.48049],[-1.55648,43.48051],[-1.55637,43.48047]]]]},"geometry_name":"the_geom","properties":{"libelle":"UBa","libelong":"UBa","typezone":"U"}},{"type":"Feature","id":"zone_urba.3130374","geometry":{"type":"MultiPolygon","coordinates":[[[[-1.56231,43.47888],[-1.56231,43.47887],[-1.56231,43.47887],[-1.56233,43.47878],[-1.56233,43.47876],[-1.56252,43.47878],[-1.56256,43.47856],[-1.56258,43.47851],[-1.56385,43.47864],[-1.56398,43.47865],[-1.56397,43.47871],[-1.56391,43.47906],[-1.56382,43.47919],[-1.5638,43.47922],[-1.56369,43.47942],[-1.5637,43.47943],[-1.56367,43.47948],[-1.56366,43.47951],[-1.56364,43.4795],[-1.56251,43.47921],[-1.56227,43.47914],[-1.56228,43.47911],[-1.56231,43.47888]]]]},"geometry_name":"the_geom","properties":{"libelle":"UD","libelong":"UD","typezone":"U"}},{"type":"Feature","id":"zone_urba.3130378","geometry":{"type":"MultiPolygon","coordinates":[[[[-1.56269,43.48357],[-1.56271,43.48356],[-1.56285,43.48367],[-1.56288,43.48367],[-1.56289,43.48367],[-1.5629,43.48367],[-1.56291,43.48368],[-1.56292,43.48368],[-1.56293,43.48369],[-1.56298,43.48373],[-1.563,43.48374],[-1.56302,43.48375],[-1.56304,43.48376],[-1.56309,43.48378],[-1.56321,43.48381],[-1.56321,43.48381],[-1.56322,43.48382],[-1.56322,43.48383],[-1.56322,43.48385],[-1.56322,43.48386],[-1.56321,43.48389],[-1.56321,43.48389],[-1.5632,43.4839],[-1.56318,43.48392],[-1.56318,43.48393],[-1.56318,43.48393],[-1.56318,43.48394],[-1.56319,43.48396],[-1.56321,43.48399],[-1.56324,43.48404],[-1.56328,43.48409],[-1.56328,43.48409],[-1.56329,43.4841],[-1.56331,43.48411],[-1.56331,43.48411],[-1.56333,43.48412],[-1.56337,43.48413],[-1.56337,43.48413],[-1.5634,43.48416],[-1.5634,43.48417],[-1.56341,43.48417],[-1.56341,43.48418],[-1.56341,43.48419],[-1.56341,43.4842],[-1.5634,43.48421],[-1.56339,43.48421],[-1.56339,43.48422],[-1.56338,43.48422],[-1.56332,43.4842],[-1.56324,43.4842],[-1.56322,43.48419],[-1.5632,43.48419],[-1.56317,43.48418],[-1.56314,43.48418],[-1.56312,43.48417],[-1.56309,43.48416],[-1.56308,43.48416],[-1.56306,43.48414],[-1.56304,43.48412],[-1.56302,43.48409],[-1.56295,43.48402],[-1.56294,43.48401],[-1.56281,43.48391],[-1.5628,43.4839],[-1.56279,43.4839],[-1.56279,43.48389],[-1.56279,43.48389],[-1.56279,43.48388],[-1.5628,43.48387],[-1.5628,43.48385],[-1.5628,43.48384],[-1.5628,43.48383],[-1.56279,43.48378],[-1.56279,43.48377],[-1.56279,43.48375],[-1.56281,43.48369],[-1.56283,43.48369],[-1.56269,43.48357]]]]},"geometry_name":"the_geom","properties":{"libelle":"Ner","libelong":"Ner","typezone":"N"}},{"type":"Feature","id":"zone_urba.3130231","geometry":{"type":"MultiPolygon","coordinates":[[[[-1.55823,43.48214],[-1.55805,43.4821],[-1.558,43.48209],[-1.55799,43.48204],[-1.55798,43.48188],[-1.55855,43.48198],[-1.55853,43.48205],[-1.55853,43.48206],[-1.55852,43.48207],[-1.55851,43.48207],[-1.5585,43.48208],[-1.55847,43.48217],[-1.55847,43.48218],[-1.55846,43.4822],[-1.55823,43.48214]]]]},"geometry_name":"the_geom","properties":{"libelle":"UAc","libelong":"UAc","typezone":"U"}},{"type":"Feature","id":"zone_urba.3130407","geometry":{"type":"MultiPolygon","coordinates":[[[[-1.55898,43.48371],[-1.55888,43.48379],[-1.55864,43.48364],[-1.55874,43.48356],[-1.55898,43.48371]]]]},"geometry_name":"the_geom","properties":{"libelle":"UAh","libelong":"UAh","typezone":"U"}},{"type":"Feature","id":"zone_urba.3130239","geometry":{"type":"MultiPolygon","coordinates":[[[[-1.54409,43.48034],[-1.54421,43.48012],[-1.54423,43.48009],[-1.54428,43.48011],[-1.5443,43.48008],[-1.54441,43.47987],[-1.54445,43.47988],[-1.5445,43.47979],[-1.5446,43.47983],[-1.54463,43.47984],[-1.54472,43.47987],[-1.54476,43.47988],[-1.5449,43.47992],[-1.54497,43.47994],[-1.54501,43.47995],[-1.5451,43.47998],[-1.54517,43.48],[-1.54535,43.48004],[-1.54541,43.48005],[-1.54545,43.48006],[-1.54563,43.4801],[-1.54565,43.4801],[-1.54578,43.47992],[-1.54588,43.47977],[-1.54612,43.47949],[-1.54628,43.47935],[-1.54656,43.48018],[-1.54715,43.48013],[-1.54742,43.48011],[-1.54742,43.48015],[-1.54742,43.48023],[-1.54742,43.48028],[-1.54741,43.4804],[-1.54741,43.48044],[-1.54741,43.48057],[-1.5474,43.48064],[-1.5474,43.48071],[-1.5474,43.48077],[-1.54739,43.481],[-1.54738,43.48109],[-1.54737,43.48129],[-1.54737,43.48133],[-1.54737,43.48144],[-1.54737,43.48144],[-1.54737,43.48151],[-1.54727,43.48157],[-1.54719,43.4817],[-1.54734,43.48274],[-1.54731,43.48281],[-1.54727,43.4828],[-1.54697,43.4827],[-1.54699,43.48266],[-1.54701,43.48263],[-1.547,43.48263],[-1.54705,43.48253],[-1.54707,43.48245],[-1.54708,43.48243],[-1.54698,43.48239],[-1.54676,43.48232],[-1.5467,43.48229],[-1.5469,43.48198],[-1.54685,43.48197],[-1.54667,43.48191],[-1.54668,43.48189],[-1.5465,43.48183],[-1.54649,43.48185],[-1.54638,43.48181],[-1.54635,43.4818],[-1.54632,43.48179],[-1.54628,43.48177],[-1.54617,43.48173],[-1.54607,43.4817],[-1.54606,43.48169],[-1.54597,43.48166],[-1.54593,43.48164],[-1.54589,43.48163],[-1.54578,43.48158],[-1.54566,43.48154],[-1.54562,43.48152],[-1.5455,43.48147],[-1.54541,43.48143],[-1.54535,43.48141],[-1.54528,43.48138],[-1.54514,43.48133],[-1.54507,43.48131],[-1.54534,43.48082],[-1.54457,43.48074],[-1.54465,43.48045],[-1.54461,43.48045],[-1.54434,43.48042],[-1.54432,43.48041],[-1.54426,43.48039],[-1.54418,43.48037],[-1.54409,43.48034]]]]},"geometry_name":"the_geom","properties":{"libelle":"UBa","libelong":"UBa","typezone":"U"}},{"type":"Feature","id":"zone_urba.3130276","geometry":{"type":"MultiPolygon","coordinates":[[[[-1.56176,43.48374],[-1.56175,43.48373],[-1.56175,43.48373],[-1.56171,43.48374],[-1.5617,43.48374],[-1.5617,43.48374],[-1.56169,43.48372],[-1.56168,43.48371],[-1.56168,43.48371],[-1.5616,43.48368],[-1.56159,43.48368],[-1.56158,43.48367],[-1.56158,43.48367],[-1.56158,43.48366],[-1.56158,43.48366],[-1.56159,43.48365],[-1.5616,43.48365],[-1.56163,43.48363],[-1.56165,43.48363],[-1.56166,43.48363],[-1.56168,43.48363],[-1.56168,43.48362],[-1.56165,43.48361],[-1.56162,43.48355],[-1.56161,43.48353],[-1.56159,43.48351],[-1.56158,43.4835],[-1.56156,43.48348],[-1.56153,43.48346],[-1.5615,43.48345],[-1.56148,43.48344],[-1.56147,43.48344],[-1.56143,43.48343],[-1.56141,43.48343],[-1.56138,43.48342],[-1.56135,43.48342],[-1.56132,43.48342],[-1.56127,43.48343],[-1.56127,43.48341],[-1.56147,43.4834],[-1.56148,43.4834],[-1.56151,43.4834],[-1.56153,43.4834],[-1.56156,43.4834],[-1.56159,43.48341],[-1.56161,43.48342],[-1.56164,43.48343],[-1.56165,43.48343],[-1.56167,43.48344],[-1.56168,43.48345],[-1.56169,43.48346],[-1.56171,43.48349],[-1.56172,43.4835],[-1.56174,43.48353],[-1.56175,43.48357],[-1.56175,43.48359],[-1.56175,43.4836],[-1.56175,43.48361],[-1.56174,43.48362],[-1.56176,43.48363],[-1.56188,43.48372],[-1.56191,43.48375],[-1.56199,43.48384],[-1.56198,43.48384],[-1.56198,43.48383],[-1.56192,43.48384],[-1.5619,43.48384],[-1.56188,43.48383],[-1.56186,43.48383],[-1.56184,43.48382],[-1.56183,43.48381],[-1.56182,43.4838],[-1.56176,43.48374]]]]},"geometry_name":"the_geom","properties":{"libelle":"Ner","libelong":"Ner","typezone":"N"}},{"type":"Feature","id":"zone_urba.3130278","geometry":{"type":"MultiPolygon","coordinates":[[[[-1.54317,43.48283],[-1.54321,43.48279],[-1.54323,43.4828],[-1.54337,43.48288],[-1.54352,43.48297],[-1.54382,43.48313],[-1.54385,43.48316],[-1.54366,43.4834],[-1.5436,43.48338],[-1.54347,43.48332],[-1.54341,43.4833],[-1.54327,43.48324],[-1.54326,43.48324],[-1.54309,43.48317],[-1.5429,43.4831],[-1.54317,43.48283]]]]},"geometry_name":"the_geom","properties":{"libelle":"UC*","libelong":"UC*","typezone":"U"}},{"type":"Feature","id":"zone_urba.3130287","geometry":{"type":"MultiPolygon","coordinates":[[[[-1.54122,43.48444],[-1.5412,43.4844],[-1.54102,43.48444],[-1.54081,43.48454],[-1.54077,43.48451],[-1.54061,43.48442],[-1.54047,43.48412],[-1.54056,43.48408],[-1.5406,43.48399],[-1.54085,43.48389],[-1.54097,43.48386],[-1.54096,43.48384],[-1.54105,43.48383],[-1.54113,43.48382],[-1.54135,43.48377],[-1.54141,43.48375],[-1.54155,43.48371],[-1.54157,43.4837],[-1.5416,43.48369],[-1.54161,43.48368],[-1.54226,43.48359],[-1.54237,43.48355],[-1.5424,43.48358],[-1.54249,43.48363],[-1.54256,43.48365],[-1.54268,43.48368],[-1.54274,43.48371],[-1.54307,43.48345],[-1.54306,43.48344],[-1.54288,43.48327],[-1.54295,43.48323],[-1.54291,43.48317],[-1.5429,43.48315],[-1.54288,43.48311],[-1.54287,43.4831],[-1.5429,43.4831],[-1.54309,43.48317],[-1.54326,43.48324],[-1.54327,43.48324],[-1.54341,43.4833],[-1.54347,43.48332],[-1.5436,43.48338],[-1.54366,43.4834],[-1.54357,43.48351],[-1.54331,43.48377],[-1.54301,43.48396],[-1.54294,43.48398],[-1.54304,43.48463],[-1.54296,43.48464],[-1.5423,43.48475],[-1.54221,43.48476],[-1.54216,43.48477],[-1.54219,43.48487],[-1.5422,43.48489],[-1.54214,43.4849],[-1.54147,43.485],[-1.5414,43.48486],[-1.54139,43.48484],[-1.54137,43.48478],[-1.54136,43.48474],[-1.54135,43.4847],[-1.54131,43.48457],[-1.54122,43.48444]]]]},"geometry_name":"the_geom","properties":{"libelle":"UDa","libelong":"UDa","typezone":"U"}},{"type":"Feature","id":"zone_urba.3130327","geometry":{"type":"MultiPolygon","coordinates":[[[[-1.5423,43.48784],[-1.54306,43.48767],[-1.54351,43.48765],[-1.54353,43.48765],[-1.54513,43.48763],[-1.54531,43.48763],[-1.54534,43.48768],[-1.54542,43.48783],[-1.54547,43.48791],[-1.54548,43.48794],[-1.54554,43.48804],[-1.54559,43.48814],[-1.54563,43.48821],[-1.54571,43.48835],[-1.54575,43.48844],[-1.54582,43.48857],[-1.54589,43.48871],[-1.54591,43.48873],[-1.54593,43.48873],[-1.54592,43.48875],[-1.54584,43.48888],[-1.54583,43.48889],[-1.54582,43.48891],[-1.54581,43.48892],[-1.5458,43.48892],[-1.54578,43.48893],[-1.54587,43.48903],[-1.54591,43.48907],[-1.54596,43.48911],[-1.54617,43.48934],[-1.54618,43.48934],[-1.54627,43.48943],[-1.54629,43.48946],[-1.54632,43.48949],[-1.54636,43.48953],[-1.54644,43.48961],[-1.5465,43.48968],[-1.54653,43.48971],[-1.54673,43.4899],[-1.5468,43.4899],[-1.5466,43.49011],[-1.54632,43.4904],[-1.54621,43.49047],[-1.54605,43.49053],[-1.54577,43.4906],[-1.54481,43.49084],[-1.5449,43.4912],[-1.54472,43.49109],[-1.54456,43.491],[-1.54449,43.49096],[-1.54444,43.49093],[-1.54441,43.49091],[-1.54426,43.49082],[-1.54421,43.49079],[-1.54405,43.4907],[-1.54357,43.49042],[-1.54342,43.49033],[-1.54302,43.4901],[-1.54256,43.48983],[-1.54189,43.48943],[-1.54161,43.48927],[-1.5402,43.48845],[-1.54118,43.4881],[-1.5423,43.48784]]]]},"geometry_name":"the_geom","properties":{"libelle":"UDa","libelong":"UDa","typezone":"U"}},{"type":"Feature","id":"zone_urba.3130399","geometry":{"type":"MultiPolygon","coordinates":[[[[-1.54026,43.48275],[-1.53986,43.48347],[-1.53976,43.4836],[-1.53949,43.48389],[-1.5393,43.48391],[-1.53879,43.48397],[-1.5388,43.48379],[-1.53882,43.48379],[-1.53881,43.48283],[-1.53964,43.48278],[-1.53979,43.48277],[-1.54008,43.48275],[-1.54026,43.48275]],[[-1.53913,43.4831],[-1.53911,43.48284],[-1.53883,43.48286],[-1.53884,43.48302],[-1.53884,43.48302],[-1.53886,43.48302],[-1.53887,43.48302],[-1.53889,43.48303],[-1.53892,43.48303],[-1.53894,43.48305],[-1.53897,43.48306],[-1.53899,43.48307],[-1.53902,43.48308],[-1.53905,43.48309],[-1.53908,43.48309],[-1.53911,43.4831],[-1.53913,43.4831]]]]},"geometry_name":"the_geom","properties":{"libelle":"N","libelong":"N","typezone":"N"}},{"type":"Feature","id":"zone_urba.3130262","geometry":{"type":"MultiPolygon","coordinates":[[[[-1.54177,43.47805],[-1.5413,43.47757],[-1.5421,43.47699],[-1.54276,43.47634],[-1.54282,43.4764],[-1.54315,43.47683],[-1.54316,43.47723],[-1.54317,43.4773],[-1.54327,43.4774],[-1.54338,43.47781],[-1.54345,43.47785],[-1.5434,43.47787],[-1.54298,43.478],[-1.54297,43.47801],[-1.54268,43.47801],[-1.54258,43.47801],[-1.54211,43.47803],[-1.54178,43.47806],[-1.54177,43.47805]]]]},"geometry_name":"the_geom","properties":{"libelle":"UDs","libelong":"UDs","typezone":"U"}},{"type":"Feature","id":"zone_urba.3130363","geometry":{"type":"MultiPolygon","coordinates":[[[[-1.54433,43.48456],[-1.54438,43.4845],[-1.54445,43.48453],[-1.54456,43.48455],[-1.54587,43.48476],[-1.54585,43.48482],[-1.54575,43.48505],[-1.54575,43.48506],[-1.54566,43.48528],[-1.54562,43.48538],[-1.5456,43.4854],[-1.54559,43.48541],[-1.54557,43.48542],[-1.54556,43.48543],[-1.54554,43.48544],[-1.54554,43.48544],[-1.54549,43.4855],[-1.54539,43.48552],[-1.54492,43.48558],[-1.54459,43.48564],[-1.5443,43.48571],[-1.54403,43.48582],[-1.54381,43.48591],[-1.54356,43.48611],[-1.54343,43.48625],[-1.54336,43.48641],[-1.54335,43.48656],[-1.54326,43.48605],[-1.54321,43.48578],[-1.5432,43.48574],[-1.54326,43.48571],[-1.54372,43.4855],[-1.54365,43.48542],[-1.54377,43.48539],[-1.54381,43.48538],[-1.54385,43.48536],[-1.54374,43.48523],[-1.54423,43.48517],[-1.54417,43.4849],[-1.54406,43.48485],[-1.54433,43.48456]]]]},"geometry_name":"the_geom","properties":{"libelle":"UDa","libelong":"UDa","typezone":"U"}},{"type":"Feature","id":"zone_urba.3130355","geometry":{"type":"MultiPolygon","coordinates":[[[[-1.54142,43.47478],[-1.54144,43.47452],[-1.54145,43.47427],[-1.54169,43.47431],[-1.54173,43.4743],[-1.54175,43.47409],[-1.54177,43.4739],[-1.54299,43.47413],[-1.54291,43.47436],[-1.54267,43.47434],[-1.54253,43.47443],[-1.54235,43.47455],[-1.54222,43.47462],[-1.5421,43.47469],[-1.54197,43.47476],[-1.54184,43.47464],[-1.5417,43.47473],[-1.54169,43.47477],[-1.54168,43.47482],[-1.54142,43.47478]]]]},"geometry_name":"the_geom","properties":{"libelle":"UG","libelong":"UG","typezone":"U"}},{"type":"Feature","id":"zone_urba.3130322","geometry":{"type":"MultiPolygon","coordinates":[[[[-1.53713,43.48668],[-1.53696,43.48657],[-1.5367,43.48642],[-1.53665,43.48639],[-1.53579,43.48589],[-1.53552,43.48574],[-1.53539,43.48566],[-1.53538,43.48523],[-1.53536,43.48468],[-1.53533,43.48402],[-1.53531,43.48347],[-1.53649,43.48331],[-1.53664,43.48329],[-1.53665,43.48343],[-1.53672,43.48343],[-1.53703,43.48343],[-1.53702,43.48369],[-1.53672,43.48369],[-1.53667,43.48369],[-1.53669,43.48391],[-1.5367,43.48419],[-1.53672,43.48442],[-1.53696,43.48436],[-1.53709,43.48432],[-1.53744,43.48424],[-1.53743,43.48428],[-1.53738,43.48448],[-1.53734,43.48463],[-1.53729,43.48481],[-1.53728,43.48485],[-1.53723,43.48505],[-1.53719,43.48505],[-1.53718,43.48508],[-1.53714,43.48525],[-1.53712,43.48532],[-1.53711,43.48536],[-1.53708,43.48548],[-1.53705,43.4856],[-1.53703,43.48568],[-1.53702,43.48572],[-1.537,43.48583],[-1.537,43.48587],[-1.53705,43.48588],[-1.53708,43.48588],[-1.53746,43.48597],[-1.53758,43.486],[-1.53767,43.48603],[-1.53769,43.48604],[-1.53774,43.48605],[-1.53776,43.48605],[-1.53803,43.48611],[-1.53837,43.48619],[-1.53835,43.48623],[-1.53834,43.48631],[-1.53833,43.48639],[-1.53851,43.48636],[-1.53861,43.48635],[-1.53875,43.48633],[-1.53888,43.48632],[-1.53903,43.4863],[-1.53916,43.48628],[-1.53927,43.48627],[-1.53932,43.48627],[-1.53938,43.48626],[-1.53963,43.48623],[-1.54011,43.48618],[-1.54012,43.48618],[-1.54023,43.48613],[-1.54032,43.48609],[-1.54041,43.48606],[-1.54059,43.48601],[-1.54061,43.48601],[-1.54074,43.48597],[-1.54093,43.48591],[-1.54112,43.48586],[-1.54154,43.48574],[-1.54177,43.48567],[-1.54181,43.48566],[-1.542,43.48561],[-1.54219,43.48556],[-1.54238,43.48551],[-1.54246,43.48575],[-1.54247,43.48579],[-1.54238,43.48581],[-1.54245,43.48605],[-1.54244,43.48605],[-1.54251,43.48629],[-1.54257,43.48651],[-1.54258,43.48656],[-1.54287,43.48654],[-1.54335,43.48656],[-1.54351,43.48765],[-1.54306,43.48767],[-1.5423,43.48784],[-1.54118,43.4881],[-1.5402,43.48845],[-1.54016,43.48842],[-1.53956,43.48807],[-1.5391,43.4878],[-1.53901,43.48776],[-1.53833,43.48736],[-1.538,43.48717],[-1.53793,43.48714],[-1.53713,43.48668]]]]},"geometry_name":"the_geom","properties":{"libelle":"UD","libelong":"UD","typezone":"U"}},{"type":"Feature","id":"zone_urba.3130328","geometry":{"type":"MultiPolygon","coordinates":[[[[-1.54258,43.48656],[-1.54257,43.48651],[-1.54251,43.48629],[-1.54244,43.48605],[-1.54245,43.48605],[-1.54238,43.48581],[-1.54247,43.48579],[-1.54246,43.48575],[-1.54238,43.48551],[-1.54219,43.48556],[-1.542,43.48561],[-1.54181,43.48566],[-1.54177,43.48567],[-1.54154,43.48574],[-1.54112,43.48586],[-1.54093,43.48591],[-1.54074,43.48597],[-1.54061,43.48601],[-1.54059,43.48601],[-1.54041,43.48606],[-1.54032,43.48609],[-1.54023,43.48613],[-1.54012,43.48618],[-1.54011,43.48618],[-1.53963,43.48623],[-1.53938,43.48626],[-1.53932,43.48627],[-1.53927,43.48627],[-1.53916,43.48628],[-1.53903,43.4863],[-1.53888,43.48632],[-1.53875,43.48633],[-1.53861,43.48635],[-1.53851,43.48636],[-1.53833,43.48639],[-1.53834,43.48631],[-1.53835,43.48623],[-1.53837,43.48619],[-1.53803,43.48611],[-1.53776,43.48605],[-1.53774,43.48605],[-1.53769,43.48604],[-1.53767,43.48603],[-1.53758,43.486],[-1.53768,43.48589],[-1.53889,43.48457],[-1.53949,43.48389],[-1.53976,43.4836],[-1.53986,43.48347],[-1.54026,43.48275],[-1.54068,43.48167],[-1.54083,43.4817],[-1.54117,43.48176],[-1.54131,43.48184],[-1.54137,43.48187],[-1.5416,43.482],[-1.54176,43.4821],[-1.54199,43.48224],[-1.54232,43.48243],[-1.54238,43.48246],[-1.5425,43.48253],[-1.54269,43.48265],[-1.54279,43.48245],[-1.54307,43.48255],[-1.54311,43.48257],[-1.54307,43.48264],[-1.54303,43.48271],[-1.54321,43.48279],[-1.54317,43.48283],[-1.5429,43.4831],[-1.54287,43.4831],[-1.54288,43.48311],[-1.5429,43.48315],[-1.54291,43.48317],[-1.54295,43.48323],[-1.54288,43.48327],[-1.54306,43.48344],[-1.54307,43.48345],[-1.54274,43.48371],[-1.54268,43.48368],[-1.54256,43.48365],[-1.54249,43.48363],[-1.5424,43.48358],[-1.54237,43.48355],[-1.54226,43.48359],[-1.54161,43.48368],[-1.5416,43.48369],[-1.54157,43.4837],[-1.54155,43.48371],[-1.54141,43.48375],[-1.54135,43.48377],[-1.54113,43.48382],[-1.54105,43.48383],[-1.54096,43.48384],[-1.54097,43.48386],[-1.54085,43.48389],[-1.5406,43.48399],[-1.54056,43.48408],[-1.54047,43.48412],[-1.54061,43.48442],[-1.54077,43.48451],[-1.54081,43.48454],[-1.54102,43.48444],[-1.5412,43.4844],[-1.54122,43.48444],[-1.54131,43.48457],[-1.54135,43.4847],[-1.54136,43.48474],[-1.54137,43.48478],[-1.54139,43.48484],[-1.5414,43.48486],[-1.54147,43.485],[-1.54214,43.4849],[-1.5422,43.48489],[-1.54219,43.48487],[-1.54216,43.48477],[-1.54221,43.48476],[-1.5423,43.48475],[-1.54296,43.48464],[-1.54304,43.48463],[-1.54294,43.48398],[-1.54301,43.48396],[-1.54331,43.48377],[-1.54357,43.48351],[-1.54366,43.4834],[-1.54385,43.48316],[-1.54393,43.48307],[-1.54397,43.48309],[-1.54403,43.48311],[-1.54419,43.48317],[-1.54419,43.48316],[-1.5444,43.48323],[-1.5444,43.48323],[-1.54446,43.48325],[-1.54464,43.48331],[-1.54449,43.48349],[-1.54434,43.48369],[-1.54418,43.48389],[-1.54416,43.48388],[-1.54411,43.48396],[-1.54409,43.48398],[-1.54406,43.48402],[-1.54416,43.48412],[-1.54424,43.48424],[-1.54438,43.4845],[-1.54433,43.48456],[-1.54406,43.48485],[-1.54417,43.4849],[-1.54423,43.48517],[-1.54374,43.48523],[-1.54385,43.48536],[-1.54381,43.48538],[-1.54377,43.48539],[-1.54365,43.48542],[-1.54372,43.4855],[-1.54326,43.48571],[-1.5432,43.48574],[-1.54321,43.48578],[-1.54326,43.48605],[-1.54335,43.48656],[-1.54287,43.48654],[-1.54258,43.48656]],[[-1.53956,43.48501],[-1.53918,43.48501],[-1.53882,43.48501],[-1.53882,43.48484],[-1.53855,43.48512],[-1.53823,43.48546],[-1.53847,43.48546],[-1.53847,43.4857],[-1.53847,43.48592],[-1.53847,43.48622],[-1.53847,43.48624],[-1.53847,43.48628],[-1.53851,43.48627],[-1.53856,43.48627],[-1.53861,43.48625],[-1.53866,43.48624],[-1.53874,43.48622],[-1.53881,43.4862],[-1.53884,43.48618],[-1.53884,43.486],[-1.53883,43.48594],[-1.53902,43.48607],[-1.53914,43.48597],[-1.53928,43.48586],[-1.5393,43.48586],[-1.53948,43.48568],[-1.53958,43.48558],[-1.53959,43.48554],[-1.53989,43.48526],[-1.53992,43.48523],[-1.53996,43.48522],[-1.54017,43.48502],[-1.53956,43.48501]]]]},"geometry_name":"the_geom","properties":{"libelle":"UH","libelong":"UH","typezone":"U"}},{"type":"Feature","id":"zone_urba.3130365","geometry":{"type":"MultiPolygon","coordinates":[[[[-1.54283,43.47631],[-1.54276,43.47634],[-1.54274,43.47623],[-1.54048,43.47545],[-1.54005,43.47578],[-1.53956,43.47613],[-1.53949,43.4761],[-1.5389,43.47591],[-1.53878,43.47587],[-1.53848,43.47577],[-1.53845,43.47576],[-1.53815,43.47566],[-1.53785,43.47556],[-1.53779,43.47554],[-1.53802,43.47511],[-1.53808,43.47512],[-1.53854,43.47521],[-1.53875,43.47524],[-1.53909,43.4753],[-1.53912,43.4753],[-1.53922,43.47499],[-1.53928,43.47481],[-1.53933,43.47464],[-1.53937,43.47449],[-1.53939,43.47444],[-1.53942,43.47434],[-1.53954,43.47399],[-1.53987,43.47404],[-1.54006,43.47407],[-1.54016,43.47409],[-1.54017,43.47391],[-1.54019,43.47371],[-1.5402,43.47351],[-1.54022,43.47331],[-1.54023,43.47312],[-1.54025,43.47294],[-1.54053,43.4728],[-1.54066,43.47268],[-1.54045,43.47262],[-1.54084,43.47264],[-1.54088,43.47264],[-1.5411,43.47265],[-1.54121,43.47267],[-1.54138,43.47269],[-1.54157,43.47271],[-1.54175,43.47273],[-1.54182,43.47274],[-1.54193,43.47275],[-1.54208,43.47276],[-1.54212,43.47277],[-1.5422,43.47277],[-1.54229,43.47278],[-1.5425,43.4728],[-1.54272,43.47282],[-1.5429,43.47284],[-1.5431,43.47286],[-1.54329,43.47288],[-1.54349,43.4729],[-1.54359,43.47315],[-1.54362,43.47322],[-1.54363,43.47323],[-1.54372,43.47343],[-1.5438,43.47358],[-1.54383,43.47357],[-1.54404,43.4736],[-1.54425,43.47362],[-1.5443,43.47363],[-1.54443,43.47364],[-1.54472,43.47368],[-1.54478,43.47369],[-1.54478,43.47369],[-1.54494,43.47371],[-1.54495,43.47371],[-1.54492,43.47393],[-1.5449,43.47398],[-1.5449,43.47401],[-1.54489,43.47406],[-1.54468,43.47406],[-1.54444,43.47405],[-1.54443,43.47415],[-1.54441,43.47457],[-1.54439,43.47489],[-1.54424,43.4749],[-1.54413,43.47492],[-1.54381,43.47496],[-1.54381,43.47498],[-1.54373,43.47498],[-1.54319,43.47505],[-1.54309,43.47506],[-1.54302,43.47506],[-1.54283,43.47631]],[[-1.54169,43.47477],[-1.5417,43.47473],[-1.54184,43.47464],[-1.54197,43.47476],[-1.5421,43.47469],[-1.54222,43.47462],[-1.54235,43.47455],[-1.54253,43.47443],[-1.54267,43.47434],[-1.54291,43.47436],[-1.54299,43.47413],[-1.54177,43.4739],[-1.54175,43.47409],[-1.54173,43.4743],[-1.54169,43.47431],[-1.54145,43.47427],[-1.54144,43.47452],[-1.54142,43.47478],[-1.54168,43.47482],[-1.54169,43.47477]]]]},"geometry_name":"the_geom","properties":{"libelle":"UD","libelong":"UD","typezone":"U"}},{"type":"Feature","id":"zone_urba.3130383","geometry":{"type":"MultiPolygon","coordinates":[[[[-1.53696,43.48436],[-1.53672,43.48442],[-1.5367,43.48419],[-1.53669,43.48391],[-1.53667,43.48369],[-1.53672,43.48369],[-1.53702,43.48369],[-1.53703,43.48343],[-1.53672,43.48343],[-1.53665,43.48343],[-1.53664,43.48329],[-1.53649,43.48331],[-1.53649,43.48322],[-1.53649,43.4832],[-1.53678,43.4832],[-1.53679,43.48322],[-1.5369,43.48322],[-1.53691,43.4832],[-1.53706,43.48319],[-1.53705,43.48285],[-1.53697,43.48285],[-1.53697,43.48282],[-1.53684,43.48282],[-1.53684,43.48285],[-1.53649,43.48285],[-1.53649,43.48267],[-1.5365,43.48266],[-1.5365,43.48254],[-1.53648,43.48254],[-1.53648,43.48252],[-1.53655,43.48252],[-1.53655,43.48219],[-1.53525,43.48219],[-1.53522,43.4816],[-1.53518,43.48111],[-1.53614,43.48077],[-1.53615,43.48082],[-1.53619,43.48101],[-1.53619,43.48105],[-1.53746,43.48111],[-1.53827,43.48114],[-1.53877,43.48114],[-1.53876,43.48283],[-1.53881,43.48283],[-1.53882,43.48379],[-1.5388,43.48379],[-1.53879,43.48397],[-1.5393,43.48391],[-1.53949,43.48389],[-1.53889,43.48457],[-1.53768,43.48589],[-1.53779,43.48501],[-1.53824,43.48501],[-1.5383,43.48437],[-1.53837,43.48437],[-1.53838,43.48435],[-1.53827,43.48435],[-1.53828,43.48428],[-1.53809,43.48427],[-1.53808,43.48434],[-1.53764,43.48433],[-1.53764,43.48429],[-1.53743,43.48428],[-1.53744,43.48424],[-1.53709,43.48432],[-1.53696,43.48436]]]]},"geometry_name":"the_geom","properties":{"libelle":"UP","libelong":"UP","typezone":"U"}},{"type":"Feature","id":"zone_urba.3130391","geometry":{"type":"MultiPolygon","coordinates":[[[[-1.5402,43.47836],[-1.5413,43.47757],[-1.54177,43.47805],[-1.54178,43.47806],[-1.54211,43.47803],[-1.54258,43.47801],[-1.54268,43.47801],[-1.54297,43.47801],[-1.54298,43.478],[-1.5434,43.47787],[-1.54345,43.47785],[-1.54354,43.47786],[-1.54354,43.47784],[-1.54353,43.47778],[-1.54364,43.47757],[-1.54388,43.47758],[-1.54407,43.47758],[-1.54415,43.47744],[-1.54419,43.47738],[-1.54426,43.47725],[-1.54437,43.47707],[-1.54444,43.47695],[-1.54453,43.47677],[-1.54458,43.47669],[-1.54464,43.47655],[-1.54438,43.47662],[-1.54414,43.47657],[-1.5438,43.47654],[-1.54397,43.47605],[-1.54401,43.4758],[-1.54413,43.47492],[-1.54424,43.4749],[-1.54439,43.47489],[-1.54481,43.47483],[-1.54482,43.47483],[-1.54504,43.47481],[-1.54511,43.47525],[-1.54514,43.47544],[-1.54527,43.47551],[-1.54539,43.47553],[-1.5455,43.47556],[-1.54538,43.47635],[-1.54529,43.47661],[-1.54517,43.4769],[-1.54507,43.47723],[-1.54499,43.47746],[-1.54482,43.47802],[-1.54478,43.47814],[-1.54478,43.47815],[-1.54458,43.47823],[-1.54352,43.47856],[-1.54328,43.47866],[-1.54302,43.4788],[-1.54259,43.47904],[-1.54211,43.47937],[-1.54164,43.4798],[-1.54137,43.48007],[-1.54121,43.47994],[-1.54073,43.47933],[-1.54006,43.47849],[-1.5402,43.47836]]]]},"geometry_name":"the_geom","properties":{"libelle":"Nh","libelong":"Nh","typezone":"N"}},{"type":"Feature","id":"zone_urba.3130400","geometry":{"type":"MultiPolygon","coordinates":[[[[-1.53913,43.4831],[-1.53911,43.4831],[-1.53908,43.48309],[-1.53905,43.48309],[-1.53902,43.48308],[-1.53899,43.48307],[-1.53897,43.48306],[-1.53894,43.48305],[-1.53892,43.48303],[-1.53889,43.48303],[-1.53887,43.48302],[-1.53886,43.48302],[-1.53884,43.48302],[-1.53884,43.48302],[-1.53883,43.48286],[-1.53911,43.48284],[-1.53913,43.4831]]]]},"geometry_name":"the_geom","properties":{"libelle":"Ng","libelong":"Ng","typezone":"N"}},{"type":"Feature","id":"zone_urba.3130401","geometry":{"type":"MultiPolygon","coordinates":[[[[-1.53743,43.48428],[-1.53764,43.48429],[-1.53764,43.48433],[-1.53808,43.48434],[-1.53809,43.48427],[-1.53828,43.48428],[-1.53827,43.48435],[-1.53838,43.48435],[-1.53837,43.48437],[-1.5383,43.48437],[-1.53824,43.48501],[-1.53779,43.48501],[-1.53768,43.48589],[-1.53758,43.486],[-1.53746,43.48597],[-1.53708,43.48588],[-1.53705,43.48588],[-1.537,43.48587],[-1.537,43.48583],[-1.53702,43.48572],[-1.53703,43.48568],[-1.53705,43.4856],[-1.53708,43.48548],[-1.53711,43.48536],[-1.53712,43.48532],[-1.53714,43.48525],[-1.53718,43.48508],[-1.53719,43.48505],[-1.53723,43.48505],[-1.53728,43.48485],[-1.53729,43.48481],[-1.53734,43.48463],[-1.53738,43.48448],[-1.53743,43.48428]]]]},"geometry_name":"the_geom","properties":{"libelle":"Na","libelong":"Na","typezone":"N"}},{"type":"Feature","id":"zone_urba.3130402","geometry":{"type":"MultiPolygon","coordinates":[[[[-1.53531,43.48347],[-1.53525,43.48219],[-1.53655,43.48219],[-1.53655,43.48252],[-1.53648,43.48252],[-1.53648,43.48254],[-1.5365,43.48254],[-1.5365,43.48266],[-1.53649,43.48267],[-1.53649,43.48285],[-1.53684,43.48285],[-1.53684,43.48282],[-1.53697,43.48282],[-1.53697,43.48285],[-1.53705,43.48285],[-1.53706,43.48319],[-1.53691,43.4832],[-1.5369,43.48322],[-1.53679,43.48322],[-1.53678,43.4832],[-1.53649,43.4832],[-1.53649,43.48322],[-1.53649,43.48331],[-1.53531,43.48347]]]]},"geometry_name":"the_geom","properties":{"libelle":"Na","libelong":"Na","typezone":"N"}},{"type":"Feature","id":"zone_urba.3130351","geometry":{"type":"MultiPolygon","coordinates":[[[[-1.54742,43.47613],[-1.54688,43.47582],[-1.54676,43.47581],[-1.54634,43.47545],[-1.54624,43.47535],[-1.54612,43.47518],[-1.54604,43.47506],[-1.54581,43.47462],[-1.54566,43.47408],[-1.54566,43.47407],[-1.54634,43.47408],[-1.54701,43.47434],[-1.54734,43.4744],[-1.54937,43.47445],[-1.54984,43.47444],[-1.54943,43.47578],[-1.54933,43.47587],[-1.54921,43.47587],[-1.54911,43.47588],[-1.54899,43.47642],[-1.54899,43.47643],[-1.54895,43.47643],[-1.54887,43.47642],[-1.5483,43.47636],[-1.54791,43.47632],[-1.54776,43.47627],[-1.54742,43.47613]]]]},"geometry_name":"the_geom","properties":{"libelle":"UG","libelong":"UG","typezone":"U"}},{"type":"Feature","id":"zone_urba.3130323","geometry":{"type":"MultiPolygon","coordinates":[[[[-1.55435,43.48172],[-1.5535,43.48066],[-1.55346,43.48055],[-1.55361,43.48054],[-1.55389,43.48048],[-1.55399,43.48046],[-1.55402,43.48052],[-1.55404,43.48056],[-1.55412,43.48074],[-1.55427,43.48071],[-1.55437,43.48068],[-1.55427,43.48047],[-1.55424,43.4804],[-1.55427,43.4804],[-1.55445,43.48034],[-1.55447,43.48038],[-1.55457,43.48034],[-1.55463,43.48032],[-1.55469,43.4803],[-1.5548,43.48025],[-1.55485,43.48023],[-1.55488,43.48022],[-1.55497,43.48016],[-1.55508,43.4801],[-1.55506,43.48005],[-1.55505,43.48003],[-1.55502,43.47995],[-1.55504,43.47994],[-1.55502,43.47987],[-1.55501,43.47982],[-1.55512,43.47985],[-1.55528,43.47989],[-1.55534,43.4799],[-1.55539,43.4799],[-1.55542,43.47992],[-1.55547,43.47992],[-1.55548,43.47993],[-1.55555,43.47999],[-1.55554,43.48],[-1.5556,43.48005],[-1.55546,43.48011],[-1.5554,43.48014],[-1.55543,43.48034],[-1.55543,43.48042],[-1.55543,43.48045],[-1.55548,43.48045],[-1.55562,43.48045],[-1.55565,43.48038],[-1.55566,43.48035],[-1.55567,43.48035],[-1.55571,43.48033],[-1.55578,43.48026],[-1.55584,43.4802],[-1.55587,43.48021],[-1.55604,43.48029],[-1.5562,43.48037],[-1.55623,43.48038],[-1.55622,43.48039],[-1.55622,43.48041],[-1.55627,43.48044],[-1.55628,43.48043],[-1.55637,43.48047],[-1.55648,43.48051],[-1.55655,43.48053],[-1.55662,43.48055],[-1.55665,43.48056],[-1.5566,43.48105],[-1.55656,43.48105],[-1.55625,43.48104],[-1.55618,43.48104],[-1.55618,43.48073],[-1.5561,43.48073],[-1.55609,43.48073],[-1.55599,43.48073],[-1.55597,43.48073],[-1.55591,43.48075],[-1.55579,43.48078],[-1.55574,43.48079],[-1.55568,43.48081],[-1.5554,43.48088],[-1.55533,43.48113],[-1.55532,43.48117],[-1.55531,43.48119],[-1.55529,43.48122],[-1.55528,43.48124],[-1.55523,43.48129],[-1.5552,43.48133],[-1.55514,43.48142],[-1.55514,43.48144],[-1.5551,43.4815],[-1.55503,43.4815],[-1.55495,43.48151],[-1.55484,43.48153],[-1.55483,43.48153],[-1.55466,43.48158],[-1.55462,43.48159],[-1.55454,43.48163],[-1.55454,43.48176],[-1.55455,43.48181],[-1.55435,43.48181],[-1.55434,43.48178],[-1.55435,43.48172]]]]},"geometry_name":"the_geom","properties":{"libelle":"UGA","libelong":"UGa","typezone":"U"}},{"type":"Feature","id":"zone_urba.3130326","geometry":{"type":"MultiPolygon","coordinates":[[[[-1.5486,43.47746],[-1.54857,43.47743],[-1.54874,43.47737],[-1.54876,43.47736],[-1.54881,43.47734],[-1.54879,43.47731],[-1.54873,43.47723],[-1.54871,43.47719],[-1.54867,43.4771],[-1.54866,43.47708],[-1.54859,43.47696],[-1.5488,43.4769],[-1.54892,43.47686],[-1.54897,43.47685],[-1.54899,43.47685],[-1.54904,43.47684],[-1.54906,43.47683],[-1.54911,43.47683],[-1.54916,43.47681],[-1.54919,43.47681],[-1.54922,43.4768],[-1.54923,43.47657],[-1.54905,43.47655],[-1.54906,43.47649],[-1.54898,43.47648],[-1.54899,43.47643],[-1.54899,43.47642],[-1.54911,43.47588],[-1.54921,43.47587],[-1.54933,43.47587],[-1.54943,43.47578],[-1.54984,43.47444],[-1.55099,43.47436],[-1.55097,43.47444],[-1.55089,43.47481],[-1.55087,43.47492],[-1.55084,43.47504],[-1.55083,43.47511],[-1.55081,43.47519],[-1.5508,43.47525],[-1.55077,43.47538],[-1.55085,43.4754],[-1.55135,43.47556],[-1.55137,43.47552],[-1.55137,43.47552],[-1.55148,43.47526],[-1.55166,43.47532],[-1.55182,43.47537],[-1.55198,43.47542],[-1.55214,43.47547],[-1.55216,43.47548],[-1.5523,43.47553],[-1.55238,43.47556],[-1.55242,43.47557],[-1.55247,43.47558],[-1.55255,43.47561],[-1.55271,43.47566],[-1.55277,43.47569],[-1.55192,43.47658],[-1.55178,43.47692],[-1.5518,43.4771],[-1.55188,43.47736],[-1.552,43.47754],[-1.5519,43.47755],[-1.55139,43.47759],[-1.55022,43.47737],[-1.55008,43.47739],[-1.54942,43.47784],[-1.54919,43.47792],[-1.54867,43.4781],[-1.54866,43.47805],[-1.54864,43.478],[-1.54862,43.47788],[-1.54861,43.47784],[-1.54861,43.47784],[-1.54859,43.47776],[-1.54876,43.4777],[-1.5486,43.47746]]]]},"geometry_name":"the_geom","properties":{"libelle":"UBa","libelong":"UBa","typezone":"U"}},{"type":"Feature","id":"zone_urba.3130331","geometry":{"type":"MultiPolygon","coordinates":[[[[-1.54538,43.47838],[-1.54542,43.47837],[-1.54585,43.47822],[-1.54583,43.47818],[-1.54599,43.47813],[-1.54581,43.47784],[-1.54598,43.47779],[-1.54604,43.47776],[-1.54626,43.47769],[-1.54648,43.47762],[-1.54671,43.47754],[-1.54691,43.47747],[-1.54709,43.47741],[-1.54744,43.4773],[-1.54783,43.47717],[-1.54784,43.47717],[-1.54785,43.47729],[-1.54786,43.47733],[-1.54789,43.47757],[-1.5479,43.47766],[-1.54793,43.47786],[-1.54821,43.47777],[-1.54856,43.47766],[-1.54859,43.47776],[-1.54861,43.47784],[-1.54861,43.47784],[-1.54862,43.47788],[-1.54864,43.478],[-1.54866,43.47805],[-1.54867,43.4781],[-1.54803,43.47838],[-1.54676,43.47899],[-1.54677,43.47906],[-1.54677,43.47908],[-1.54679,43.47919],[-1.54681,43.47929],[-1.54684,43.47941],[-1.547,43.47968],[-1.54706,43.47984],[-1.54714,43.48009],[-1.54715,43.48013],[-1.54656,43.48018],[-1.54628,43.47935],[-1.54631,43.47932],[-1.54656,43.47917],[-1.54629,43.47895],[-1.54607,43.47881],[-1.54573,43.47859],[-1.54544,43.47841],[-1.54538,43.47838]]]]},"geometry_name":"the_geom","properties":{"libelle":"UDa","libelong":"UDa","typezone":"U"}},{"type":"Feature","id":"zone_urba.3130232","geometry":{"type":"MultiPolygon","coordinates":[[[[-1.55118,43.48889],[-1.55117,43.48873],[-1.55112,43.48874],[-1.55093,43.48877],[-1.55091,43.48878],[-1.55085,43.48878],[-1.55081,43.48879],[-1.55074,43.4888],[-1.55057,43.48881],[-1.55046,43.48881],[-1.55039,43.48881],[-1.5504,43.48883],[-1.55035,43.48884],[-1.55035,43.48884],[-1.55034,43.48885],[-1.55027,43.48886],[-1.55011,43.4889],[-1.54983,43.48896],[-1.54967,43.48864],[-1.54965,43.48859],[-1.54916,43.48859],[-1.54908,43.4886],[-1.54898,43.48856],[-1.54866,43.48829],[-1.54911,43.48791],[-1.54921,43.48809],[-1.54925,43.48808],[-1.54945,43.48802],[-1.54947,43.48805],[-1.5496,43.48801],[-1.54956,43.4879],[-1.5497,43.48787],[-1.54987,43.48783],[-1.54994,43.48777],[-1.55016,43.48771],[-1.55025,43.48768],[-1.5503,43.48767],[-1.55032,43.48766],[-1.55074,43.48757],[-1.55078,43.48757],[-1.55101,43.48816],[-1.55142,43.48811],[-1.55151,43.48809],[-1.55152,43.48813],[-1.55156,43.4883],[-1.55158,43.48829],[-1.55165,43.48829],[-1.55169,43.48829],[-1.55172,43.48829],[-1.55174,43.48829],[-1.55184,43.4883],[-1.55189,43.48831],[-1.55184,43.48851],[-1.55181,43.4886],[-1.55182,43.4886],[-1.55181,43.48867],[-1.5518,43.48867],[-1.55179,43.48871],[-1.55176,43.48878],[-1.5517,43.48895],[-1.55169,43.48898],[-1.55118,43.48889]]]]},"geometry_name":"the_geom","properties":{"libelle":"UD","libelong":"UD","typezone":"U"}},{"type":"Feature","id":"zone_urba.3130237","geometry":{"type":"MultiPolygon","coordinates":[[[[-1.5497,43.48594],[-1.54967,43.48594],[-1.54962,43.48593],[-1.54962,43.48593],[-1.5495,43.48591],[-1.5494,43.48589],[-1.54942,43.48581],[-1.54949,43.48581],[-1.54943,43.48578],[-1.54936,43.48575],[-1.54932,43.48573],[-1.5492,43.48568],[-1.54914,43.486],[-1.54914,43.48603],[-1.54853,43.48593],[-1.54852,43.4859],[-1.54853,43.48526],[-1.54853,43.48522],[-1.54845,43.48521],[-1.54848,43.48513],[-1.54855,43.48495],[-1.54856,43.48488],[-1.54857,43.48487],[-1.5487,43.48467],[-1.54875,43.48461],[-1.54881,43.48463],[-1.54897,43.48439],[-1.54908,43.48444],[-1.54944,43.48464],[-1.5496,43.48474],[-1.54988,43.48492],[-1.55015,43.48512],[-1.55012,43.48512],[-1.55,43.48512],[-1.54994,43.48513],[-1.54984,43.48513],[-1.54985,43.48529],[-1.54986,43.48535],[-1.54998,43.48534],[-1.54998,43.4854],[-1.55,43.48566],[-1.55,43.48572],[-1.5501,43.48571],[-1.55023,43.48571],[-1.55023,43.48575],[-1.55024,43.48596],[-1.55025,43.486],[-1.55012,43.48598],[-1.54995,43.48595],[-1.54985,43.48593],[-1.54984,43.48596],[-1.54982,43.48602],[-1.54972,43.486],[-1.54974,43.48595],[-1.5497,43.48594]]]]},"geometry_name":"the_geom","properties":{"libelle":"UD","libelong":"UD","typezone":"U"}},{"type":"Feature","id":"zone_urba.3130241","geometry":{"type":"MultiPolygon","coordinates":[[[[-1.54639,43.49207],[-1.54616,43.49194],[-1.54586,43.49176],[-1.54583,43.49175],[-1.54558,43.4916],[-1.54505,43.49129],[-1.5449,43.4912],[-1.54481,43.49084],[-1.54577,43.4906],[-1.54605,43.49053],[-1.54621,43.49047],[-1.54632,43.4904],[-1.5466,43.49011],[-1.5468,43.4899],[-1.54685,43.48992],[-1.54696,43.49],[-1.54724,43.48983],[-1.54749,43.48968],[-1.5477,43.48956],[-1.54799,43.48938],[-1.54814,43.48929],[-1.54831,43.48919],[-1.54865,43.48898],[-1.54886,43.48885],[-1.54908,43.48872],[-1.54911,43.4887],[-1.54912,43.48873],[-1.54919,43.48894],[-1.54924,43.48907],[-1.54937,43.48945],[-1.54939,43.48947],[-1.5494,43.48948],[-1.54942,43.48948],[-1.54946,43.48947],[-1.54963,43.48965],[-1.54979,43.48983],[-1.54994,43.49],[-1.54999,43.49005],[-1.55012,43.4902],[-1.55016,43.49024],[-1.5502,43.49029],[-1.55033,43.49044],[-1.55047,43.4906],[-1.55059,43.49073],[-1.55071,43.49087],[-1.55082,43.49088],[-1.55088,43.49088],[-1.55093,43.4909],[-1.55079,43.49111],[-1.54994,43.49208],[-1.5498,43.4922],[-1.54875,43.49192],[-1.54864,43.4919],[-1.54858,43.49194],[-1.54847,43.49217],[-1.5485,43.49229],[-1.54854,43.49244],[-1.54829,43.49247],[-1.54731,43.49262],[-1.54727,43.49259],[-1.54691,43.49238],[-1.54663,43.49221],[-1.54639,43.49207]]]]},"geometry_name":"the_geom","properties":{"libelle":"Ncu","libelong":"Ncu","typezone":"N"}},{"type":"Feature","id":"zone_urba.3130256","geometry":{"type":"MultiPolygon","coordinates":[[[[-1.552,43.47754],[-1.55188,43.47736],[-1.5518,43.4771],[-1.55178,43.47692],[-1.55192,43.47658],[-1.55277,43.47569],[-1.55278,43.47567],[-1.55318,43.47527],[-1.55324,43.4753],[-1.55338,43.47534],[-1.55389,43.47551],[-1.5543,43.47564],[-1.55441,43.47567],[-1.55484,43.47581],[-1.55489,43.47583],[-1.55465,43.47632],[-1.55464,43.47633],[-1.55454,43.47654],[-1.55444,43.47673],[-1.55437,43.47671],[-1.55432,43.4768],[-1.55422,43.47701],[-1.55417,43.47712],[-1.55415,43.47715],[-1.55408,43.47731],[-1.55407,43.47734],[-1.55404,43.47736],[-1.55377,43.47735],[-1.55394,43.47746],[-1.55441,43.47777],[-1.55445,43.47781],[-1.55433,43.47792],[-1.55424,43.47798],[-1.55417,43.47803],[-1.55452,43.47833],[-1.55475,43.4786],[-1.55482,43.47874],[-1.55412,43.4789],[-1.55371,43.47899],[-1.55361,43.47899],[-1.55349,43.47898],[-1.55339,43.47895],[-1.55289,43.47873],[-1.55275,43.47868],[-1.552,43.47754]]]]},"geometry_name":"the_geom","properties":{"libelle":"UH","libelong":"UH","typezone":"U"}},{"type":"Feature","id":"zone_urba.3130264","geometry":{"type":"MultiPolygon","coordinates":[[[[-1.55182,43.47537],[-1.55166,43.47532],[-1.55148,43.47526],[-1.55137,43.47552],[-1.55137,43.47552],[-1.55135,43.47556],[-1.55085,43.4754],[-1.55077,43.47538],[-1.5508,43.47525],[-1.55081,43.47519],[-1.55083,43.47511],[-1.55084,43.47504],[-1.55087,43.47492],[-1.55089,43.47481],[-1.55097,43.47444],[-1.55099,43.47436],[-1.55101,43.47436],[-1.55208,43.47432],[-1.55257,43.47431],[-1.55306,43.47427],[-1.55316,43.47427],[-1.55345,43.47431],[-1.55394,43.47444],[-1.55413,43.4745],[-1.55414,43.47451],[-1.55392,43.4747],[-1.55354,43.47501],[-1.55336,43.47517],[-1.55335,43.47518],[-1.55324,43.4753],[-1.55318,43.47527],[-1.55278,43.47567],[-1.55277,43.47569],[-1.55271,43.47566],[-1.55255,43.47561],[-1.55247,43.47558],[-1.55242,43.47557],[-1.55238,43.47556],[-1.5523,43.47553],[-1.55216,43.47548],[-1.55214,43.47547],[-1.55198,43.47542],[-1.55182,43.47537]]]]},"geometry_name":"the_geom","properties":{"libelle":"UC","libelong":"UC","typezone":"U"}},{"type":"Feature","id":"zone_urba.3130270","geometry":{"type":"MultiPolygon","coordinates":[[[[-1.54707,43.485],[-1.54706,43.48493],[-1.54717,43.48493],[-1.54715,43.48484],[-1.54714,43.48476],[-1.54713,43.48467],[-1.54712,43.48463],[-1.5471,43.48455],[-1.54707,43.48449],[-1.54704,43.48442],[-1.54698,43.48425],[-1.54717,43.48426],[-1.54875,43.48461],[-1.5487,43.48467],[-1.54857,43.48487],[-1.54856,43.48488],[-1.54855,43.48495],[-1.54848,43.48513],[-1.54845,43.48521],[-1.54853,43.48522],[-1.54853,43.48526],[-1.54852,43.4859],[-1.54853,43.48593],[-1.54711,43.4857],[-1.54709,43.48514],[-1.54707,43.485]]]]},"geometry_name":"the_geom","properties":{"libelle":"UH","libelong":"UH","typezone":"U"}},{"type":"Feature","id":"zone_urba.3130272","geometry":{"type":"MultiPolygon","coordinates":[[[[-1.54946,43.48396],[-1.54925,43.48382],[-1.54919,43.48389],[-1.54918,43.48388],[-1.54916,43.4839],[-1.54895,43.48377],[-1.54874,43.48364],[-1.54873,43.48363],[-1.5487,43.4836],[-1.5487,43.48358],[-1.54872,43.4835],[-1.54844,43.48345],[-1.54824,43.4834],[-1.54776,43.48331],[-1.54782,43.48317],[-1.5479,43.48296],[-1.54762,43.48283],[-1.54763,43.48279],[-1.54764,43.48274],[-1.54769,43.48259],[-1.54775,43.48241],[-1.54783,43.48243],[-1.54799,43.48246],[-1.5482,43.48251],[-1.54827,43.48252],[-1.54858,43.48259],[-1.54869,43.48232],[-1.54874,43.48218],[-1.54875,43.48216],[-1.54882,43.48198],[-1.54885,43.48191],[-1.54967,43.48206],[-1.55003,43.48212],[-1.55019,43.48214],[-1.55049,43.48216],[-1.55104,43.48217],[-1.5502,43.48367],[-1.55016,43.4837],[-1.54966,43.48405],[-1.54963,43.48404],[-1.54946,43.48396]]]]},"geometry_name":"the_geom","properties":{"libelle":"UH","libelong":"UH","typezone":"U"}},{"type":"Feature","id":"zone_urba.3130284","geometry":{"type":"MultiPolygon","coordinates":[[[[-1.55336,43.47517],[-1.55354,43.47501],[-1.55392,43.4747],[-1.55414,43.47451],[-1.55434,43.47435],[-1.5549,43.47451],[-1.55515,43.47458],[-1.55545,43.47441],[-1.55553,43.47437],[-1.55598,43.47444],[-1.55595,43.4745],[-1.55576,43.47475],[-1.5556,43.47496],[-1.55544,43.47518],[-1.5553,43.47512],[-1.55524,43.4751],[-1.55496,43.47497],[-1.55466,43.47535],[-1.55453,43.47552],[-1.55451,43.47554],[-1.5545,43.47556],[-1.55482,43.47567],[-1.5549,43.4757],[-1.55501,43.47573],[-1.55509,43.47575],[-1.55489,43.47583],[-1.55484,43.47581],[-1.55441,43.47567],[-1.5543,43.47564],[-1.55389,43.47551],[-1.55338,43.47534],[-1.55324,43.4753],[-1.55335,43.47518],[-1.55336,43.47517]]]]},"geometry_name":"the_geom","properties":{"libelle":"Na","libelong":"Na","typezone":"N"}},{"type":"Feature","id":"zone_urba.3130316","geometry":{"type":"MultiPolygon","coordinates":[[[[-1.55254,43.49374],[-1.55253,43.49374],[-1.55249,43.49376],[-1.55248,43.49376],[-1.55246,43.49376],[-1.55236,43.49374],[-1.55237,43.49373],[-1.55237,43.49372],[-1.55234,43.4937],[-1.55192,43.49343],[-1.55153,43.4932],[-1.55119,43.49298],[-1.55116,43.49278],[-1.55108,43.49265],[-1.55086,43.49251],[-1.55084,43.49253],[-1.55068,43.49265],[-1.55051,43.49252],[-1.55036,43.4926],[-1.55025,43.49266],[-1.55012,43.49268],[-1.54994,43.4927],[-1.54969,43.49274],[-1.54929,43.49282],[-1.54928,43.49282],[-1.54906,43.49285],[-1.5489,43.49285],[-1.54877,43.49272],[-1.54856,43.49268],[-1.54834,43.49271],[-1.54819,43.49274],[-1.54786,43.49283],[-1.54773,43.49286],[-1.54746,43.4927],[-1.54737,43.49265],[-1.54735,43.49263],[-1.54731,43.49262],[-1.54829,43.49247],[-1.54854,43.49244],[-1.55122,43.49211],[-1.55153,43.49179],[-1.55164,43.49167],[-1.55171,43.49161],[-1.55179,43.49152],[-1.55185,43.49146],[-1.55195,43.49133],[-1.55198,43.49125],[-1.55198,43.49107],[-1.55198,43.49102],[-1.55198,43.49094],[-1.55198,43.49087],[-1.55199,43.49084],[-1.55203,43.49071],[-1.5521,43.49071],[-1.55294,43.48896],[-1.55306,43.48892],[-1.55315,43.48889],[-1.5532,43.48888],[-1.55326,43.48889],[-1.55329,43.48889],[-1.55382,43.48908],[-1.55388,43.48908],[-1.55388,43.4891],[-1.55382,43.48917],[-1.5537,43.48942],[-1.55367,43.48947],[-1.55364,43.48952],[-1.55326,43.48941],[-1.55306,43.49004],[-1.55277,43.49017],[-1.55238,43.49118],[-1.55221,43.49111],[-1.55213,43.49107],[-1.55212,43.49121],[-1.5521,43.4913],[-1.55198,43.49156],[-1.55195,43.49168],[-1.55194,43.49168],[-1.55191,43.49183],[-1.55191,43.49187],[-1.55191,43.49191],[-1.55192,43.49195],[-1.55194,43.49199],[-1.55196,43.49202],[-1.55198,43.49205],[-1.55201,43.49209],[-1.55209,43.49216],[-1.55221,43.49228],[-1.55223,43.4923],[-1.55242,43.49242],[-1.55248,43.49247],[-1.55252,43.49251],[-1.55256,43.49257],[-1.55259,43.49265],[-1.55262,43.49293],[-1.55265,43.49303],[-1.5527,43.49311],[-1.55279,43.49319],[-1.55284,43.49321],[-1.55295,43.49325],[-1.55337,43.4934],[-1.55338,43.4934],[-1.5534,43.4934],[-1.55341,43.49339],[-1.55389,43.49345],[-1.55432,43.49376],[-1.55439,43.49381],[-1.55434,43.49384],[-1.55414,43.49397],[-1.55413,43.49398],[-1.55408,43.494],[-1.55403,43.49404],[-1.55395,43.49408],[-1.5539,43.49406],[-1.55368,43.49391],[-1.55281,43.49386],[-1.55279,43.49385],[-1.55268,43.49379],[-1.55266,43.49378],[-1.55259,43.49377],[-1.55256,43.49375],[-1.55254,43.49374]]]]},"geometry_name":"the_geom","properties":{"libelle":"N","libelong":"N","typezone":"N"}},{"type":"Feature","id":"zone_urba.3130332","geometry":{"type":"MultiPolygon","coordinates":[[[[-1.55316,43.49413],[-1.55303,43.49407],[-1.5527,43.49394],[-1.55241,43.49385],[-1.55228,43.49381],[-1.55225,43.4938],[-1.55206,43.49368],[-1.55188,43.49358],[-1.55171,43.4935],[-1.55142,43.49338],[-1.55134,43.49336],[-1.5512,43.49333],[-1.55114,43.49331],[-1.55106,43.49328],[-1.55104,43.49327],[-1.55085,43.49317],[-1.55076,43.49311],[-1.5507,43.49306],[-1.5506,43.49294],[-1.55058,43.49293],[-1.55053,43.49291],[-1.55051,43.49291],[-1.55041,43.4929],[-1.55039,43.49291],[-1.55036,43.49292],[-1.55014,43.49301],[-1.54996,43.49309],[-1.54984,43.49314],[-1.54976,43.49317],[-1.54967,43.4932],[-1.54963,43.49322],[-1.54959,43.49322],[-1.54957,43.49322],[-1.54946,43.4932],[-1.54942,43.4932],[-1.54939,43.4932],[-1.54925,43.49321],[-1.5492,43.49321],[-1.54915,43.4932],[-1.54907,43.49319],[-1.54897,43.49319],[-1.5489,43.4932],[-1.54885,43.49321],[-1.54881,43.49322],[-1.54873,43.49315],[-1.54867,43.4931],[-1.5484,43.49287],[-1.54828,43.49288],[-1.54808,43.4929],[-1.54782,43.49291],[-1.54773,43.49286],[-1.54786,43.49283],[-1.54819,43.49274],[-1.54834,43.49271],[-1.54856,43.49268],[-1.54877,43.49272],[-1.5489,43.49285],[-1.54906,43.49285],[-1.54928,43.49282],[-1.54929,43.49282],[-1.54969,43.49274],[-1.54994,43.4927],[-1.55012,43.49268],[-1.55025,43.49266],[-1.55036,43.4926],[-1.55051,43.49252],[-1.55068,43.49265],[-1.55084,43.49253],[-1.55086,43.49251],[-1.55108,43.49265],[-1.55116,43.49278],[-1.55119,43.49298],[-1.55153,43.4932],[-1.55192,43.49343],[-1.55234,43.4937],[-1.55237,43.49372],[-1.55237,43.49373],[-1.55236,43.49374],[-1.55246,43.49376],[-1.55248,43.49376],[-1.55249,43.49376],[-1.55253,43.49374],[-1.55254,43.49374],[-1.55256,43.49375],[-1.55259,43.49377],[-1.55266,43.49378],[-1.55268,43.49379],[-1.55279,43.49385],[-1.55281,43.49386],[-1.55368,43.49391],[-1.5539,43.49406],[-1.55395,43.49408],[-1.55403,43.49404],[-1.55408,43.494],[-1.55413,43.49398],[-1.55414,43.49397],[-1.55434,43.49384],[-1.55439,43.49381],[-1.55432,43.49376],[-1.55389,43.49345],[-1.55341,43.49339],[-1.5534,43.4934],[-1.55338,43.4934],[-1.55337,43.4934],[-1.55295,43.49325],[-1.55284,43.49321],[-1.55279,43.49319],[-1.5527,43.49311],[-1.55265,43.49303],[-1.55262,43.49293],[-1.55259,43.49265],[-1.55256,43.49257],[-1.55252,43.49251],[-1.55248,43.49247],[-1.55242,43.49242],[-1.55223,43.4923],[-1.55221,43.49228],[-1.55209,43.49216],[-1.55201,43.49209],[-1.55198,43.49205],[-1.55196,43.49202],[-1.55194,43.49199],[-1.55192,43.49195],[-1.55191,43.49191],[-1.55191,43.49187],[-1.55191,43.49183],[-1.55194,43.49168],[-1.55195,43.49168],[-1.55198,43.49156],[-1.5521,43.4913],[-1.55212,43.49121],[-1.55213,43.49107],[-1.55221,43.49111],[-1.55238,43.49118],[-1.55277,43.49017],[-1.55306,43.49004],[-1.55326,43.48941],[-1.55364,43.48952],[-1.55367,43.48947],[-1.5537,43.48942],[-1.55382,43.48917],[-1.55388,43.4891],[-1.55388,43.48908],[-1.55395,43.48906],[-1.55399,43.48904],[-1.55401,43.48902],[-1.55405,43.489],[-1.55407,43.489],[-1.55408,43.489],[-1.55415,43.48907],[-1.55407,43.48926],[-1.55409,43.48927],[-1.55413,43.4893],[-1.55407,43.48936],[-1.55403,43.4894],[-1.55401,43.48943],[-1.55392,43.48959],[-1.55389,43.48965],[-1.55386,43.48969],[-1.55379,43.48979],[-1.55367,43.48997],[-1.55361,43.49006],[-1.55349,43.49025],[-1.55347,43.49027],[-1.55345,43.49028],[-1.55341,43.4903],[-1.5533,43.49032],[-1.55327,43.49033],[-1.55318,43.49037],[-1.55305,43.49043],[-1.55293,43.49049],[-1.55271,43.49062],[-1.55269,43.49063],[-1.55267,43.49064],[-1.55264,43.49072],[-1.55263,43.49074],[-1.55263,43.49079],[-1.55263,43.49083],[-1.55264,43.4909],[-1.55265,43.49094],[-1.55266,43.491],[-1.55268,43.49105],[-1.55272,43.49114],[-1.55274,43.49121],[-1.55272,43.49134],[-1.55269,43.49148],[-1.55269,43.49151],[-1.55269,43.49153],[-1.55275,43.49164],[-1.55279,43.4917],[-1.55283,43.49176],[-1.55284,43.49184],[-1.55284,43.49186],[-1.55283,43.49193],[-1.55283,43.49196],[-1.55286,43.492],[-1.55292,43.49207],[-1.55304,43.49218],[-1.55305,43.49219],[-1.55307,43.49221],[-1.55307,43.49223],[-1.55302,43.49252],[-1.553,43.49272],[-1.553,43.49274],[-1.55302,43.49278],[-1.55307,43.49284],[-1.55312,43.4929],[-1.55318,43.49297],[-1.55327,43.49304],[-1.55332,43.49307],[-1.55336,43.49308],[-1.55344,43.49309],[-1.5535,43.49309],[-1.55364,43.49307],[-1.55378,43.49306],[-1.55383,43.49306],[-1.55407,43.493],[-1.5542,43.49298],[-1.55432,43.49296],[-1.55446,43.49294],[-1.5545,43.49293],[-1.55453,43.49293],[-1.55455,43.49293],[-1.55461,43.49294],[-1.55469,43.49298],[-1.55474,43.49301],[-1.55479,43.49304],[-1.55482,43.49308],[-1.55485,43.49313],[-1.55488,43.4932],[-1.55495,43.4934],[-1.55496,43.49343],[-1.55499,43.49347],[-1.55501,43.49349],[-1.55511,43.49356],[-1.55516,43.49361],[-1.5552,43.49364],[-1.55529,43.49375],[-1.5553,43.49378],[-1.55533,43.49386],[-1.55536,43.49394],[-1.55536,43.49398],[-1.55537,43.49406],[-1.55536,43.49411],[-1.55535,43.49414],[-1.55534,43.49416],[-1.55528,43.49422],[-1.55525,43.49424],[-1.55522,43.49426],[-1.55517,43.49428],[-1.55508,43.49432],[-1.55493,43.49436],[-1.55481,43.4944],[-1.55452,43.49446],[-1.55438,43.49449],[-1.5543,43.49448],[-1.55408,43.49446],[-1.55399,43.49445],[-1.55387,43.49443],[-1.55379,43.49442],[-1.55373,43.49441],[-1.55352,43.49435],[-1.55343,43.49432],[-1.55341,43.49431],[-1.55331,43.49423],[-1.55322,43.49417],[-1.55316,43.49413]]]]},"geometry_name":"the_geom","properties":{"libelle":"Ner","libelong":"Ner","typezone":"N"}},{"type":"Feature","id":"zone_urba.3130335","geometry":{"type":"MultiPolygon","coordinates":[[[[-1.55306,43.48354],[-1.55304,43.48333],[-1.55304,43.48332],[-1.55304,43.48329],[-1.55279,43.48339],[-1.55275,43.48339],[-1.55267,43.48327],[-1.55262,43.48321],[-1.5526,43.48318],[-1.55253,43.48309],[-1.55252,43.48306],[-1.55249,43.48302],[-1.55267,43.48295],[-1.5527,43.48295],[-1.5522,43.48203],[-1.55323,43.48191],[-1.55272,43.48077],[-1.5535,43.48066],[-1.55435,43.48172],[-1.55434,43.48178],[-1.55435,43.48181],[-1.55455,43.48181],[-1.55454,43.48176],[-1.55454,43.48163],[-1.55462,43.48159],[-1.55466,43.48158],[-1.55483,43.48153],[-1.55484,43.48153],[-1.55495,43.48151],[-1.55503,43.4815],[-1.5551,43.4815],[-1.55514,43.48144],[-1.55514,43.48142],[-1.5552,43.48133],[-1.55523,43.48129],[-1.55528,43.48124],[-1.55529,43.48122],[-1.55531,43.48119],[-1.55532,43.48117],[-1.55533,43.48113],[-1.5554,43.48088],[-1.55568,43.48081],[-1.55574,43.48079],[-1.55579,43.48078],[-1.55591,43.48075],[-1.55597,43.48073],[-1.55599,43.48073],[-1.55609,43.48073],[-1.5561,43.48073],[-1.55618,43.48073],[-1.55618,43.48104],[-1.55625,43.48104],[-1.55656,43.48105],[-1.5566,43.48105],[-1.55658,43.48135],[-1.55657,43.48182],[-1.55576,43.48181],[-1.5554,43.48286],[-1.55538,43.48296],[-1.55536,43.483],[-1.55536,43.48329],[-1.5553,43.4833],[-1.55505,43.48329],[-1.55505,43.48327],[-1.55495,43.48327],[-1.55487,43.48326],[-1.55479,43.48326],[-1.55469,43.48327],[-1.5546,43.48328],[-1.55455,43.48328],[-1.55451,43.48329],[-1.55443,43.48331],[-1.55437,43.48333],[-1.55431,43.48335],[-1.55425,43.48337],[-1.55419,43.48338],[-1.55409,43.48341],[-1.55396,43.48345],[-1.55394,43.48346],[-1.55394,43.48346],[-1.55393,43.48347],[-1.55392,43.48347],[-1.55391,43.48347],[-1.55375,43.48351],[-1.5537,43.48353],[-1.5535,43.48359],[-1.5534,43.48362],[-1.55324,43.48367],[-1.55307,43.48372],[-1.55306,43.48355],[-1.55306,43.48354]]]]},"geometry_name":"the_geom","properties":{"libelle":"UBa","libelong":"UBa","typezone":"U"}},{"type":"Feature","id":"zone_urba.3130336","geometry":{"type":"MultiPolygon","coordinates":[[[[-1.5497,43.48199],[-1.5498,43.4818],[-1.54985,43.48172],[-1.54988,43.48168],[-1.54992,43.48163],[-1.54997,43.48159],[-1.55004,43.48156],[-1.5501,43.48154],[-1.55013,43.48153],[-1.55021,43.48151],[-1.55026,43.48151],[-1.55031,43.48151],[-1.55037,43.48152],[-1.55045,43.48153],[-1.55054,43.48156],[-1.55061,43.48159],[-1.55073,43.48163],[-1.55081,43.48166],[-1.55091,43.48169],[-1.55106,43.48174],[-1.55117,43.48179],[-1.55122,43.4818],[-1.5518,43.48095],[-1.55195,43.48062],[-1.55248,43.47951],[-1.55265,43.47913],[-1.55275,43.47868],[-1.55289,43.47873],[-1.55339,43.47895],[-1.55349,43.47898],[-1.55361,43.47899],[-1.55371,43.47899],[-1.55412,43.4789],[-1.55482,43.47874],[-1.55497,43.47887],[-1.55552,43.47933],[-1.55548,43.47935],[-1.55527,43.47949],[-1.55518,43.47955],[-1.55522,43.4796],[-1.55528,43.47966],[-1.55523,43.47969],[-1.55511,43.47982],[-1.55512,43.47985],[-1.55501,43.47982],[-1.55477,43.47976],[-1.55447,43.47972],[-1.55411,43.4797],[-1.5539,43.4797],[-1.55311,43.47974],[-1.55346,43.48055],[-1.5535,43.48066],[-1.55272,43.48077],[-1.55323,43.48191],[-1.5522,43.48203],[-1.55212,43.48207],[-1.55143,43.48217],[-1.55104,43.48217],[-1.55049,43.48216],[-1.55019,43.48214],[-1.55003,43.48212],[-1.54967,43.48206],[-1.54969,43.482],[-1.5497,43.48199]]]]},"geometry_name":"the_geom","properties":{"libelle":"UC","libelong":"UC","typezone":"U"}},{"type":"Feature","id":"zone_urba.3130341","geometry":{"type":"MultiPolygon","coordinates":[[[[-1.55402,43.48052],[-1.55399,43.48046],[-1.55389,43.48048],[-1.55361,43.48054],[-1.55346,43.48055],[-1.55311,43.47974],[-1.5539,43.4797],[-1.55411,43.4797],[-1.55447,43.47972],[-1.55477,43.47976],[-1.55501,43.47982],[-1.55502,43.47987],[-1.55504,43.47994],[-1.55502,43.47995],[-1.55505,43.48003],[-1.55506,43.48005],[-1.55508,43.4801],[-1.55497,43.48016],[-1.55488,43.48022],[-1.55485,43.48023],[-1.5548,43.48025],[-1.55469,43.4803],[-1.55463,43.48032],[-1.55457,43.48034],[-1.55447,43.48038],[-1.55445,43.48034],[-1.55427,43.4804],[-1.55424,43.4804],[-1.55427,43.48047],[-1.55437,43.48068],[-1.55427,43.48071],[-1.55412,43.48074],[-1.55404,43.48056],[-1.55402,43.48052]]]]},"geometry_name":"the_geom","properties":{"libelle":"UBa","libelong":"UBa","typezone":"U"}},{"type":"Feature","id":"zone_urba.3130359","geometry":{"type":"MultiPolygon","coordinates":[[[[-1.55615,43.48414],[-1.55588,43.48292],[-1.55538,43.48296],[-1.5554,43.48286],[-1.55576,43.48181],[-1.55657,43.48182],[-1.55658,43.48135],[-1.5566,43.48105],[-1.55665,43.48056],[-1.5568,43.48061],[-1.55724,43.48085],[-1.55725,43.48085],[-1.55719,43.4809],[-1.55711,43.48096],[-1.5571,43.48097],[-1.55713,43.48106],[-1.55711,43.48106],[-1.55712,43.48111],[-1.55714,43.4811],[-1.55716,43.48122],[-1.55711,43.48122],[-1.55711,43.48125],[-1.55719,43.48125],[-1.55721,43.48149],[-1.5572,43.48151],[-1.55723,43.48151],[-1.55723,43.48155],[-1.55722,43.48155],[-1.55724,43.48177],[-1.55724,43.4818],[-1.55708,43.4818],[-1.55708,43.48284],[-1.5571,43.48409],[-1.5567,43.4841],[-1.55615,43.48414]]]]},"geometry_name":"the_geom","properties":{"libelle":"UB","libelong":"UB","typezone":"U"}},{"type":"Feature","id":"zone_urba.3130366","geometry":{"type":"MultiPolygon","coordinates":[[[[-1.5549,43.47451],[-1.55434,43.47435],[-1.55414,43.47451],[-1.55413,43.4745],[-1.55394,43.47444],[-1.55345,43.47431],[-1.55316,43.47427],[-1.55306,43.47427],[-1.55257,43.47431],[-1.55208,43.47432],[-1.55101,43.47436],[-1.55099,43.47436],[-1.54984,43.47444],[-1.54937,43.47445],[-1.54734,43.4744],[-1.54701,43.47434],[-1.54634,43.47408],[-1.54566,43.47407],[-1.5454,43.47406],[-1.54539,43.47402],[-1.54542,43.47376],[-1.54495,43.47371],[-1.54494,43.47371],[-1.54478,43.47369],[-1.54478,43.47369],[-1.54472,43.47368],[-1.54443,43.47364],[-1.5443,43.47363],[-1.54425,43.47362],[-1.54404,43.4736],[-1.54383,43.47357],[-1.5438,43.47358],[-1.54372,43.47343],[-1.54363,43.47323],[-1.54362,43.47322],[-1.54359,43.47315],[-1.54349,43.4729],[-1.54352,43.4729],[-1.54364,43.47291],[-1.54383,43.47293],[-1.54397,43.47296],[-1.54422,43.473],[-1.54435,43.47303],[-1.54456,43.47307],[-1.54507,43.47317],[-1.5452,43.4732],[-1.54588,43.4733],[-1.54592,43.4733],[-1.54627,43.47335],[-1.54644,43.47338],[-1.54663,43.47341],[-1.54679,43.47343],[-1.54692,43.47345],[-1.54706,43.47347],[-1.54707,43.47347],[-1.54729,43.4735],[-1.54754,43.47353],[-1.54774,43.47355],[-1.5479,43.47357],[-1.54793,43.47357],[-1.54806,43.47356],[-1.5482,43.47356],[-1.54826,43.47355],[-1.54833,43.47354],[-1.54836,43.47353],[-1.54848,43.4735],[-1.5486,43.47348],[-1.54865,43.47345],[-1.54877,43.47338],[-1.54885,43.47334],[-1.54898,43.47327],[-1.54899,43.47327],[-1.54903,43.47325],[-1.54927,43.47313],[-1.54935,43.4731],[-1.54958,43.47334],[-1.54959,43.47341],[-1.54958,43.47343],[-1.54958,43.47357],[-1.54959,43.47357],[-1.54967,43.47357],[-1.54973,43.47357],[-1.54986,43.47357],[-1.55007,43.47357],[-1.55028,43.47357],[-1.55029,43.47357],[-1.55034,43.47357],[-1.55034,43.47354],[-1.55032,43.4727],[-1.55038,43.47268],[-1.55087,43.47254],[-1.55084,43.47271],[-1.55084,43.47273],[-1.55082,43.47284],[-1.55097,43.47285],[-1.5512,43.47311],[-1.55124,43.4731],[-1.5513,43.47308],[-1.55133,43.47308],[-1.55136,43.47307],[-1.55139,43.47308],[-1.55142,43.47309],[-1.55151,43.47312],[-1.55156,43.47315],[-1.55166,43.4732],[-1.55169,43.47322],[-1.55223,43.47321],[-1.55256,43.4732],[-1.55263,43.4732],[-1.55264,43.47319],[-1.55269,43.47315],[-1.55272,43.47312],[-1.55285,43.47305],[-1.55292,43.473],[-1.55321,43.47287],[-1.55323,43.4728],[-1.55331,43.47252],[-1.5534,43.4722],[-1.55341,43.47217],[-1.55527,43.47204],[-1.55528,43.4721],[-1.5553,43.47213],[-1.55535,43.47222],[-1.55536,43.47224],[-1.55539,43.4723],[-1.55543,43.47236],[-1.55553,43.47233],[-1.55549,43.47253],[-1.55548,43.47257],[-1.55557,43.47257],[-1.55557,43.47261],[-1.55557,43.47276],[-1.55544,43.47276],[-1.55545,43.4729],[-1.55545,43.47291],[-1.55545,43.47294],[-1.55545,43.473],[-1.55546,43.4731],[-1.55547,43.47325],[-1.55547,43.47327],[-1.55552,43.4733],[-1.55482,43.47391],[-1.5553,43.47426],[-1.55553,43.47437],[-1.55545,43.47441],[-1.55515,43.47458],[-1.5549,43.47451]]]]},"geometry_name":"the_geom","properties":{"libelle":"UDa","libelong":"UDa","typezone":"U"}},{"type":"Feature","id":"zone_urba.3130367","geometry":{"type":"MultiPolygon","coordinates":[[[[-1.54734,43.48274],[-1.54719,43.4817],[-1.54727,43.48157],[-1.54737,43.48151],[-1.54762,43.48159],[-1.54795,43.48171],[-1.54819,43.48178],[-1.54854,43.48184],[-1.54874,43.48176],[-1.54877,43.48154],[-1.54883,43.48145],[-1.54895,43.48132],[-1.54897,43.48122],[-1.54896,43.48109],[-1.54891,43.48096],[-1.54911,43.48089],[-1.54932,43.48084],[-1.54966,43.48078],[-1.54969,43.48078],[-1.5497,43.48082],[-1.54969,43.48082],[-1.54968,43.48098],[-1.54966,43.48098],[-1.54965,43.48114],[-1.54964,43.48133],[-1.54964,43.48141],[-1.5497,43.48139],[-1.55008,43.48125],[-1.55039,43.48114],[-1.55072,43.48102],[-1.55072,43.48087],[-1.55071,43.48062],[-1.55071,43.48056],[-1.5507,43.48025],[-1.55069,43.48018],[-1.55069,43.48002],[-1.55069,43.48],[-1.55058,43.48003],[-1.55033,43.4801],[-1.55,43.48018],[-1.5496,43.48029],[-1.54953,43.48031],[-1.54949,43.48022],[-1.54929,43.48023],[-1.54903,43.48025],[-1.54889,43.48027],[-1.54884,43.48027],[-1.54877,43.47999],[-1.54898,43.47997],[-1.54898,43.47992],[-1.54896,43.47946],[-1.54901,43.47936],[-1.54937,43.47869],[-1.54937,43.47866],[-1.54932,43.47845],[-1.54927,43.47823],[-1.5492,43.47796],[-1.54919,43.47792],[-1.54942,43.47784],[-1.55008,43.47739],[-1.55022,43.47737],[-1.55139,43.47759],[-1.5519,43.47755],[-1.552,43.47754],[-1.55275,43.47868],[-1.55265,43.47913],[-1.55248,43.47951],[-1.55195,43.48062],[-1.5518,43.48095],[-1.55122,43.4818],[-1.55117,43.48179],[-1.55106,43.48174],[-1.55091,43.48169],[-1.55081,43.48166],[-1.55073,43.48163],[-1.55061,43.48159],[-1.55054,43.48156],[-1.55045,43.48153],[-1.55037,43.48152],[-1.55031,43.48151],[-1.55026,43.48151],[-1.55021,43.48151],[-1.55013,43.48153],[-1.5501,43.48154],[-1.55004,43.48156],[-1.54997,43.48159],[-1.54992,43.48163],[-1.54988,43.48168],[-1.54985,43.48172],[-1.5498,43.4818],[-1.5497,43.48199],[-1.54969,43.482],[-1.54967,43.48206],[-1.54885,43.48191],[-1.54882,43.48198],[-1.54875,43.48216],[-1.54874,43.48218],[-1.54869,43.48232],[-1.54858,43.48259],[-1.54827,43.48252],[-1.5482,43.48251],[-1.54799,43.48246],[-1.54783,43.48243],[-1.54775,43.48241],[-1.54769,43.48259],[-1.54764,43.48274],[-1.54763,43.48279],[-1.54762,43.48283],[-1.5479,43.48296],[-1.54782,43.48317],[-1.54778,43.48315],[-1.54765,43.48311],[-1.54757,43.48308],[-1.54725,43.48298],[-1.54721,43.48297],[-1.54731,43.48281],[-1.54734,43.48274]]]]},"geometry_name":"the_geom","properties":{"libelle":"UDa","libelong":"UDa","typezone":"U"}},{"type":"Feature","id":"zone_urba.3130388","geometry":{"type":"MultiPolygon","coordinates":[[[[-1.55289,43.4847],[-1.5528,43.48466],[-1.55242,43.48473],[-1.55241,43.48467],[-1.55241,43.48464],[-1.5524,43.4846],[-1.55239,43.48457],[-1.5525,43.48455],[-1.5525,43.48451],[-1.55249,43.48439],[-1.55249,43.48434],[-1.55249,43.48426],[-1.55248,43.4841],[-1.55248,43.484],[-1.55248,43.48396],[-1.55247,43.48387],[-1.55247,43.48382],[-1.55229,43.48383],[-1.55228,43.48381],[-1.55226,43.48371],[-1.55226,43.48368],[-1.55238,43.48367],[-1.55237,43.48363],[-1.55234,43.48351],[-1.55238,43.48349],[-1.55243,43.48347],[-1.55275,43.48342],[-1.55275,43.48342],[-1.55275,43.48339],[-1.55279,43.48339],[-1.55304,43.48329],[-1.55304,43.48332],[-1.55304,43.48333],[-1.55306,43.48354],[-1.55306,43.48355],[-1.55307,43.48372],[-1.55324,43.48367],[-1.5534,43.48362],[-1.5535,43.48359],[-1.5537,43.48353],[-1.55375,43.48351],[-1.55391,43.48347],[-1.55392,43.48347],[-1.55393,43.48347],[-1.55394,43.48346],[-1.55394,43.48346],[-1.55396,43.48345],[-1.55409,43.48341],[-1.55419,43.48338],[-1.55425,43.48337],[-1.55431,43.48335],[-1.55437,43.48333],[-1.55443,43.48331],[-1.55451,43.48329],[-1.55455,43.48328],[-1.5546,43.48328],[-1.55469,43.48327],[-1.55479,43.48326],[-1.55487,43.48326],[-1.55495,43.48327],[-1.55505,43.48327],[-1.55505,43.48329],[-1.5553,43.4833],[-1.55536,43.48329],[-1.55536,43.483],[-1.55538,43.48296],[-1.55588,43.48292],[-1.55615,43.48414],[-1.55576,43.48421],[-1.55506,43.48438],[-1.55457,43.48457],[-1.55419,43.48474],[-1.55393,43.48481],[-1.55361,43.48486],[-1.55339,43.48483],[-1.55289,43.4847]]]]},"geometry_name":"the_geom","properties":{"libelle":"UD","libelong":"UD","typezone":"U"}},{"type":"Feature","id":"zone_urba.3130279","geometry":{"type":"MultiPolygon","coordinates":[[[[-1.54438,43.4845],[-1.54424,43.48424],[-1.54432,43.48424],[-1.54448,43.48425],[-1.54468,43.48427],[-1.54473,43.48427],[-1.54492,43.48428],[-1.54509,43.4843],[-1.54531,43.48431],[-1.5454,43.48432],[-1.54582,43.48436],[-1.54594,43.48437],[-1.5462,43.48439],[-1.5466,43.48438],[-1.54657,43.48464],[-1.54655,43.48482],[-1.54655,43.48482],[-1.54655,43.48488],[-1.54587,43.48476],[-1.54456,43.48455],[-1.54445,43.48453],[-1.54438,43.4845]]]]},"geometry_name":"the_geom","properties":{"libelle":"UG","libelong":"UG","typezone":"U"}},{"type":"Feature","id":"zone_urba.3130242","geometry":{"type":"MultiPolygon","coordinates":[[[[-1.5468,43.4899],[-1.54673,43.4899],[-1.54653,43.48971],[-1.5465,43.48968],[-1.54644,43.48961],[-1.54636,43.48953],[-1.54632,43.48949],[-1.54629,43.48946],[-1.54627,43.48943],[-1.54618,43.48934],[-1.54617,43.48934],[-1.54596,43.48911],[-1.54591,43.48907],[-1.54587,43.48903],[-1.54578,43.48893],[-1.5458,43.48892],[-1.54581,43.48892],[-1.54582,43.48891],[-1.54583,43.48889],[-1.54584,43.48888],[-1.54592,43.48875],[-1.54593,43.48873],[-1.54591,43.48873],[-1.54589,43.48871],[-1.54582,43.48857],[-1.54575,43.48844],[-1.54571,43.48835],[-1.54563,43.48821],[-1.54559,43.48814],[-1.54554,43.48804],[-1.54548,43.48794],[-1.54547,43.48791],[-1.54542,43.48783],[-1.54534,43.48768],[-1.54531,43.48763],[-1.54513,43.48763],[-1.54514,43.48704],[-1.54562,43.48711],[-1.54572,43.48761],[-1.54592,43.48759],[-1.54687,43.48742],[-1.54718,43.48732],[-1.54718,43.48733],[-1.5472,43.48735],[-1.54722,43.48737],[-1.54731,43.48748],[-1.5474,43.4876],[-1.54753,43.48769],[-1.54768,43.48778],[-1.54822,43.48801],[-1.54819,43.48805],[-1.54819,43.48806],[-1.54805,43.48821],[-1.54792,43.48834],[-1.5478,43.48847],[-1.54768,43.4886],[-1.5476,43.48857],[-1.54747,43.48852],[-1.54724,43.48865],[-1.54719,43.48867],[-1.54773,43.48921],[-1.54702,43.48972],[-1.54686,43.48984],[-1.5468,43.4899]]]]},"geometry_name":"the_geom","properties":{"libelle":"UD","libelong":"UD","typezone":"U"}},{"type":"Feature","id":"zone_urba.3130408","geometry":{"type":"MultiPolygon","coordinates":[[[[-1.54581,43.47784],[-1.54599,43.47813],[-1.54583,43.47818],[-1.54585,43.47822],[-1.54542,43.47837],[-1.54538,43.47838],[-1.54506,43.47823],[-1.5449,43.4782],[-1.54478,43.47815],[-1.54507,43.47809],[-1.54507,43.47809],[-1.54571,43.47788],[-1.54581,43.47784]]]]},"geometry_name":"the_geom","properties":{"libelle":"UDc","libelong":"UDc","typezone":"U"}},{"type":"Feature","id":"zone_urba.3130245","geometry":{"type":"MultiPolygon","coordinates":[[[[-1.55839,43.44935],[-1.5585,43.44933],[-1.55858,43.44933],[-1.55865,43.44937],[-1.55864,43.44938],[-1.55954,43.44977],[-1.55994,43.44998],[-1.55941,43.45015],[-1.55886,43.4503],[-1.55788,43.45058],[-1.55789,43.45049],[-1.5579,43.45039],[-1.55777,43.44947],[-1.55839,43.44935]]]]},"geometry_name":"the_geom","properties":{"libelle":"IIAUg","libelong":"IIAUg","typezone":"AUs"}},{"type":"Feature","id":"zone_urba.3130305","geometry":{"type":"MultiPolygon","coordinates":[[[[-1.55264,43.45512],[-1.55367,43.45414],[-1.55605,43.45178],[-1.5561,43.45181],[-1.55619,43.45186],[-1.55631,43.4519],[-1.55645,43.45195],[-1.55687,43.45208],[-1.55697,43.45215],[-1.5571,43.4524],[-1.55764,43.45246],[-1.55765,43.45246],[-1.55819,43.45235],[-1.55811,43.4521],[-1.55841,43.45208],[-1.55839,43.45202],[-1.55828,43.45202],[-1.55774,43.45203],[-1.55743,43.45177],[-1.55781,43.45161],[-1.55813,43.45144],[-1.55847,43.45122],[-1.55843,43.4512],[-1.55838,43.45115],[-1.55862,43.45088],[-1.55877,43.45078],[-1.55905,43.45049],[-1.55911,43.45052],[-1.55913,43.45053],[-1.55915,43.4506],[-1.55913,43.451],[-1.55981,43.4508],[-1.56026,43.45068],[-1.56081,43.45054],[-1.56071,43.45035],[-1.56069,43.45032],[-1.56193,43.45088],[-1.56204,43.45093],[-1.56225,43.45101],[-1.56226,43.45103],[-1.56228,43.45107],[-1.56241,43.45133],[-1.5627,43.45191],[-1.5627,43.45192],[-1.56287,43.45225],[-1.56262,43.45229],[-1.56249,43.45232],[-1.56236,43.45236],[-1.56214,43.45246],[-1.56206,43.45248],[-1.56186,43.45257],[-1.56182,43.45259],[-1.56173,43.45264],[-1.56177,43.45267],[-1.56175,43.45269],[-1.56162,43.45279],[-1.56162,43.45281],[-1.56119,43.45292],[-1.56119,43.45308],[-1.56117,43.45307],[-1.56116,43.45305],[-1.56099,43.45294],[-1.56072,43.45297],[-1.56034,43.45307],[-1.56042,43.45327],[-1.56029,43.45329],[-1.56005,43.45334],[-1.55998,43.45336],[-1.55993,43.45337],[-1.55985,43.45339],[-1.5598,43.4534],[-1.55973,43.45342],[-1.55968,43.45343],[-1.55965,43.45343],[-1.55961,43.45344],[-1.55956,43.45344],[-1.55945,43.45345],[-1.55942,43.45346],[-1.55939,43.45346],[-1.55932,43.45347],[-1.55927,43.45348],[-1.55921,43.45349],[-1.55914,43.4535],[-1.55908,43.45352],[-1.559,43.45353],[-1.55897,43.45354],[-1.5589,43.45356],[-1.55885,43.45357],[-1.55881,43.45358],[-1.55883,43.45366],[-1.55886,43.45377],[-1.55883,43.45392],[-1.55876,43.45391],[-1.55873,43.4539],[-1.55861,43.45391],[-1.55852,43.45394],[-1.55844,43.45394],[-1.55836,43.45396],[-1.55825,43.45398],[-1.55812,43.45402],[-1.55803,43.45404],[-1.55795,43.45408],[-1.55792,43.45413],[-1.55789,43.45415],[-1.55787,43.45416],[-1.5578,43.45419],[-1.55777,43.4542],[-1.5576,43.45427],[-1.55742,43.45432],[-1.55731,43.45434],[-1.55718,43.45437],[-1.55709,43.45439],[-1.55691,43.45443],[-1.5568,43.45448],[-1.55677,43.45444],[-1.55668,43.45448],[-1.55658,43.45453],[-1.55651,43.45453],[-1.55647,43.4546],[-1.55645,43.45463],[-1.55639,43.45467],[-1.55626,43.45471],[-1.55622,43.45473],[-1.55611,43.45479],[-1.55601,43.45483],[-1.55595,43.45473],[-1.5559,43.45466],[-1.55585,43.45468],[-1.55572,43.45474],[-1.5556,43.45479],[-1.55537,43.45487],[-1.55527,43.45491],[-1.55501,43.455],[-1.55479,43.45508],[-1.55465,43.45512],[-1.5546,43.45515],[-1.55401,43.45549],[-1.55388,43.4556],[-1.55378,43.4557],[-1.55373,43.45573],[-1.55369,43.45574],[-1.55356,43.45586],[-1.55351,43.45593],[-1.5534,43.45604],[-1.55307,43.4564],[-1.55295,43.45649],[-1.55272,43.45665],[-1.55244,43.45682],[-1.55212,43.45702],[-1.55181,43.45721],[-1.55175,43.45726],[-1.55133,43.45754],[-1.55111,43.45768],[-1.55062,43.45796],[-1.55037,43.45809],[-1.55001,43.45826],[-1.54993,43.45829],[-1.54981,43.45835],[-1.5497,43.45839],[-1.54965,43.45841],[-1.54946,43.45849],[-1.54927,43.45856],[-1.54922,43.45842],[-1.54919,43.45834],[-1.54946,43.45823],[-1.54982,43.45793],[-1.55001,43.45783],[-1.55121,43.45656],[-1.55264,43.45512]]]]},"geometry_name":"the_geom","properties":{"libelle":"Ncu","libelong":"Ncu","typezone":"N"}},{"type":"Feature","id":"zone_urba.3130309","geometry":{"type":"MultiPolygon","coordinates":[[[[-1.55788,43.45058],[-1.55886,43.4503],[-1.55941,43.45015],[-1.55994,43.44998],[-1.55994,43.44998],[-1.56009,43.45004],[-1.5602,43.4501],[-1.56069,43.45032],[-1.56071,43.45035],[-1.56081,43.45054],[-1.56026,43.45068],[-1.55981,43.4508],[-1.55913,43.451],[-1.55915,43.4506],[-1.55913,43.45053],[-1.55911,43.45052],[-1.55905,43.45049],[-1.55877,43.45078],[-1.55862,43.45088],[-1.55838,43.45115],[-1.55832,43.45108],[-1.55803,43.45075],[-1.55791,43.45062],[-1.55787,43.45058],[-1.55788,43.45058]]]]},"geometry_name":"the_geom","properties":{"libelle":"Nh","libelong":"Nh","typezone":"N"}},{"type":"Feature","id":"zone_urba.3130311","geometry":{"type":"MultiPolygon","coordinates":[[[[-1.55539,43.45829],[-1.55478,43.45799],[-1.55456,43.45786],[-1.55424,43.4576],[-1.554,43.45744],[-1.55378,43.4573],[-1.55372,43.45725],[-1.55365,43.45732],[-1.55334,43.45761],[-1.55327,43.45767],[-1.55327,43.4577],[-1.55318,43.45771],[-1.5531,43.45771],[-1.55298,43.45765],[-1.55292,43.45762],[-1.55295,43.45759],[-1.55296,43.45756],[-1.55294,43.45748],[-1.5529,43.45737],[-1.5529,43.45736],[-1.55286,43.45729],[-1.55289,43.45728],[-1.55295,43.45725],[-1.55302,43.45732],[-1.55329,43.45716],[-1.55335,43.45689],[-1.55325,43.45669],[-1.55331,43.4565],[-1.55333,43.45651],[-1.55349,43.45637],[-1.5535,43.45637],[-1.55347,43.45635],[-1.55351,43.45631],[-1.55337,43.45623],[-1.55344,43.45616],[-1.55352,43.45609],[-1.55358,43.45602],[-1.55413,43.45632],[-1.55414,43.45627],[-1.55417,43.45622],[-1.55438,43.45603],[-1.55448,43.45597],[-1.55463,43.45586],[-1.55472,43.45576],[-1.55485,43.45573],[-1.555,43.45569],[-1.55504,43.4557],[-1.55518,43.45562],[-1.55514,43.45556],[-1.5552,43.45548],[-1.55524,43.45546],[-1.55526,43.45541],[-1.55533,43.45535],[-1.55537,43.45532],[-1.55541,43.4553],[-1.5554,43.45529],[-1.55541,43.45528],[-1.55542,43.45528],[-1.55543,43.45527],[-1.55545,43.45526],[-1.55545,43.45525],[-1.55546,43.45524],[-1.5555,43.45521],[-1.55552,43.4552],[-1.55553,43.4552],[-1.55554,43.4552],[-1.55556,43.45519],[-1.55558,43.45517],[-1.55559,43.45515],[-1.5556,43.45514],[-1.55573,43.45503],[-1.55575,43.45503],[-1.5558,43.455],[-1.55579,43.45499],[-1.55589,43.45492],[-1.55591,43.45491],[-1.55598,43.45486],[-1.55601,43.45483],[-1.55611,43.45479],[-1.55622,43.45473],[-1.55626,43.45471],[-1.55639,43.45467],[-1.55645,43.45463],[-1.55647,43.4546],[-1.55651,43.45453],[-1.55658,43.45453],[-1.55668,43.45448],[-1.55677,43.45444],[-1.5568,43.45448],[-1.55691,43.45443],[-1.55709,43.45439],[-1.55718,43.45437],[-1.55731,43.45434],[-1.55742,43.45432],[-1.5576,43.45427],[-1.55777,43.4542],[-1.5578,43.45419],[-1.55787,43.45416],[-1.55789,43.45415],[-1.55792,43.45413],[-1.55795,43.45408],[-1.55803,43.45404],[-1.55812,43.45402],[-1.55825,43.45398],[-1.55836,43.45396],[-1.55844,43.45394],[-1.55852,43.45394],[-1.55861,43.45391],[-1.55873,43.4539],[-1.55876,43.45391],[-1.55883,43.45392],[-1.5589,43.45393],[-1.55891,43.45393],[-1.55893,43.45394],[-1.55894,43.45395],[-1.55896,43.45395],[-1.55897,43.45396],[-1.55899,43.45397],[-1.55901,43.45397],[-1.55903,43.45398],[-1.55905,43.45398],[-1.55908,43.45399],[-1.5591,43.45399],[-1.55912,43.454],[-1.55914,43.454],[-1.55916,43.454],[-1.55919,43.45401],[-1.55922,43.45401],[-1.55925,43.45401],[-1.55927,43.45401],[-1.55929,43.45401],[-1.55933,43.45401],[-1.55936,43.45401],[-1.55938,43.45401],[-1.55941,43.45402],[-1.55945,43.45402],[-1.55948,43.45402],[-1.55951,43.45403],[-1.55955,43.45403],[-1.55959,43.45404],[-1.55962,43.45404],[-1.55964,43.45404],[-1.55963,43.45399],[-1.56003,43.45392],[-1.56047,43.45422],[-1.56062,43.4542],[-1.56127,43.4541],[-1.56152,43.45406],[-1.56177,43.45403],[-1.56185,43.45401],[-1.56218,43.45396],[-1.56213,43.45389],[-1.56227,43.45383],[-1.56258,43.45371],[-1.56291,43.45357],[-1.56289,43.45317],[-1.56323,43.45318],[-1.56331,43.45318],[-1.56332,43.45321],[-1.56336,43.45335],[-1.56345,43.45343],[-1.56346,43.45349],[-1.56354,43.45356],[-1.56362,43.45364],[-1.56366,43.45366],[-1.56434,43.45472],[-1.56435,43.45473],[-1.56496,43.4556],[-1.56502,43.45562],[-1.56506,43.4556],[-1.56516,43.45557],[-1.5653,43.45555],[-1.56543,43.45554],[-1.56549,43.45553],[-1.56555,43.4555],[-1.5656,43.45553],[-1.56563,43.45555],[-1.56566,43.45557],[-1.56568,43.4556],[-1.56571,43.45563],[-1.56572,43.45564],[-1.56573,43.45567],[-1.56575,43.45571],[-1.56577,43.45574],[-1.56579,43.45577],[-1.56582,43.4558],[-1.56583,43.45582],[-1.56584,43.45585],[-1.56584,43.45587],[-1.56584,43.45588],[-1.56586,43.45592],[-1.56588,43.45594],[-1.5659,43.45596],[-1.56593,43.45599],[-1.56595,43.45603],[-1.566,43.4561],[-1.56599,43.4561],[-1.56541,43.45618],[-1.56531,43.45616],[-1.56524,43.45615],[-1.56521,43.45614],[-1.56511,43.4561],[-1.56501,43.45606],[-1.56488,43.45604],[-1.56483,43.45604],[-1.56467,43.45607],[-1.56446,43.45612],[-1.56417,43.45621],[-1.56403,43.45626],[-1.5637,43.45637],[-1.56344,43.45645],[-1.56324,43.45653],[-1.56308,43.45661],[-1.56293,43.45669],[-1.56284,43.45677],[-1.56275,43.45683],[-1.56262,43.45689],[-1.56252,43.45691],[-1.56242,43.45691],[-1.56225,43.45689],[-1.56213,43.45685],[-1.56188,43.4568],[-1.56167,43.45674],[-1.56108,43.45662],[-1.561,43.4566],[-1.56085,43.4566],[-1.56069,43.45663],[-1.56035,43.45672],[-1.56002,43.45682],[-1.5596,43.45697],[-1.5592,43.45713],[-1.55901,43.45723],[-1.55885,43.45733],[-1.55868,43.45745],[-1.55855,43.45757],[-1.55836,43.4577],[-1.55829,43.45775],[-1.55802,43.45788],[-1.55765,43.45806],[-1.55727,43.45811],[-1.55695,43.45814],[-1.55652,43.45817],[-1.55644,43.45815],[-1.55641,43.45814],[-1.55637,43.45815],[-1.55631,43.45817],[-1.55631,43.45821],[-1.55599,43.45822],[-1.55573,43.45826],[-1.55558,43.45828],[-1.55539,43.45829]]]]},"geometry_name":"the_geom","properties":{"libelle":"Ner","libelong":"Ner","typezone":"N"}},{"type":"Feature","id":"zone_urba.3130394","geometry":{"type":"MultiPolygon","coordinates":[[[[-1.56047,43.45422],[-1.56003,43.45392],[-1.55963,43.45399],[-1.55964,43.45404],[-1.55962,43.45404],[-1.55959,43.45404],[-1.55955,43.45403],[-1.55951,43.45403],[-1.55948,43.45402],[-1.55945,43.45402],[-1.55941,43.45402],[-1.55938,43.45401],[-1.55936,43.45401],[-1.55933,43.45401],[-1.55929,43.45401],[-1.55927,43.45401],[-1.55925,43.45401],[-1.55922,43.45401],[-1.55919,43.45401],[-1.55916,43.454],[-1.55914,43.454],[-1.55912,43.454],[-1.5591,43.45399],[-1.55908,43.45399],[-1.55905,43.45398],[-1.55903,43.45398],[-1.55901,43.45397],[-1.55899,43.45397],[-1.55897,43.45396],[-1.55896,43.45395],[-1.55894,43.45395],[-1.55893,43.45394],[-1.55891,43.45393],[-1.5589,43.45393],[-1.55883,43.45392],[-1.55886,43.45377],[-1.55883,43.45366],[-1.55881,43.45358],[-1.55885,43.45357],[-1.5589,43.45356],[-1.55897,43.45354],[-1.559,43.45353],[-1.55908,43.45352],[-1.55914,43.4535],[-1.55921,43.45349],[-1.55927,43.45348],[-1.55932,43.45347],[-1.55939,43.45346],[-1.55942,43.45346],[-1.55945,43.45345],[-1.55956,43.45344],[-1.55961,43.45344],[-1.55965,43.45343],[-1.55968,43.45343],[-1.55973,43.45342],[-1.5598,43.4534],[-1.55985,43.45339],[-1.55993,43.45337],[-1.55998,43.45336],[-1.56005,43.45334],[-1.56029,43.45329],[-1.56042,43.45327],[-1.56034,43.45307],[-1.56072,43.45297],[-1.56099,43.45294],[-1.56116,43.45305],[-1.56117,43.45307],[-1.56119,43.45308],[-1.56119,43.45292],[-1.56162,43.45281],[-1.56162,43.45279],[-1.56175,43.45269],[-1.56177,43.45267],[-1.56173,43.45264],[-1.56182,43.45259],[-1.56186,43.45257],[-1.56206,43.45248],[-1.56214,43.45246],[-1.56236,43.45236],[-1.56249,43.45232],[-1.56262,43.45229],[-1.56287,43.45225],[-1.56318,43.45287],[-1.56329,43.45309],[-1.56331,43.45318],[-1.56323,43.45318],[-1.56289,43.45317],[-1.56291,43.45357],[-1.56258,43.45371],[-1.56227,43.45383],[-1.56213,43.45389],[-1.56218,43.45396],[-1.56185,43.45401],[-1.56177,43.45403],[-1.56152,43.45406],[-1.56127,43.4541],[-1.56062,43.4542],[-1.56047,43.45422]]]]},"geometry_name":"the_geom","properties":{"libelle":"UDa","libelong":"UDa","typezone":"U"}},{"type":"Feature","id":"zone_urba.3130260","geometry":{"type":"MultiPolygon","coordinates":[[[[-1.54677,43.45317],[-1.54762,43.4524],[-1.54766,43.45245],[-1.54784,43.45274],[-1.54779,43.45312],[-1.54763,43.45325],[-1.54741,43.45342],[-1.54732,43.4535],[-1.54698,43.45347],[-1.54667,43.45338],[-1.54662,43.4533],[-1.54677,43.45317]]]]},"geometry_name":"the_geom","properties":{"libelle":"Nh","libelong":"Nh","typezone":"N"}},{"type":"Feature","id":"zone_urba.3130233","geometry":{"type":"MultiPolygon","coordinates":[[[[-1.55597,43.45142],[-1.5557,43.45099],[-1.55456,43.45127],[-1.55436,43.45081],[-1.55386,43.45067],[-1.55383,43.45065],[-1.55344,43.45049],[-1.55324,43.45041],[-1.55273,43.4502],[-1.55266,43.45018],[-1.55253,43.45012],[-1.55152,43.44971],[-1.54961,43.44894],[-1.54954,43.44889],[-1.54949,43.4489],[-1.54944,43.4489],[-1.54934,43.4489],[-1.5492,43.44889],[-1.54894,43.4489],[-1.5488,43.44891],[-1.54867,43.4489],[-1.54848,43.44892],[-1.54821,43.44889],[-1.54805,43.44888],[-1.54787,43.44887],[-1.54774,43.44887],[-1.54766,43.44886],[-1.54766,43.44861],[-1.54766,43.44849],[-1.5471,43.44839],[-1.54673,43.44841],[-1.54655,43.44841],[-1.54657,43.44829],[-1.54495,43.448],[-1.54476,43.44802],[-1.54471,43.44802],[-1.54459,43.44803],[-1.54445,43.44803],[-1.54447,43.44788],[-1.54433,43.44786],[-1.54382,43.44776],[-1.54373,43.44775],[-1.54331,43.44776],[-1.54233,43.44781],[-1.54133,43.44813],[-1.54066,43.44835],[-1.54016,43.44789],[-1.53995,43.44788],[-1.53993,43.44788],[-1.5399,43.44768],[-1.53989,43.44763],[-1.54115,43.44762],[-1.5415,43.44762],[-1.54198,43.44761],[-1.54219,43.4476],[-1.54236,43.4476],[-1.54326,43.44759],[-1.54328,43.44759],[-1.54439,43.44758],[-1.54446,43.44758],[-1.54454,43.44758],[-1.54477,43.44758],[-1.54748,43.44757],[-1.54896,43.44756],[-1.54923,43.44756],[-1.5498,43.44757],[-1.55113,43.44761],[-1.55186,43.44764],[-1.55378,43.44788],[-1.554,43.44791],[-1.55497,43.44806],[-1.5557,43.44817],[-1.55575,43.44818],[-1.55609,43.4482],[-1.55637,43.44832],[-1.55725,43.44872],[-1.55723,43.44873],[-1.55761,43.44891],[-1.55814,43.44914],[-1.55858,43.44933],[-1.5585,43.44933],[-1.55839,43.44935],[-1.55777,43.44947],[-1.55752,43.44951],[-1.55728,43.44946],[-1.55723,43.44942],[-1.55707,43.44931],[-1.55644,43.44938],[-1.55631,43.44939],[-1.55535,43.44964],[-1.55535,43.44966],[-1.55548,43.45019],[-1.55548,43.4502],[-1.5555,43.45028],[-1.55553,43.45039],[-1.55613,43.45053],[-1.55639,43.45055],[-1.55659,43.45057],[-1.55675,43.45059],[-1.55699,43.45058],[-1.55706,43.45075],[-1.55711,43.45087],[-1.55675,43.45112],[-1.55605,43.45178],[-1.55596,43.45173],[-1.55586,43.45169],[-1.55589,43.45166],[-1.55593,43.4516],[-1.55595,43.45155],[-1.556,43.45146],[-1.55597,43.45142]]]]},"geometry_name":"the_geom","properties":{"libelle":"Nr","libelong":"Nr","typezone":"N"}},{"type":"Feature","id":"zone_urba.3130281","geometry":{"type":"MultiPolygon","coordinates":[[[[-1.5401,43.45341],[-1.54022,43.45279],[-1.54022,43.45275],[-1.54023,43.45273],[-1.5403,43.45234],[-1.5403,43.45231],[-1.54037,43.45192],[-1.54046,43.45143],[-1.54047,43.45138],[-1.54049,43.45128],[-1.54049,43.45126],[-1.54044,43.45101],[-1.54023,43.44976],[-1.53999,43.44826],[-1.53993,43.44788],[-1.53995,43.44788],[-1.54016,43.44789],[-1.54066,43.44835],[-1.54099,43.44865],[-1.54067,43.44919],[-1.54066,43.4493],[-1.54072,43.44937],[-1.54087,43.4494],[-1.54104,43.44944],[-1.54129,43.44951],[-1.54142,43.44953],[-1.54143,43.44955],[-1.54149,43.44975],[-1.54155,43.44985],[-1.54163,43.44996],[-1.54179,43.45015],[-1.5419,43.45035],[-1.54188,43.45067],[-1.54176,43.45109],[-1.54143,43.45108],[-1.5412,43.45113],[-1.54126,43.45129],[-1.54129,43.45145],[-1.54229,43.45143],[-1.54223,43.45206],[-1.5425,43.45241],[-1.54261,43.45241],[-1.54353,43.4524],[-1.54351,43.45243],[-1.54335,43.45275],[-1.54329,43.45286],[-1.54328,43.4529],[-1.54322,43.45289],[-1.54314,43.45294],[-1.54301,43.45304],[-1.54285,43.45316],[-1.5427,43.45328],[-1.54265,43.4533],[-1.54262,43.45332],[-1.5426,43.45333],[-1.54259,43.45334],[-1.54229,43.45355],[-1.54224,43.45359],[-1.54223,43.4536],[-1.54218,43.45364],[-1.54211,43.45369],[-1.54199,43.45376],[-1.54188,43.4538],[-1.54187,43.45381],[-1.54181,43.45384],[-1.54167,43.45391],[-1.54144,43.45402],[-1.54133,43.45407],[-1.54123,43.45409],[-1.54114,43.45411],[-1.54104,43.45411],[-1.54086,43.45411],[-1.54079,43.45411],[-1.54073,43.4541],[-1.54044,43.45408],[-1.54041,43.45408],[-1.54026,43.45406],[-1.54011,43.45405],[-1.53994,43.45403],[-1.54001,43.45389],[-1.54004,43.45377],[-1.5401,43.45341]]]]},"geometry_name":"the_geom","properties":{"libelle":"Nh","libelong":"Nh","typezone":"N"}},{"type":"Feature","id":"zone_urba.3130300","geometry":{"type":"MultiPolygon","coordinates":[[[[-1.54223,43.45206],[-1.54229,43.45143],[-1.54129,43.45145],[-1.54126,43.45129],[-1.5412,43.45113],[-1.54143,43.45108],[-1.54176,43.45109],[-1.54188,43.45067],[-1.5419,43.45035],[-1.54179,43.45015],[-1.54163,43.44996],[-1.54155,43.44985],[-1.54149,43.44975],[-1.54143,43.44955],[-1.54142,43.44953],[-1.54129,43.44951],[-1.54104,43.44944],[-1.54087,43.4494],[-1.54072,43.44937],[-1.54066,43.4493],[-1.54067,43.44919],[-1.54099,43.44865],[-1.54066,43.44835],[-1.54133,43.44813],[-1.54233,43.44781],[-1.54331,43.44776],[-1.54373,43.44775],[-1.54382,43.44776],[-1.54433,43.44786],[-1.54447,43.44788],[-1.54445,43.44803],[-1.54429,43.44808],[-1.54421,43.4481],[-1.54401,43.44807],[-1.5438,43.44807],[-1.54358,43.44814],[-1.54338,43.44817],[-1.54334,43.44816],[-1.54306,43.44814],[-1.54276,43.44812],[-1.54265,43.44814],[-1.54256,43.44816],[-1.54274,43.44848],[-1.54299,43.44893],[-1.54282,43.44938],[-1.54243,43.44952],[-1.5425,43.44972],[-1.54256,43.44973],[-1.54261,43.44975],[-1.54263,43.44976],[-1.54265,43.44978],[-1.54267,43.44981],[-1.54271,43.44986],[-1.54275,43.44991],[-1.54279,43.44996],[-1.54279,43.44998],[-1.54279,43.45002],[-1.54279,43.45004],[-1.54278,43.45006],[-1.54276,43.45012],[-1.54274,43.45018],[-1.54272,43.45021],[-1.54271,43.45024],[-1.5427,43.45025],[-1.54268,43.45026],[-1.54268,43.45026],[-1.54387,43.45025],[-1.54384,43.45063],[-1.54375,43.45114],[-1.54397,43.45113],[-1.54417,43.45113],[-1.54421,43.45114],[-1.54415,43.45142],[-1.54408,43.4514],[-1.54377,43.45195],[-1.54369,43.4521],[-1.54353,43.4524],[-1.54261,43.45241],[-1.5425,43.45241],[-1.54223,43.45206]]]]},"geometry_name":"the_geom","properties":{"libelle":"Ncu","libelong":"Ncu","typezone":"N"}},{"type":"Feature","id":"zone_urba.3130307","geometry":{"type":"MultiPolygon","coordinates":[[[[-1.55076,43.45118],[-1.55068,43.45102],[-1.55039,43.45068],[-1.55011,43.45053],[-1.55007,43.45052],[-1.55004,43.45051],[-1.55003,43.4505],[-1.54999,43.45047],[-1.54987,43.45039],[-1.5498,43.45036],[-1.54974,43.45032],[-1.54968,43.45029],[-1.54963,43.45026],[-1.54959,43.45023],[-1.54951,43.45019],[-1.54947,43.45017],[-1.54924,43.45003],[-1.54905,43.45],[-1.54902,43.44998],[-1.549,43.45001],[-1.54899,43.45002],[-1.54894,43.45002],[-1.54884,43.45001],[-1.54796,43.44999],[-1.5476,43.44998],[-1.54737,43.44998],[-1.54726,43.44998],[-1.54716,43.44998],[-1.54726,43.44988],[-1.54766,43.44949],[-1.54766,43.44941],[-1.54766,43.4493],[-1.54634,43.44913],[-1.5461,43.44914],[-1.54605,43.44914],[-1.54492,43.44919],[-1.54448,43.44922],[-1.54439,43.44893],[-1.54432,43.44891],[-1.54434,43.44885],[-1.54436,43.44869],[-1.54437,43.44862],[-1.54439,43.44849],[-1.5444,43.44841],[-1.54442,43.44824],[-1.54444,43.44812],[-1.54445,43.44805],[-1.54445,43.44803],[-1.54459,43.44803],[-1.54471,43.44802],[-1.54476,43.44802],[-1.54495,43.448],[-1.54657,43.44829],[-1.54655,43.44841],[-1.54673,43.44841],[-1.5471,43.44839],[-1.54766,43.44849],[-1.54766,43.44861],[-1.54766,43.44886],[-1.54774,43.44887],[-1.54787,43.44887],[-1.54805,43.44888],[-1.54821,43.44889],[-1.54848,43.44892],[-1.54867,43.4489],[-1.5488,43.44891],[-1.54894,43.4489],[-1.5492,43.44889],[-1.54934,43.4489],[-1.54944,43.4489],[-1.54949,43.4489],[-1.54954,43.44889],[-1.54961,43.44894],[-1.55152,43.44971],[-1.55253,43.45012],[-1.55224,43.45015],[-1.55228,43.45037],[-1.55231,43.45063],[-1.55234,43.45071],[-1.5523,43.45075],[-1.55225,43.45081],[-1.5522,43.45085],[-1.55219,43.4509],[-1.55216,43.45096],[-1.55214,43.45102],[-1.55213,43.45107],[-1.55212,43.45112],[-1.55169,43.45111],[-1.55152,43.45111],[-1.55138,43.4511],[-1.55116,43.45116],[-1.55103,43.45119],[-1.55093,43.45124],[-1.55081,43.45129],[-1.55076,43.45118]]]]},"geometry_name":"the_geom","properties":{"libelle":"N","libelong":"N","typezone":"N"}},{"type":"Feature","id":"zone_urba.3130310","geometry":{"type":"MultiPolygon","coordinates":[[[[-1.53652,43.4588],[-1.53671,43.45857],[-1.5368,43.45844],[-1.53699,43.4582],[-1.53713,43.45802],[-1.53736,43.45772],[-1.5376,43.4574],[-1.53794,43.45701],[-1.53873,43.45611],[-1.53895,43.45564],[-1.53896,43.45564],[-1.539,43.45558],[-1.53906,43.45549],[-1.53912,43.45538],[-1.53918,43.45529],[-1.53934,43.45504],[-1.53939,43.45496],[-1.53954,43.45472],[-1.53969,43.45449],[-1.53977,43.45437],[-1.53992,43.45414],[-1.53994,43.45403],[-1.54011,43.45405],[-1.54026,43.45406],[-1.54041,43.45408],[-1.54044,43.45408],[-1.54073,43.4541],[-1.54079,43.45411],[-1.54086,43.45411],[-1.54104,43.45411],[-1.54114,43.45411],[-1.54123,43.45409],[-1.54133,43.45407],[-1.54144,43.45402],[-1.54167,43.45391],[-1.54181,43.45384],[-1.54187,43.45381],[-1.54188,43.4538],[-1.54199,43.45376],[-1.54211,43.45369],[-1.54218,43.45364],[-1.54223,43.4536],[-1.54224,43.45359],[-1.54229,43.45355],[-1.54259,43.45334],[-1.5426,43.45333],[-1.54262,43.45332],[-1.54265,43.4533],[-1.5427,43.45328],[-1.54285,43.45316],[-1.54301,43.45304],[-1.54314,43.45294],[-1.54322,43.45289],[-1.54328,43.4529],[-1.54329,43.45286],[-1.54335,43.45275],[-1.54351,43.45243],[-1.54353,43.4524],[-1.54369,43.4521],[-1.54406,43.45211],[-1.54417,43.4521],[-1.54541,43.45226],[-1.54543,43.452],[-1.54563,43.45201],[-1.5457,43.45201],[-1.54662,43.4533],[-1.54667,43.45338],[-1.54698,43.45347],[-1.54732,43.4535],[-1.54757,43.4535],[-1.54763,43.45349],[-1.548,43.45347],[-1.54806,43.45346],[-1.54826,43.45345],[-1.54831,43.45345],[-1.54844,43.45344],[-1.54849,43.45343],[-1.54855,43.45343],[-1.54863,43.45342],[-1.54881,43.45341],[-1.54887,43.4534],[-1.54912,43.45339],[-1.54931,43.45337],[-1.54936,43.45337],[-1.54963,43.45335],[-1.54982,43.45333],[-1.54997,43.45332],[-1.54999,43.45332],[-1.55002,43.45332],[-1.55007,43.45332],[-1.55063,43.45333],[-1.55067,43.45333],[-1.55038,43.45362],[-1.55099,43.45393],[-1.55112,43.45399],[-1.551,43.45412],[-1.55091,43.45422],[-1.55088,43.45425],[-1.55093,43.45427],[-1.55182,43.45471],[-1.55253,43.45506],[-1.55264,43.45512],[-1.55121,43.45656],[-1.55001,43.45783],[-1.54982,43.45793],[-1.54946,43.45823],[-1.54919,43.45834],[-1.54909,43.45838],[-1.54891,43.45843],[-1.54884,43.45846],[-1.54868,43.45849],[-1.54858,43.45849],[-1.54852,43.45849],[-1.54816,43.45844],[-1.54767,43.45838],[-1.54736,43.45844],[-1.54735,43.45849],[-1.54722,43.45863],[-1.54684,43.45869],[-1.54474,43.45899],[-1.54382,43.45915],[-1.54381,43.45912],[-1.54381,43.45911],[-1.54381,43.45882],[-1.5438,43.45877],[-1.5433,43.45869],[-1.54318,43.45867],[-1.54303,43.45865],[-1.54278,43.45861],[-1.54271,43.45862],[-1.54257,43.45863],[-1.5423,43.45865],[-1.54196,43.45863],[-1.54158,43.45857],[-1.54147,43.45855],[-1.54106,43.45846],[-1.54107,43.45839],[-1.54083,43.45834],[-1.54062,43.4583],[-1.54062,43.45829],[-1.54064,43.45813],[-1.54025,43.45814],[-1.54004,43.45815],[-1.53989,43.45815],[-1.53981,43.45824],[-1.53979,43.45826],[-1.53974,43.45832],[-1.53974,43.45833],[-1.53972,43.45863],[-1.53941,43.45862],[-1.53901,43.45861],[-1.53901,43.45867],[-1.53899,43.45887],[-1.53897,43.45911],[-1.53896,43.45935],[-1.53896,43.45936],[-1.53896,43.45939],[-1.53831,43.45936],[-1.53753,43.45928],[-1.53627,43.45914],[-1.5363,43.45909],[-1.53645,43.4589],[-1.53652,43.4588]]]]},"geometry_name":"the_geom","properties":{"libelle":"UDa","libelong":"UDa","typezone":"U"}},{"type":"Feature","id":"zone_urba.3130321","geometry":{"type":"MultiPolygon","coordinates":[[[[-1.54732,43.4535],[-1.54741,43.45342],[-1.54763,43.45325],[-1.54779,43.45312],[-1.54784,43.45274],[-1.54766,43.45245],[-1.54762,43.4524],[-1.54677,43.45317],[-1.54662,43.4533],[-1.5457,43.45201],[-1.54563,43.45201],[-1.54543,43.452],[-1.54541,43.45226],[-1.54417,43.4521],[-1.54406,43.45211],[-1.54369,43.4521],[-1.54377,43.45195],[-1.54408,43.4514],[-1.54415,43.45142],[-1.54421,43.45114],[-1.54417,43.45113],[-1.54397,43.45113],[-1.54375,43.45114],[-1.54384,43.45063],[-1.54387,43.45025],[-1.54268,43.45026],[-1.54268,43.45026],[-1.5427,43.45025],[-1.54271,43.45024],[-1.54272,43.45021],[-1.54274,43.45018],[-1.54276,43.45012],[-1.54278,43.45006],[-1.54279,43.45004],[-1.54279,43.45002],[-1.54279,43.44998],[-1.54279,43.44996],[-1.54275,43.44991],[-1.54271,43.44986],[-1.54267,43.44981],[-1.54265,43.44978],[-1.54263,43.44976],[-1.54261,43.44975],[-1.54256,43.44973],[-1.5425,43.44972],[-1.54243,43.44952],[-1.54282,43.44938],[-1.54299,43.44893],[-1.54274,43.44848],[-1.54256,43.44816],[-1.54265,43.44814],[-1.54276,43.44812],[-1.54306,43.44814],[-1.54334,43.44816],[-1.54338,43.44817],[-1.54358,43.44814],[-1.5438,43.44807],[-1.54401,43.44807],[-1.54421,43.4481],[-1.54429,43.44808],[-1.54445,43.44803],[-1.54445,43.44805],[-1.54444,43.44812],[-1.54442,43.44824],[-1.5444,43.44841],[-1.54439,43.44849],[-1.54437,43.44862],[-1.54436,43.44869],[-1.54434,43.44885],[-1.54432,43.44891],[-1.54439,43.44893],[-1.54448,43.44922],[-1.54492,43.44919],[-1.54499,43.44926],[-1.5453,43.44932],[-1.54534,43.44933],[-1.54579,43.44945],[-1.54578,43.44948],[-1.54572,43.44998],[-1.5458,43.45015],[-1.54537,43.45047],[-1.54545,43.45087],[-1.54549,43.45101],[-1.54553,43.45121],[-1.54559,43.4515],[-1.54565,43.4518],[-1.54573,43.45182],[-1.54599,43.45143],[-1.54613,43.45121],[-1.54638,43.45083],[-1.54649,43.45067],[-1.54657,43.45055],[-1.54671,43.45041],[-1.5471,43.45003],[-1.54716,43.44998],[-1.54726,43.44998],[-1.54737,43.44998],[-1.5476,43.44998],[-1.54796,43.44999],[-1.54884,43.45001],[-1.54894,43.45002],[-1.54899,43.45002],[-1.549,43.45001],[-1.54902,43.44998],[-1.54905,43.45],[-1.54924,43.45003],[-1.54947,43.45017],[-1.54951,43.45019],[-1.54959,43.45023],[-1.54963,43.45026],[-1.54968,43.45029],[-1.54974,43.45032],[-1.5498,43.45036],[-1.54987,43.45039],[-1.54999,43.45047],[-1.55003,43.4505],[-1.55004,43.45051],[-1.55007,43.45052],[-1.55011,43.45053],[-1.55039,43.45068],[-1.55068,43.45102],[-1.55076,43.45118],[-1.55081,43.45129],[-1.55093,43.45124],[-1.55103,43.45119],[-1.55116,43.45116],[-1.55138,43.4511],[-1.55152,43.45111],[-1.55169,43.45111],[-1.55212,43.45112],[-1.55213,43.45107],[-1.55214,43.45102],[-1.55216,43.45096],[-1.55219,43.4509],[-1.5522,43.45085],[-1.55225,43.45081],[-1.5523,43.45075],[-1.55234,43.45071],[-1.55231,43.45063],[-1.55228,43.45037],[-1.55224,43.45015],[-1.55253,43.45012],[-1.55266,43.45018],[-1.55273,43.45054],[-1.55285,43.45058],[-1.55268,43.45077],[-1.55262,43.4509],[-1.55261,43.4512],[-1.55261,43.45132],[-1.55259,43.4515],[-1.55257,43.45157],[-1.55251,43.45171],[-1.55248,43.4518],[-1.55244,43.45196],[-1.55233,43.45214],[-1.55226,43.45224],[-1.55216,43.45232],[-1.55208,43.45237],[-1.552,43.45242],[-1.55186,43.45248],[-1.55171,43.45256],[-1.55163,43.4526],[-1.55146,43.45272],[-1.55135,43.45281],[-1.55108,43.45306],[-1.55091,43.45319],[-1.55075,43.45327],[-1.55063,43.45333],[-1.55007,43.45332],[-1.55002,43.45332],[-1.54999,43.45332],[-1.54997,43.45332],[-1.54982,43.45333],[-1.54963,43.45335],[-1.54936,43.45337],[-1.54931,43.45337],[-1.54912,43.45339],[-1.54887,43.4534],[-1.54881,43.45341],[-1.54863,43.45342],[-1.54855,43.45343],[-1.54849,43.45343],[-1.54844,43.45344],[-1.54831,43.45345],[-1.54826,43.45345],[-1.54806,43.45346],[-1.548,43.45347],[-1.54763,43.45349],[-1.54757,43.4535],[-1.54732,43.4535]]]]},"geometry_name":"the_geom","properties":{"libelle":"Nhd","libelong":"Nhd","typezone":"N"}},{"type":"Feature","id":"zone_urba.3130387","geometry":{"type":"MultiPolygon","coordinates":[[[[-1.54605,43.44914],[-1.5461,43.44914],[-1.54634,43.44913],[-1.54766,43.4493],[-1.54766,43.44941],[-1.54766,43.44949],[-1.54726,43.44988],[-1.54716,43.44998],[-1.5471,43.45003],[-1.54671,43.45041],[-1.54657,43.45055],[-1.54649,43.45067],[-1.54638,43.45083],[-1.54613,43.45121],[-1.54599,43.45143],[-1.54573,43.45182],[-1.54565,43.4518],[-1.54559,43.4515],[-1.54553,43.45121],[-1.54549,43.45101],[-1.54545,43.45087],[-1.54537,43.45047],[-1.5458,43.45015],[-1.54572,43.44998],[-1.54578,43.44948],[-1.54579,43.44945],[-1.54534,43.44933],[-1.5453,43.44932],[-1.54499,43.44926],[-1.54492,43.44919],[-1.54605,43.44914]]]]},"geometry_name":"the_geom","properties":{"libelle":"UDt","libelong":"UDt","typezone":"U"}},{"type":"Feature","id":"zone_urba.3130240","geometry":{"type":"MultiPolygon","coordinates":[[[[-1.55687,43.45208],[-1.55645,43.45195],[-1.55631,43.4519],[-1.55619,43.45186],[-1.5561,43.45181],[-1.55605,43.45178],[-1.55675,43.45112],[-1.55711,43.45087],[-1.55741,43.45074],[-1.55768,43.45063],[-1.55787,43.45058],[-1.55791,43.45062],[-1.55803,43.45075],[-1.55832,43.45108],[-1.55838,43.45115],[-1.55843,43.4512],[-1.55847,43.45122],[-1.55813,43.45144],[-1.55781,43.45161],[-1.55743,43.45177],[-1.55774,43.45203],[-1.55828,43.45202],[-1.55839,43.45202],[-1.55841,43.45208],[-1.55811,43.4521],[-1.55819,43.45235],[-1.55765,43.45246],[-1.55764,43.45246],[-1.5571,43.4524],[-1.55697,43.45215],[-1.55687,43.45208]]]]},"geometry_name":"the_geom","properties":{"libelle":"UY*","libelong":"UY*","typezone":"U"}},{"type":"Feature","id":"zone_urba.3130266","geometry":{"type":"MultiPolygon","coordinates":[[[[-1.55706,43.45075],[-1.55699,43.45058],[-1.55675,43.45059],[-1.55659,43.45057],[-1.55639,43.45055],[-1.55613,43.45053],[-1.55553,43.45039],[-1.5555,43.45028],[-1.55548,43.4502],[-1.55548,43.45019],[-1.55535,43.44966],[-1.55535,43.44964],[-1.55631,43.44939],[-1.55644,43.44938],[-1.55707,43.44931],[-1.55723,43.44942],[-1.55728,43.44946],[-1.55752,43.44951],[-1.55777,43.44947],[-1.5579,43.45039],[-1.55789,43.45049],[-1.55788,43.45058],[-1.55787,43.45058],[-1.55768,43.45063],[-1.55741,43.45074],[-1.55711,43.45087],[-1.55706,43.45075]]]]},"geometry_name":"the_geom","properties":{"libelle":"Nh","libelong":"Nh","typezone":"N"}},{"type":"Feature","id":"zone_urba.3130354","geometry":{"type":"MultiPolygon","coordinates":[[[[-1.55244,43.45196],[-1.55248,43.4518],[-1.55251,43.45171],[-1.55257,43.45157],[-1.55259,43.4515],[-1.55261,43.45132],[-1.55261,43.4512],[-1.55262,43.4509],[-1.55268,43.45077],[-1.55285,43.45058],[-1.55294,43.45061],[-1.55326,43.45104],[-1.55334,43.45106],[-1.55446,43.45137],[-1.55462,43.45142],[-1.5558,43.45176],[-1.55583,43.45173],[-1.55586,43.45169],[-1.55596,43.45173],[-1.55605,43.45178],[-1.55367,43.45414],[-1.55264,43.45512],[-1.55253,43.45506],[-1.55182,43.45471],[-1.55093,43.45427],[-1.55088,43.45425],[-1.55091,43.45422],[-1.551,43.45412],[-1.55112,43.45399],[-1.55099,43.45393],[-1.55038,43.45362],[-1.55067,43.45333],[-1.55063,43.45333],[-1.55075,43.45327],[-1.55091,43.45319],[-1.55108,43.45306],[-1.55135,43.45281],[-1.55146,43.45272],[-1.55163,43.4526],[-1.55171,43.45256],[-1.55186,43.45248],[-1.552,43.45242],[-1.55208,43.45237],[-1.55216,43.45232],[-1.55226,43.45224],[-1.55233,43.45214],[-1.55244,43.45196]]]]},"geometry_name":"the_geom","properties":{"libelle":"Nh","libelong":"Nh","typezone":"N"}},{"type":"Feature","id":"zone_urba.3130312","geometry":{"type":"MultiPolygon","coordinates":[[[[-1.55541,43.45851],[-1.55503,43.45847],[-1.55496,43.45849],[-1.55495,43.45849],[-1.55486,43.45839],[-1.55477,43.45831],[-1.55464,43.45824],[-1.55446,43.45819],[-1.55438,43.45817],[-1.55412,43.45824],[-1.5538,43.45806],[-1.55356,43.45794],[-1.55323,43.45777],[-1.5531,43.45771],[-1.55318,43.45771],[-1.55327,43.4577],[-1.55327,43.45767],[-1.55334,43.45761],[-1.55365,43.45732],[-1.55372,43.45725],[-1.55378,43.4573],[-1.554,43.45744],[-1.55424,43.4576],[-1.55456,43.45786],[-1.55478,43.45799],[-1.55539,43.45829],[-1.55558,43.45828],[-1.55573,43.45826],[-1.55599,43.45822],[-1.55631,43.45821],[-1.55631,43.45823],[-1.5563,43.4583],[-1.5563,43.45833],[-1.55637,43.45842],[-1.55645,43.45841],[-1.55644,43.45845],[-1.55627,43.45845],[-1.55555,43.45845],[-1.55545,43.45844],[-1.55541,43.45851]]]]},"geometry_name":"the_geom","properties":{"libelle":"N","libelong":"N","typezone":"N"}},{"type":"Feature","id":"zone_urba.3130398","geometry":{"type":"MultiPolygon","coordinates":[[[[-1.55446,43.45137],[-1.55334,43.45106],[-1.55326,43.45104],[-1.55294,43.45061],[-1.55285,43.45058],[-1.55273,43.45054],[-1.55266,43.45018],[-1.55273,43.4502],[-1.55324,43.45041],[-1.55344,43.45049],[-1.55383,43.45065],[-1.55386,43.45067],[-1.55436,43.45081],[-1.55456,43.45127],[-1.5557,43.45099],[-1.55597,43.45142],[-1.556,43.45146],[-1.55595,43.45155],[-1.55593,43.4516],[-1.55589,43.45166],[-1.55586,43.45169],[-1.55583,43.45173],[-1.5558,43.45176],[-1.55462,43.45142],[-1.55446,43.45137]]]]},"geometry_name":"the_geom","properties":{"libelle":"N","libelong":"N","typezone":"N"}},{"type":"Feature","id":"zone_urba.3130243","geometry":{"type":"MultiPolygon","coordinates":[[[[-1.55735,43.47699],[-1.55728,43.47686],[-1.55711,43.47691],[-1.55707,43.47688],[-1.55693,43.47679],[-1.55676,43.47667],[-1.55673,43.47664],[-1.5567,43.47661],[-1.55666,43.47661],[-1.55661,43.47658],[-1.55666,43.47651],[-1.55676,43.47644],[-1.55688,43.47636],[-1.55703,43.47626],[-1.55717,43.47616],[-1.55732,43.47598],[-1.5574,43.47582],[-1.55749,43.4756],[-1.55763,43.47523],[-1.55783,43.47542],[-1.55805,43.47562],[-1.5583,43.47575],[-1.55867,43.47587],[-1.55887,43.47593],[-1.55923,43.47604],[-1.5592,43.47609],[-1.55913,43.47628],[-1.55907,43.47643],[-1.55905,43.47647],[-1.55897,43.47667],[-1.55897,43.47667],[-1.55891,43.47682],[-1.55889,43.47687],[-1.55886,43.47694],[-1.55885,43.47696],[-1.5588,43.47707],[-1.55842,43.47698],[-1.55841,43.47698],[-1.55809,43.4769],[-1.55807,43.47695],[-1.558,43.47708],[-1.55796,43.47718],[-1.55793,43.47726],[-1.5579,43.47733],[-1.5579,43.47735],[-1.55784,43.47732],[-1.5576,43.47717],[-1.55758,43.47715],[-1.55751,43.47711],[-1.55736,43.47702],[-1.55737,43.47701],[-1.55735,43.47699]]]]},"geometry_name":"the_geom","properties":{"libelle":"UDb","libelong":"UDb","typezone":"U"}},{"type":"Feature","id":"zone_urba.3130304","geometry":{"type":"MultiPolygon","coordinates":[[[[-1.56539,43.47164],[-1.56524,43.47149],[-1.56522,43.47148],[-1.5652,43.47145],[-1.56512,43.47138],[-1.56511,43.47138],[-1.5651,43.47137],[-1.56508,43.47134],[-1.56488,43.47126],[-1.56488,43.47128],[-1.56486,43.4713],[-1.56453,43.47163],[-1.56443,43.47158],[-1.56432,43.47169],[-1.56431,43.47171],[-1.56422,43.47169],[-1.56377,43.47159],[-1.56365,43.47166],[-1.56355,43.47169],[-1.56346,43.47174],[-1.56348,43.47165],[-1.56353,43.47156],[-1.56359,43.47157],[-1.5636,43.47154],[-1.5636,43.47154],[-1.56367,43.4714],[-1.5637,43.47134],[-1.56383,43.47106],[-1.56389,43.47094],[-1.56409,43.47082],[-1.56412,43.4708],[-1.56455,43.47054],[-1.56458,43.47052],[-1.56465,43.47047],[-1.5647,43.47038],[-1.5647,43.47038],[-1.56502,43.47036],[-1.56537,43.47031],[-1.56628,43.47009],[-1.56712,43.46991],[-1.56771,43.46984],[-1.56762,43.46995],[-1.56758,43.47001],[-1.56757,43.47003],[-1.56747,43.47019],[-1.56728,43.47051],[-1.5668,43.47029],[-1.56675,43.47035],[-1.56667,43.47046],[-1.56661,43.47056],[-1.56654,43.47068],[-1.56669,43.47075],[-1.56661,43.47089],[-1.56655,43.471],[-1.56653,43.47105],[-1.56641,43.47125],[-1.56629,43.47147],[-1.56622,43.47146],[-1.56617,43.47146],[-1.56568,43.47158],[-1.56548,43.47169],[-1.56547,43.47168],[-1.56539,43.47164]]]]},"geometry_name":"the_geom","properties":{"libelle":"UH","libelong":"UH","typezone":"U"}},{"type":"Feature","id":"zone_urba.3130330","geometry":{"type":"MultiPolygon","coordinates":[[[[-1.55509,43.47192],[-1.55515,43.47176],[-1.55501,43.47173],[-1.55499,43.47172],[-1.55502,43.47164],[-1.55503,43.47161],[-1.55522,43.47164],[-1.55535,43.47166],[-1.5555,43.47171],[-1.55552,43.47171],[-1.556,43.47176],[-1.55606,43.47177],[-1.55613,43.47177],[-1.55616,43.47169],[-1.55616,43.47145],[-1.55662,43.47147],[-1.55695,43.47133],[-1.55802,43.4712],[-1.55802,43.4712],[-1.55811,43.47111],[-1.55817,43.47104],[-1.55819,43.47097],[-1.55818,43.4709],[-1.55817,43.47075],[-1.55816,43.47066],[-1.55816,43.47063],[-1.55821,43.47063],[-1.55823,43.4706],[-1.55849,43.47066],[-1.55855,43.47068],[-1.55862,43.47054],[-1.55878,43.47025],[-1.55965,43.47047],[-1.55967,43.47043],[-1.55979,43.47019],[-1.55981,43.47014],[-1.55982,43.47013],[-1.56007,43.47019],[-1.56022,43.46992],[-1.56025,43.46987],[-1.56068,43.46994],[-1.561,43.47001],[-1.5611,43.47007],[-1.56062,43.47113],[-1.56018,43.47124],[-1.55879,43.47157],[-1.55795,43.4718],[-1.55629,43.47196],[-1.55527,43.47204],[-1.55524,43.47196],[-1.55508,43.47194],[-1.55509,43.47192]]]]},"geometry_name":"the_geom","properties":{"libelle":"UBi","libelong":"UBi","typezone":"U"}},{"type":"Feature","id":"zone_urba.3130369","geometry":{"type":"MultiPolygon","coordinates":[[[[-1.57011,43.48395],[-1.56932,43.48381],[-1.56933,43.48382],[-1.56933,43.48384],[-1.56935,43.48388],[-1.56935,43.48389],[-1.56934,43.48389],[-1.56934,43.48389],[-1.56933,43.48389],[-1.5693,43.48389],[-1.56929,43.48388],[-1.56929,43.48388],[-1.56928,43.48387],[-1.56929,43.48384],[-1.5693,43.48382],[-1.5692,43.4838],[-1.56919,43.48381],[-1.56901,43.48392],[-1.56915,43.48395],[-1.56919,43.48397],[-1.56941,43.48404],[-1.56962,43.48413],[-1.56967,43.48415],[-1.56967,43.48415],[-1.56967,43.48415],[-1.56967,43.48415],[-1.56934,43.48415],[-1.56932,43.48415],[-1.5692,43.48414],[-1.56918,43.48414],[-1.56917,43.48414],[-1.56916,43.48413],[-1.56914,43.48412],[-1.56903,43.48403],[-1.56897,43.48398],[-1.56895,43.48396],[-1.56892,43.48394],[-1.56884,43.4839],[-1.56882,43.48389],[-1.5688,43.48388],[-1.56878,43.48388],[-1.56871,43.48386],[-1.5687,43.48385],[-1.56869,43.48385],[-1.56863,43.48381],[-1.56858,43.48379],[-1.56851,43.48375],[-1.5685,43.48375],[-1.56849,43.48374],[-1.56847,43.48374],[-1.56832,43.48374],[-1.5683,43.48373],[-1.56829,43.48373],[-1.56828,43.48374],[-1.56827,43.48374],[-1.56826,43.48374],[-1.56823,43.48376],[-1.56821,43.48377],[-1.56819,43.48377],[-1.56818,43.48378],[-1.56815,43.48378],[-1.56792,43.48382],[-1.5679,43.48382],[-1.56779,43.48385],[-1.56759,43.48401],[-1.56745,43.48407],[-1.56744,43.48407],[-1.56744,43.48407],[-1.56742,43.48405],[-1.5674,43.48404],[-1.56739,43.48404],[-1.56737,43.48403],[-1.56735,43.48403],[-1.56734,43.48403],[-1.56733,43.48404],[-1.56732,43.48404],[-1.56731,43.48405],[-1.5673,43.48405],[-1.56729,43.48406],[-1.56727,43.48409],[-1.56726,43.4841],[-1.56725,43.4841],[-1.56725,43.48411],[-1.5671,43.48411],[-1.56707,43.48411],[-1.56693,43.48413],[-1.56692,43.48414],[-1.5669,43.48416],[-1.56689,43.48417],[-1.56688,43.48417],[-1.56687,43.48418],[-1.56686,43.48418],[-1.56685,43.48418],[-1.56685,43.48417],[-1.56676,43.48415],[-1.56658,43.48411],[-1.56655,43.48411],[-1.56653,43.48411],[-1.56652,43.48411],[-1.56647,43.48411],[-1.56639,43.48413],[-1.56638,43.48413],[-1.56636,43.48413],[-1.56635,43.48412],[-1.56631,43.4841],[-1.56627,43.48409],[-1.56625,43.48408],[-1.56624,43.48408],[-1.56624,43.48407],[-1.56623,43.48407],[-1.56623,43.48406],[-1.56622,43.48404],[-1.56622,43.48403],[-1.56621,43.48402],[-1.56621,43.48401],[-1.5662,43.48401],[-1.5662,43.48399],[-1.56619,43.48398],[-1.56619,43.48397],[-1.56619,43.48396],[-1.56618,43.48395],[-1.56618,43.48394],[-1.56618,43.48394],[-1.56617,43.48392],[-1.56615,43.4839],[-1.56614,43.48389],[-1.56613,43.48388],[-1.56612,43.48387],[-1.56612,43.48386],[-1.56612,43.48386],[-1.56612,43.48386],[-1.56614,43.48381],[-1.56614,43.4838],[-1.56614,43.4838],[-1.56614,43.48378],[-1.56614,43.48377],[-1.56613,43.48375],[-1.56612,43.48372],[-1.56613,43.48371],[-1.56613,43.4837],[-1.56613,43.48369],[-1.56613,43.48368],[-1.56614,43.48368],[-1.56614,43.48367],[-1.56614,43.48367],[-1.56619,43.48365],[-1.56631,43.48359],[-1.56632,43.4836],[-1.56641,43.48355],[-1.5665,43.48347],[-1.56656,43.48343],[-1.56661,43.4834],[-1.56662,43.48339],[-1.56664,43.48337],[-1.56665,43.48334],[-1.56665,43.48333],[-1.56664,43.48332],[-1.56662,43.48331],[-1.56659,43.48329],[-1.56658,43.4833],[-1.56656,43.48332],[-1.56655,43.48333],[-1.56653,43.48334],[-1.56651,43.48335],[-1.56649,43.48335],[-1.56637,43.48337],[-1.56651,43.48318],[-1.56665,43.4832],[-1.56685,43.48324],[-1.56687,43.4832],[-1.56688,43.48317],[-1.5669,43.48314],[-1.5669,43.48314],[-1.56701,43.4832],[-1.56709,43.48326],[-1.56687,43.48347],[-1.56694,43.48351],[-1.56698,43.48354],[-1.56703,43.48357],[-1.56727,43.48369],[-1.56731,43.48371],[-1.56733,43.4837],[-1.56734,43.48369],[-1.56735,43.48368],[-1.56737,43.48366],[-1.56739,43.48364],[-1.56739,43.48363],[-1.56748,43.48366],[-1.56757,43.48369],[-1.56761,43.4837],[-1.56762,43.48371],[-1.56763,43.48372],[-1.56765,43.48373],[-1.56767,43.48374],[-1.56768,43.48375],[-1.56769,43.48375],[-1.5677,43.48375],[-1.56772,43.48375],[-1.56774,43.48375],[-1.56776,43.48375],[-1.56777,43.48375],[-1.5678,43.48376],[-1.56784,43.48376],[-1.56788,43.48378],[-1.56799,43.48371],[-1.56812,43.4836],[-1.56818,43.48354],[-1.56825,43.48349],[-1.56831,43.48344],[-1.56812,43.48313],[-1.56812,43.48312],[-1.5681,43.48311],[-1.56809,43.48308],[-1.56801,43.48294],[-1.56796,43.48286],[-1.56768,43.48277],[-1.56766,43.48276],[-1.56765,43.48276],[-1.56759,43.48273],[-1.56734,43.48261],[-1.56748,43.48223],[-1.56749,43.48218],[-1.56771,43.48221],[-1.56771,43.48215],[-1.56817,43.48219],[-1.56816,43.4822],[-1.56816,43.48221],[-1.5682,43.48221],[-1.56832,43.48217],[-1.56834,43.48199],[-1.56833,43.48198],[-1.56835,43.48195],[-1.56838,43.48193],[-1.56839,43.48192],[-1.56856,43.48173],[-1.56856,43.48171],[-1.56857,43.4817],[-1.56857,43.48167],[-1.56859,43.48162],[-1.56861,43.48159],[-1.5686,43.48158],[-1.5686,43.48157],[-1.56859,43.48156],[-1.56858,43.48155],[-1.56857,43.48154],[-1.56846,43.48147],[-1.5684,43.48146],[-1.56835,43.48145],[-1.56832,43.48144],[-1.56827,43.48143],[-1.56825,43.48143],[-1.56818,43.48142],[-1.56811,43.48138],[-1.56806,43.48137],[-1.56782,43.48135],[-1.56778,43.48133],[-1.56773,43.48132],[-1.5676,43.48131],[-1.56746,43.48128],[-1.56732,43.48123],[-1.56717,43.48118],[-1.56696,43.48116],[-1.56684,43.48114],[-1.56682,43.48113],[-1.56651,43.48101],[-1.56639,43.48096],[-1.56615,43.48089],[-1.56613,43.48088],[-1.56596,43.48081],[-1.56579,43.48074],[-1.56577,43.48074],[-1.56575,43.48072],[-1.56574,43.48071],[-1.56572,43.4807],[-1.56571,43.48068],[-1.56569,43.48065],[-1.56567,43.48061],[-1.56563,43.48055],[-1.56561,43.48047],[-1.56559,43.4804],[-1.56552,43.48032],[-1.56551,43.4803],[-1.56549,43.48026],[-1.56548,43.48024],[-1.56548,43.48022],[-1.56548,43.4802],[-1.56547,43.48004],[-1.56545,43.47996],[-1.56543,43.47991],[-1.5654,43.47987],[-1.56539,43.47983],[-1.56539,43.47979],[-1.56538,43.47976],[-1.56541,43.47964],[-1.56545,43.47946],[-1.56549,43.47943],[-1.56552,43.47936],[-1.56554,43.47931],[-1.56556,43.47928],[-1.56557,43.47927],[-1.56563,43.47921],[-1.56561,43.47916],[-1.56576,43.47917],[-1.56586,43.47918],[-1.56595,43.47916],[-1.56597,43.47897],[-1.56596,43.47897],[-1.56596,43.47887],[-1.56598,43.47881],[-1.56601,43.47878],[-1.56605,43.47865],[-1.56604,43.47844],[-1.56607,43.4783],[-1.56608,43.47828],[-1.5661,43.47829],[-1.56611,43.47825],[-1.56622,43.47827],[-1.56623,43.47822],[-1.56632,43.47823],[-1.56632,43.47819],[-1.56643,43.47821],[-1.56643,43.47821],[-1.56644,43.47821],[-1.56653,43.47822],[-1.56654,43.47819],[-1.56654,43.47818],[-1.56653,43.47816],[-1.56652,43.47816],[-1.56649,43.47813],[-1.56647,43.47812],[-1.56646,43.4781],[-1.56646,43.47809],[-1.56655,43.47772],[-1.56652,43.47771],[-1.56663,43.47747],[-1.56633,43.47743],[-1.56623,43.47742],[-1.56627,43.47717],[-1.56639,43.47717],[-1.56642,43.47715],[-1.56657,43.47683],[-1.56689,43.47613],[-1.56687,43.47612],[-1.56686,43.47612],[-1.56675,43.4761],[-1.56682,43.47585],[-1.56664,43.47582],[-1.5666,43.47582],[-1.56672,43.47551],[-1.56677,43.47537],[-1.56683,43.47521],[-1.56688,43.47509],[-1.5669,43.47506],[-1.56692,43.47504],[-1.56695,43.475],[-1.56698,43.47498],[-1.56722,43.47483],[-1.56724,43.47482],[-1.56727,43.4748],[-1.5673,43.47477],[-1.56733,43.47473],[-1.56737,43.47468],[-1.5674,43.47462],[-1.56768,43.47416],[-1.56798,43.47364],[-1.56799,43.47361],[-1.568,43.47359],[-1.56801,43.47357],[-1.56801,43.47354],[-1.56801,43.47351],[-1.568,43.47348],[-1.56799,43.47345],[-1.56798,43.47343],[-1.56797,43.47341],[-1.56823,43.4735],[-1.56848,43.47313],[-1.56855,43.47303],[-1.56859,43.47291],[-1.5686,43.47289],[-1.56862,43.47285],[-1.56867,43.4728],[-1.56883,43.47263],[-1.56891,43.47254],[-1.56926,43.4723],[-1.56949,43.47211],[-1.56981,43.47183],[-1.56997,43.47169],[-1.57103,43.46987],[-1.57126,43.46955],[-1.57164,43.46901],[-1.57174,43.46887],[-1.5718,43.46878],[-1.57198,43.46853],[-1.57226,43.46812],[-1.57231,43.46804],[-1.57237,43.46796],[-1.5725,43.46777],[-1.57253,43.46779],[-1.57257,43.46774],[-1.57262,43.46768],[-1.57262,43.46768],[-1.57259,43.46766],[-1.57267,43.46764],[-1.57277,43.46759],[-1.57277,43.46752],[-1.57292,43.46749],[-1.57293,43.46748],[-1.57295,43.46748],[-1.57296,43.46748],[-1.573,43.46747],[-1.57301,43.46747],[-1.57309,43.46745],[-1.57364,43.46705],[-1.57407,43.46686],[-1.57467,43.46676],[-1.5747,43.46671],[-1.57472,43.46666],[-1.57472,43.46662],[-1.57471,43.46661],[-1.57469,43.46657],[-1.57468,43.46641],[-1.57462,43.4664],[-1.57463,43.46637],[-1.57468,43.46633],[-1.57471,43.46604],[-1.57468,43.46588],[-1.57475,43.46547],[-1.57486,43.4652],[-1.57521,43.46437],[-1.57577,43.46307],[-1.57579,43.463],[-1.57596,43.46261],[-1.57599,43.46253],[-1.57665,43.46207],[-1.57667,43.4621],[-1.57719,43.46273],[-1.57718,43.46274],[-1.57711,43.4628],[-1.57709,43.46284],[-1.57697,43.46292],[-1.57681,43.46313],[-1.57676,43.46316],[-1.57667,43.46322],[-1.57657,43.46321],[-1.57645,43.46326],[-1.57643,43.46327],[-1.57623,43.4634],[-1.5762,43.46344],[-1.57616,43.4635],[-1.57611,43.46357],[-1.57601,43.46367],[-1.57594,43.46375],[-1.57589,43.4638],[-1.57579,43.46392],[-1.57559,43.46418],[-1.5754,43.46442],[-1.57538,43.46446],[-1.5753,43.46461],[-1.57525,43.46469],[-1.57511,43.46489],[-1.57503,43.46511],[-1.57494,43.46538],[-1.57483,43.46546],[-1.57479,43.46557],[-1.5749,43.46601],[-1.5749,43.46602],[-1.5749,43.46625],[-1.57487,43.46661],[-1.57486,43.46665],[-1.57485,43.46669],[-1.57484,43.46673],[-1.57482,43.46677],[-1.57479,43.46682],[-1.57477,43.46684],[-1.57472,43.46689],[-1.57464,43.46694],[-1.57436,43.46709],[-1.57431,43.46712],[-1.57393,43.4673],[-1.57361,43.46755],[-1.57333,43.46778],[-1.57309,43.46793],[-1.57295,43.46807],[-1.57283,43.4682],[-1.5727,43.46835],[-1.57262,43.46856],[-1.57254,43.46875],[-1.57245,43.469],[-1.57243,43.46902],[-1.5724,43.46906],[-1.57213,43.46937],[-1.57211,43.4694],[-1.57189,43.46982],[-1.57186,43.46985],[-1.57158,43.47019],[-1.57147,43.47035],[-1.57153,43.47041],[-1.57154,43.47043],[-1.57154,43.47044],[-1.57138,43.47073],[-1.57135,43.47077],[-1.57133,43.47079],[-1.57125,43.47086],[-1.57105,43.47108],[-1.57096,43.47118],[-1.57091,43.47123],[-1.57074,43.47139],[-1.57072,43.47141],[-1.57071,43.47145],[-1.5707,43.47147],[-1.57067,43.47163],[-1.57065,43.47166],[-1.57063,43.47169],[-1.57038,43.47199],[-1.57021,43.47215],[-1.57022,43.47215],[-1.57007,43.47233],[-1.57003,43.47237],[-1.56977,43.47264],[-1.56974,43.47268],[-1.5697,43.47271],[-1.56969,43.47273],[-1.56968,43.47273],[-1.56965,43.47275],[-1.56963,43.47276],[-1.56955,43.47278],[-1.56953,43.47279],[-1.56952,43.4728],[-1.56951,43.47281],[-1.56948,43.47285],[-1.56947,43.47287],[-1.56937,43.47296],[-1.56935,43.47298],[-1.56934,43.473],[-1.56929,43.47313],[-1.56928,43.47318],[-1.56925,43.47322],[-1.56923,43.47324],[-1.56919,43.47329],[-1.56917,43.47331],[-1.56916,43.47333],[-1.56914,43.47335],[-1.56905,43.47343],[-1.56903,43.47345],[-1.56901,43.47347],[-1.56901,43.47349],[-1.56901,43.4735],[-1.56901,43.47353],[-1.56901,43.47355],[-1.56901,43.47357],[-1.569,43.47358],[-1.56897,43.47362],[-1.56894,43.47366],[-1.56889,43.47371],[-1.56885,43.47375],[-1.5688,43.47379],[-1.56874,43.47384],[-1.56869,43.47387],[-1.56863,43.474],[-1.56858,43.47409],[-1.56854,43.47415],[-1.56851,43.47419],[-1.56848,43.4742],[-1.56845,43.47422],[-1.56844,43.47423],[-1.56844,43.47423],[-1.56845,43.47425],[-1.56845,43.47427],[-1.56844,43.47432],[-1.56842,43.47433],[-1.56836,43.47438],[-1.56835,43.4744],[-1.56833,43.47442],[-1.56833,43.47443],[-1.56833,43.47445],[-1.56832,43.47449],[-1.5683,43.47452],[-1.56827,43.47457],[-1.56826,43.47459],[-1.56824,43.47461],[-1.56823,43.47463],[-1.56821,43.47466],[-1.56817,43.47472],[-1.56815,43.47477],[-1.56814,43.47479],[-1.56813,43.47483],[-1.56811,43.47488],[-1.56808,43.47493],[-1.56805,43.47498],[-1.56799,43.47507],[-1.56798,43.47508],[-1.56794,43.47516],[-1.56791,43.47519],[-1.56787,43.47523],[-1.56785,43.47525],[-1.56773,43.47536],[-1.56766,43.47542],[-1.56763,43.47545],[-1.56763,43.47545],[-1.56762,43.47558],[-1.56761,43.47572],[-1.56761,43.47574],[-1.5676,43.47576],[-1.56759,43.47578],[-1.56754,43.47585],[-1.56753,43.47586],[-1.56751,43.47588],[-1.5675,43.47594],[-1.56749,43.476],[-1.56748,43.47602],[-1.56745,43.47603],[-1.56741,43.47608],[-1.56735,43.47616],[-1.56735,43.47617],[-1.56734,43.47618],[-1.56731,43.47621],[-1.56731,43.47622],[-1.56729,43.47626],[-1.56728,43.47628],[-1.56725,43.47634],[-1.56724,43.47638],[-1.56723,43.47641],[-1.5672,43.47645],[-1.56718,43.47649],[-1.56716,43.47655],[-1.56715,43.47658],[-1.56711,43.47664],[-1.5671,43.47665],[-1.5671,43.47667],[-1.56709,43.47671],[-1.56708,43.47673],[-1.56704,43.47679],[-1.56703,43.47683],[-1.56702,43.47686],[-1.5672,43.47691],[-1.56712,43.47709],[-1.56713,43.4771],[-1.56684,43.47771],[-1.56683,43.47771],[-1.56677,43.47792],[-1.56678,43.47792],[-1.56662,43.47899],[-1.56656,43.47939],[-1.56655,43.47946],[-1.56654,43.47946],[-1.5664,43.48022],[-1.5664,43.48025],[-1.5664,43.48027],[-1.5664,43.4803],[-1.56641,43.48033],[-1.56642,43.48035],[-1.56643,43.48036],[-1.56644,43.48039],[-1.56647,43.48042],[-1.56659,43.48052],[-1.56657,43.48053],[-1.56662,43.48057],[-1.56666,43.4806],[-1.56668,43.48062],[-1.56672,43.48064],[-1.56674,43.48065],[-1.56676,43.48066],[-1.56679,43.48067],[-1.56683,43.48069],[-1.56684,43.48069],[-1.56688,43.48071],[-1.56707,43.48078],[-1.56732,43.48086],[-1.56751,43.48093],[-1.56777,43.48102],[-1.5679,43.48106],[-1.56793,43.48108],[-1.56797,43.48109],[-1.56818,43.48114],[-1.56829,43.48117],[-1.5685,43.48122],[-1.56862,43.48125],[-1.56866,43.48126],[-1.56867,43.48126],[-1.56872,43.48128],[-1.56874,43.48129],[-1.56876,43.4813],[-1.56879,43.48132],[-1.56881,43.48133],[-1.56882,43.48134],[-1.56883,43.48135],[-1.56884,43.48137],[-1.56886,43.48138],[-1.56887,43.4814],[-1.56889,43.48144],[-1.5689,43.48147],[-1.56895,43.48145],[-1.56898,43.48144],[-1.56899,43.48144],[-1.56901,43.48144],[-1.56905,43.48143],[-1.56908,43.48143],[-1.5691,43.48143],[-1.56911,43.48143],[-1.56912,43.48143],[-1.56914,43.48144],[-1.56915,43.48144],[-1.56918,43.48146],[-1.56919,43.48147],[-1.5692,43.48148],[-1.5692,43.4815],[-1.56921,43.48155],[-1.56924,43.48161],[-1.56925,43.48162],[-1.56925,43.48163],[-1.56925,43.48164],[-1.56924,43.48167],[-1.56925,43.48169],[-1.56926,43.48171],[-1.56928,43.48174],[-1.56932,43.48178],[-1.56934,43.4818],[-1.56936,43.48182],[-1.56942,43.48186],[-1.56943,43.48187],[-1.56944,43.48188],[-1.56944,43.48188],[-1.56943,43.48189],[-1.56943,43.4819],[-1.56942,43.4819],[-1.56936,43.48191],[-1.56928,43.48192],[-1.56927,43.48192],[-1.5692,43.48194],[-1.56917,43.48195],[-1.56908,43.48196],[-1.56908,43.48196],[-1.56907,43.48195],[-1.56907,43.48195],[-1.56905,43.48193],[-1.56904,43.48193],[-1.56903,43.48193],[-1.569,43.48193],[-1.56899,43.48193],[-1.56899,43.48192],[-1.56893,43.48189],[-1.56879,43.4818],[-1.56875,43.48186],[-1.56884,43.4819],[-1.56887,43.48191],[-1.56889,43.48193],[-1.56892,43.48195],[-1.56896,43.48196],[-1.569,43.48199],[-1.569,43.482],[-1.56901,43.482],[-1.56908,43.48205],[-1.56909,43.48206],[-1.56909,43.48206],[-1.56909,43.48207],[-1.56907,43.48209],[-1.56903,43.48211],[-1.56903,43.48211],[-1.56902,43.48211],[-1.56896,43.48207],[-1.56888,43.48204],[-1.56887,43.48204],[-1.56883,43.48201],[-1.56878,43.48198],[-1.56878,43.48197],[-1.56877,43.48197],[-1.56876,43.48198],[-1.56871,43.48199],[-1.5687,43.48199],[-1.56869,43.48199],[-1.56868,43.482],[-1.56868,43.48201],[-1.56867,43.48202],[-1.56867,43.48203],[-1.56867,43.48204],[-1.56867,43.48205],[-1.56867,43.48206],[-1.56867,43.48207],[-1.5687,43.48212],[-1.56872,43.48218],[-1.56874,43.4822],[-1.56878,43.48225],[-1.56879,43.48226],[-1.56879,43.48227],[-1.5688,43.48226],[-1.56882,43.48225],[-1.56883,43.48225],[-1.56884,43.48225],[-1.56884,43.48225],[-1.56887,43.48226],[-1.5689,43.48228],[-1.56891,43.48229],[-1.56891,43.4823],[-1.56891,43.4823],[-1.56892,43.48231],[-1.56892,43.48232],[-1.56891,43.48232],[-1.56891,43.48234],[-1.56891,43.48234],[-1.56885,43.48241],[-1.56885,43.48242],[-1.56884,43.48243],[-1.56884,43.48244],[-1.56884,43.48245],[-1.56884,43.48246],[-1.56884,43.48247],[-1.56887,43.48254],[-1.56887,43.48255],[-1.56887,43.48255],[-1.56887,43.48255],[-1.56887,43.48256],[-1.56886,43.48256],[-1.56885,43.48254],[-1.56883,43.48253],[-1.56882,43.48253],[-1.56881,43.48253],[-1.5688,43.48252],[-1.56879,43.48252],[-1.56879,43.48252],[-1.56878,43.48253],[-1.56877,43.48253],[-1.56874,43.48255],[-1.56874,43.48255],[-1.56873,43.48255],[-1.56871,43.48254],[-1.56871,43.48253],[-1.56867,43.48253],[-1.56867,43.48252],[-1.56867,43.48252],[-1.56866,43.48251],[-1.56866,43.4825],[-1.56865,43.48248],[-1.56864,43.48248],[-1.56864,43.48247],[-1.56862,43.48245],[-1.5686,43.48245],[-1.56857,43.48243],[-1.56856,43.48243],[-1.56855,43.48242],[-1.56854,43.48242],[-1.56853,43.48241],[-1.56853,43.4824],[-1.56852,43.48238],[-1.56851,43.48237],[-1.5685,43.48236],[-1.56849,43.48235],[-1.56848,43.48234],[-1.56846,43.48233],[-1.56844,43.48232],[-1.56842,43.48231],[-1.56841,43.48231],[-1.56839,43.48231],[-1.56837,43.4823],[-1.56835,43.4823],[-1.56831,43.4823],[-1.56829,43.48231],[-1.56826,43.48231],[-1.56818,43.48234],[-1.56816,43.48235],[-1.56814,43.48235],[-1.56813,43.48236],[-1.56811,43.48238],[-1.56809,43.48239],[-1.56805,43.48243],[-1.56805,43.48243],[-1.56804,43.48243],[-1.56804,43.48243],[-1.56789,43.48241],[-1.56787,43.48242],[-1.56786,43.48243],[-1.56786,43.48243],[-1.56784,43.48245],[-1.56782,43.48245],[-1.56781,43.48246],[-1.56777,43.48248],[-1.56776,43.48248],[-1.56775,43.48249],[-1.56774,43.4825],[-1.56773,43.4825],[-1.56772,43.48251],[-1.56772,43.48252],[-1.56772,43.48253],[-1.56771,43.48255],[-1.56771,43.48256],[-1.56771,43.48267],[-1.56772,43.48268],[-1.5677,43.4827],[-1.56792,43.48279],[-1.56794,43.48279],[-1.56798,43.48278],[-1.56799,43.48278],[-1.568,43.48278],[-1.56801,43.48279],[-1.56802,43.48279],[-1.56803,43.4828],[-1.56804,43.48284],[-1.56804,43.48285],[-1.56805,43.48285],[-1.56806,43.48285],[-1.56807,43.48285],[-1.56807,43.48286],[-1.56808,43.48286],[-1.56811,43.48294],[-1.56811,43.48295],[-1.56812,43.48296],[-1.56828,43.48305],[-1.5683,43.48305],[-1.56831,43.48305],[-1.56831,43.48306],[-1.56832,43.48308],[-1.56845,43.48313],[-1.56846,43.48313],[-1.56856,43.48313],[-1.56859,43.48313],[-1.56874,43.48315],[-1.56885,43.48317],[-1.56886,43.48317],[-1.56887,43.48318],[-1.56891,43.48322],[-1.56895,43.48325],[-1.56896,43.48326],[-1.56896,43.4833],[-1.56896,43.48331],[-1.56895,43.48331],[-1.56882,43.4833],[-1.56882,43.4833],[-1.56882,43.48331],[-1.56881,43.48343],[-1.56881,43.48345],[-1.56884,43.48353],[-1.56885,43.48355],[-1.5689,43.48362],[-1.56891,43.48363],[-1.56898,43.48367],[-1.56899,43.48368],[-1.56901,43.48368],[-1.56902,43.48368],[-1.56902,43.48369],[-1.56903,43.4837],[-1.56903,43.4837],[-1.56914,43.48372],[-1.5693,43.48373],[-1.56931,43.48373],[-1.56932,43.48374],[-1.56933,43.48378],[-1.57008,43.48391],[-1.57006,43.4839],[-1.57004,43.48388],[-1.57002,43.48387],[-1.57,43.48386],[-1.56998,43.48386],[-1.57001,43.48385],[-1.57004,43.48385],[-1.5702,43.48391],[-1.57022,43.48392],[-1.57024,43.48392],[-1.57025,43.48392],[-1.57027,43.48393],[-1.57029,43.48393],[-1.57062,43.48408],[-1.57063,43.48409],[-1.57064,43.48409],[-1.57065,43.48413],[-1.57067,43.48415],[-1.57067,43.48415],[-1.57069,43.48417],[-1.5707,43.48417],[-1.57071,43.48421],[-1.57072,43.48422],[-1.57073,43.48423],[-1.57076,43.48424],[-1.57077,43.48425],[-1.57083,43.48427],[-1.57085,43.48428],[-1.57087,43.48428],[-1.57091,43.48428],[-1.57093,43.48428],[-1.57094,43.48428],[-1.57095,43.48429],[-1.57096,43.48429],[-1.57096,43.4843],[-1.57097,43.48431],[-1.57097,43.48432],[-1.57096,43.48433],[-1.57096,43.48434],[-1.57095,43.48434],[-1.57094,43.48435],[-1.57093,43.48435],[-1.57092,43.48435],[-1.5709,43.48435],[-1.57089,43.48435],[-1.57089,43.48435],[-1.57088,43.48435],[-1.57087,43.48434],[-1.57085,43.48434],[-1.57084,43.48433],[-1.57081,43.48433],[-1.57077,43.48433],[-1.57076,43.48433],[-1.57059,43.48427],[-1.57047,43.48423],[-1.57046,43.48423],[-1.57045,43.48422],[-1.57044,43.48421],[-1.57037,43.48417],[-1.57036,43.48417],[-1.57035,43.48416],[-1.57032,43.48415],[-1.57028,43.48412],[-1.57028,43.48412],[-1.57027,43.48411],[-1.57023,43.48407],[-1.57021,43.48405],[-1.57017,43.48402],[-1.57011,43.48395]]]]},"geometry_name":"the_geom","properties":{"libelle":"Ner","libelong":"Ner","typezone":"N"}},{"type":"Feature","id":"zone_urba.3130234","geometry":{"type":"MultiPolygon","coordinates":[[[[-1.56048,43.46755],[-1.56062,43.46744],[-1.56065,43.46743],[-1.56113,43.46751],[-1.56114,43.46748],[-1.56117,43.46736],[-1.56127,43.46695],[-1.5616,43.467],[-1.56163,43.467],[-1.56165,43.467],[-1.56169,43.46701],[-1.56172,43.467],[-1.56174,43.467],[-1.56175,43.467],[-1.56177,43.46699],[-1.56186,43.46701],[-1.56198,43.46728],[-1.5621,43.46757],[-1.56212,43.46764],[-1.56205,43.46825],[-1.56201,43.46864],[-1.56201,43.46871],[-1.56201,43.46877],[-1.56182,43.46895],[-1.56173,43.469],[-1.56165,43.46902],[-1.56158,43.46904],[-1.56142,43.46908],[-1.56116,43.46917],[-1.56093,43.46924],[-1.56006,43.46946],[-1.55937,43.46965],[-1.55872,43.46924],[-1.55877,43.46921],[-1.55918,43.46891],[-1.5592,43.46887],[-1.56002,43.46852],[-1.55993,43.46841],[-1.55965,43.4681],[-1.55964,43.46801],[-1.55962,43.46792],[-1.55962,43.46785],[-1.55968,43.46776],[-1.55979,43.46772],[-1.55992,43.46769],[-1.56005,43.46766],[-1.56011,43.46765],[-1.56024,43.46763],[-1.56036,43.4676],[-1.56048,43.46755]]]]},"geometry_name":"the_geom","properties":{"libelle":"Ncu","libelong":"Ncu","typezone":"N"}},{"type":"Feature","id":"zone_urba.3130238","geometry":{"type":"MultiPolygon","coordinates":[[[[-1.55708,43.474],[-1.55705,43.47395],[-1.55674,43.4738],[-1.55645,43.47366],[-1.55642,43.47365],[-1.55647,43.4736],[-1.55649,43.47352],[-1.55649,43.4735],[-1.55652,43.47335],[-1.55655,43.47312],[-1.55657,43.47299],[-1.55673,43.47302],[-1.55676,43.47302],[-1.55683,43.47303],[-1.55684,43.47302],[-1.55685,43.47298],[-1.55686,43.47296],[-1.55696,43.47264],[-1.55725,43.47268],[-1.55731,43.47233],[-1.5574,43.47234],[-1.55775,43.47237],[-1.55775,43.47239],[-1.55776,43.47252],[-1.55777,43.47272],[-1.55777,43.47274],[-1.55777,43.47275],[-1.55783,43.47283],[-1.55798,43.47299],[-1.5581,43.47308],[-1.55812,43.47317],[-1.55814,43.47327],[-1.55817,43.4733],[-1.55804,43.47367],[-1.55799,43.47389],[-1.55799,43.47392],[-1.55783,43.47392],[-1.55782,43.47393],[-1.55782,43.47394],[-1.5578,43.47404],[-1.5578,43.47405],[-1.55766,43.47407],[-1.55764,43.47407],[-1.55758,43.47408],[-1.55748,43.47408],[-1.55719,43.47402],[-1.55708,43.474]]]]},"geometry_name":"the_geom","properties":{"libelle":"UH","libelong":"UH","typezone":"U"}},{"type":"Feature","id":"zone_urba.3130246","geometry":{"type":"MultiPolygon","coordinates":[[[[-1.53876,43.48283],[-1.53877,43.48114],[-1.53827,43.48114],[-1.53746,43.48111],[-1.53619,43.48105],[-1.53619,43.48101],[-1.53615,43.48082],[-1.53614,43.48077],[-1.53518,43.48111],[-1.53517,43.481],[-1.53516,43.48081],[-1.53515,43.48062],[-1.53514,43.48044],[-1.53513,43.4802],[-1.53513,43.48018],[-1.53513,43.48016],[-1.53512,43.47993],[-1.53511,43.47975],[-1.5351,43.47957],[-1.53509,43.47935],[-1.53507,43.47906],[-1.53506,43.47886],[-1.53506,43.47874],[-1.53505,43.47868],[-1.53505,43.47858],[-1.53505,43.47856],[-1.53504,43.47844],[-1.53503,43.47823],[-1.53503,43.4781],[-1.53502,43.47797],[-1.53501,43.47782],[-1.53501,43.47767],[-1.53501,43.47764],[-1.535,43.47757],[-1.535,43.47753],[-1.53499,43.47735],[-1.53498,43.47721],[-1.53497,43.47696],[-1.53497,43.47687],[-1.53496,43.47679],[-1.53495,43.47653],[-1.53493,43.47619],[-1.53493,43.47605],[-1.53492,43.47586],[-1.53491,43.47583],[-1.53491,43.47571],[-1.53492,43.47554],[-1.53486,43.47481],[-1.53476,43.47378],[-1.5347,43.47306],[-1.53468,43.47297],[-1.53472,43.47293],[-1.53531,43.47237],[-1.53544,43.47245],[-1.53552,43.4725],[-1.53596,43.47276],[-1.53601,43.47279],[-1.53621,43.47292],[-1.53641,43.47304],[-1.5365,43.47309],[-1.53663,43.47299],[-1.53666,43.47305],[-1.53669,43.47308],[-1.53695,43.47324],[-1.53697,43.47325],[-1.53714,43.47344],[-1.53715,43.47347],[-1.53726,43.47363],[-1.53728,43.47372],[-1.53729,43.47385],[-1.53729,43.47395],[-1.53728,43.47414],[-1.53824,43.47428],[-1.53835,43.4743],[-1.53822,43.47468],[-1.53814,43.47487],[-1.53802,43.47511],[-1.53779,43.47554],[-1.53785,43.47556],[-1.53815,43.47566],[-1.53845,43.47576],[-1.53848,43.47577],[-1.53878,43.47587],[-1.5389,43.47591],[-1.53949,43.4761],[-1.53956,43.47613],[-1.54005,43.47578],[-1.54048,43.47545],[-1.54274,43.47623],[-1.54276,43.47634],[-1.5421,43.47699],[-1.5413,43.47757],[-1.5402,43.47836],[-1.54006,43.47849],[-1.54073,43.47933],[-1.54121,43.47994],[-1.54137,43.48007],[-1.54164,43.4798],[-1.54211,43.47937],[-1.54259,43.47904],[-1.54259,43.47914],[-1.5426,43.47921],[-1.5426,43.47932],[-1.5426,43.4795],[-1.54259,43.47969],[-1.54259,43.47984],[-1.54258,43.47987],[-1.54264,43.47994],[-1.54234,43.48],[-1.5423,43.48],[-1.54231,43.48065],[-1.54231,43.4807],[-1.54128,43.48082],[-1.54125,43.48085],[-1.54076,43.48139],[-1.54068,43.48167],[-1.54026,43.48275],[-1.54008,43.48275],[-1.53979,43.48277],[-1.53964,43.48278],[-1.53881,43.48283],[-1.53876,43.48283]]]]},"geometry_name":"the_geom","properties":{"libelle":"UDa","libelong":"UDa","typezone":"U"}},{"type":"Feature","id":"zone_urba.3130248","geometry":{"type":"MultiPolygon","coordinates":[[[[-1.5559,43.47323],[-1.55589,43.47305],[-1.55552,43.4733],[-1.55547,43.47327],[-1.55547,43.47325],[-1.55546,43.4731],[-1.55545,43.473],[-1.55545,43.47294],[-1.55545,43.47291],[-1.55545,43.4729],[-1.55544,43.47276],[-1.55557,43.47276],[-1.55557,43.47261],[-1.55557,43.47257],[-1.55548,43.47257],[-1.55549,43.47253],[-1.55553,43.47233],[-1.55543,43.47236],[-1.55539,43.4723],[-1.55536,43.47224],[-1.55535,43.47222],[-1.5553,43.47213],[-1.55528,43.4721],[-1.55527,43.47204],[-1.55629,43.47196],[-1.55795,43.4718],[-1.55879,43.47157],[-1.56018,43.47124],[-1.56062,43.47113],[-1.56025,43.47193],[-1.55953,43.47181],[-1.55916,43.47179],[-1.5588,43.47189],[-1.5588,43.47194],[-1.5588,43.47218],[-1.55879,43.47227],[-1.55855,43.47226],[-1.55849,43.47226],[-1.55834,43.47225],[-1.55829,43.47225],[-1.5581,43.47224],[-1.55809,43.47227],[-1.55777,43.47225],[-1.55776,43.47238],[-1.55775,43.47237],[-1.5574,43.47234],[-1.55731,43.47233],[-1.55725,43.47268],[-1.55696,43.47264],[-1.55686,43.47296],[-1.55685,43.47298],[-1.55684,43.47302],[-1.55683,43.47303],[-1.55676,43.47302],[-1.55673,43.47302],[-1.55657,43.47299],[-1.55655,43.47312],[-1.55652,43.47335],[-1.55649,43.4735],[-1.55649,43.47352],[-1.55647,43.4736],[-1.55642,43.47365],[-1.55625,43.47357],[-1.55614,43.47351],[-1.5559,43.47323]]]]},"geometry_name":"the_geom","properties":{"libelle":"UBa","libelong":"UBa","typezone":"U"}},{"type":"Feature","id":"zone_urba.3130250","geometry":{"type":"MultiPolygon","coordinates":[[[[-1.5472,43.46908],[-1.54715,43.46905],[-1.54698,43.46882],[-1.54691,43.46854],[-1.54687,43.4684],[-1.54686,43.46837],[-1.54671,43.46822],[-1.54661,43.46812],[-1.54656,43.46808],[-1.54654,43.46805],[-1.54648,43.4679],[-1.5464,43.46771],[-1.54638,43.46761],[-1.54638,43.46743],[-1.54638,43.46735],[-1.5464,43.46719],[-1.54642,43.4669],[-1.54645,43.46683],[-1.54654,43.4667],[-1.54651,43.46657],[-1.54632,43.46613],[-1.54613,43.46583],[-1.54602,43.46572],[-1.54591,43.46559],[-1.5458,43.46548],[-1.54566,43.46532],[-1.54561,43.46534],[-1.54525,43.46542],[-1.54517,43.46532],[-1.5451,43.46523],[-1.5449,43.46497],[-1.54471,43.46473],[-1.54451,43.46447],[-1.54432,43.46423],[-1.54418,43.46405],[-1.54432,43.46388],[-1.54435,43.46384],[-1.54445,43.46392],[-1.54449,43.46388],[-1.54481,43.4636],[-1.54494,43.46349],[-1.54507,43.46336],[-1.54515,43.46328],[-1.54539,43.46306],[-1.54547,43.46299],[-1.54549,43.46297],[-1.54564,43.46283],[-1.54575,43.46273],[-1.5458,43.46275],[-1.54582,43.46273],[-1.54586,43.46274],[-1.54604,43.46281],[-1.54614,43.46283],[-1.54728,43.46269],[-1.54736,43.46306],[-1.54753,43.46371],[-1.54756,43.46376],[-1.54742,43.4638],[-1.54674,43.46389],[-1.54675,43.46393],[-1.54678,43.46403],[-1.54688,43.46448],[-1.54695,43.46447],[-1.54701,43.46449],[-1.54719,43.46454],[-1.5472,43.46454],[-1.54724,43.46455],[-1.54726,43.46455],[-1.54735,43.46454],[-1.54752,43.46452],[-1.54754,43.46452],[-1.54774,43.4645],[-1.54807,43.46445],[-1.54824,43.46405],[-1.5481,43.46359],[-1.54808,43.46355],[-1.54861,43.46334],[-1.54908,43.46323],[-1.54909,43.46327],[-1.54914,43.46353],[-1.5491,43.46353],[-1.54901,43.4637],[-1.54897,43.46379],[-1.54933,43.46395],[-1.54938,43.46401],[-1.54945,43.46411],[-1.54951,43.46418],[-1.54954,43.46423],[-1.54962,43.46436],[-1.54967,43.46448],[-1.54972,43.46455],[-1.54978,43.46464],[-1.5499,43.46475],[-1.55,43.46483],[-1.55002,43.46486],[-1.55003,43.46487],[-1.55005,43.46491],[-1.55009,43.46492],[-1.5501,43.46494],[-1.55013,43.46511],[-1.55019,43.46536],[-1.55019,43.46539],[-1.55023,43.46546],[-1.55028,43.4655],[-1.55032,43.46551],[-1.55038,43.46553],[-1.55051,43.46555],[-1.55064,43.46558],[-1.55082,43.46563],[-1.55095,43.46567],[-1.55101,43.46566],[-1.55108,43.46568],[-1.55111,43.4657],[-1.55115,43.46574],[-1.5513,43.46587],[-1.55133,43.46589],[-1.5515,43.46601],[-1.55047,43.46611],[-1.55069,43.4663],[-1.55088,43.46655],[-1.55109,43.46662],[-1.55141,43.46666],[-1.55141,43.46667],[-1.55141,43.46674],[-1.55145,43.46679],[-1.55149,43.4669],[-1.5515,43.46693],[-1.55209,43.4669],[-1.55206,43.46675],[-1.55256,43.46669],[-1.55258,43.46669],[-1.55259,43.4667],[-1.55261,43.46684],[-1.55287,43.46682],[-1.55294,43.46681],[-1.55286,43.46652],[-1.55307,43.4665],[-1.55322,43.46691],[-1.55337,43.46733],[-1.55327,43.46737],[-1.55301,43.46746],[-1.553,43.46743],[-1.55297,43.46726],[-1.55243,43.46733],[-1.55249,43.46757],[-1.55251,43.46764],[-1.55248,43.46764],[-1.55234,43.46765],[-1.55211,43.46766],[-1.55178,43.46766],[-1.55176,43.46766],[-1.55172,43.46771],[-1.55156,43.46774],[-1.55169,43.46803],[-1.55169,43.46804],[-1.55171,43.46807],[-1.55158,43.46816],[-1.55141,43.4682],[-1.55113,43.46826],[-1.55067,43.46835],[-1.55047,43.46845],[-1.55008,43.46873],[-1.5501,43.4688],[-1.54999,43.46879],[-1.54993,43.46878],[-1.54981,43.46876],[-1.54969,43.46874],[-1.54949,43.4687],[-1.54939,43.46868],[-1.54933,43.46866],[-1.5493,43.46865],[-1.54927,43.46864],[-1.54908,43.46869],[-1.54906,43.46904],[-1.5486,43.46908],[-1.5483,43.4691],[-1.5482,43.46909],[-1.54815,43.46907],[-1.54815,43.46904],[-1.54806,43.46904],[-1.54797,43.46906],[-1.54791,43.46907],[-1.54782,43.46912],[-1.54773,43.46917],[-1.54767,43.46918],[-1.54758,43.46917],[-1.54753,43.46916],[-1.54745,43.46913],[-1.54727,43.46906],[-1.5472,43.46908]]]]},"geometry_name":"the_geom","properties":{"libelle":"Ncu","libelong":"Ncu","typezone":"N"}},{"type":"Feature","id":"zone_urba.3130252","geometry":{"type":"MultiPolygon","coordinates":[[[[-1.53666,43.47305],[-1.53663,43.47299],[-1.5365,43.47309],[-1.53641,43.47304],[-1.53621,43.47292],[-1.53601,43.47279],[-1.53596,43.47276],[-1.53552,43.4725],[-1.53544,43.47245],[-1.53531,43.47237],[-1.53539,43.4723],[-1.53557,43.47231],[-1.53634,43.47238],[-1.53641,43.47239],[-1.53878,43.47256],[-1.53885,43.47256],[-1.53896,43.47256],[-1.53865,43.47343],[-1.53835,43.4743],[-1.53824,43.47428],[-1.53728,43.47414],[-1.53729,43.47395],[-1.53729,43.47385],[-1.53728,43.47372],[-1.53726,43.47363],[-1.53715,43.47347],[-1.53714,43.47344],[-1.53697,43.47325],[-1.53695,43.47324],[-1.53669,43.47308],[-1.53666,43.47305]]]]},"geometry_name":"the_geom","properties":{"libelle":"UG","libelong":"UG","typezone":"U"}},{"type":"Feature","id":"zone_urba.3130253","geometry":{"type":"MultiPolygon","coordinates":[[[[-1.56895,43.46969],[-1.56902,43.46968],[-1.56903,43.46969],[-1.56925,43.46977],[-1.56932,43.4698],[-1.5692,43.46994],[-1.56871,43.47049],[-1.56865,43.47047],[-1.56859,43.47044],[-1.56854,43.47042],[-1.56839,43.47036],[-1.56831,43.47033],[-1.56815,43.47026],[-1.56809,43.47024],[-1.56817,43.47015],[-1.5682,43.47013],[-1.56855,43.46976],[-1.56861,43.46976],[-1.56895,43.46969]]]]},"geometry_name":"the_geom","properties":{"libelle":"UDa","libelong":"UDa","typezone":"U"}},{"type":"Feature","id":"zone_urba.3130255","geometry":{"type":"MultiPolygon","coordinates":[[[[-1.56789,43.46958],[-1.56859,43.4687],[-1.56867,43.4687],[-1.56869,43.46871],[-1.56927,43.4688],[-1.56889,43.46937],[-1.56879,43.46951],[-1.56855,43.46976],[-1.5682,43.47013],[-1.56762,43.46995],[-1.56771,43.46984],[-1.56789,43.46958]]]]},"geometry_name":"the_geom","properties":{"libelle":"UGi","libelong":"UGi","typezone":"U"}},{"type":"Feature","id":"zone_urba.3130261","geometry":{"type":"MultiPolygon","coordinates":[[[[-1.5614,43.47507],[-1.56143,43.47501],[-1.56168,43.47504],[-1.56255,43.47516],[-1.56253,43.47528],[-1.56265,43.47529],[-1.56294,43.47535],[-1.56302,43.47537],[-1.56311,43.47546],[-1.56338,43.47564],[-1.56345,43.47623],[-1.56242,43.47623],[-1.5615,43.47618],[-1.56143,43.47572],[-1.56141,43.4754],[-1.5614,43.47507]]]]},"geometry_name":"the_geom","properties":{"libelle":"UD","libelong":"UD","typezone":"U"}},{"type":"Feature","id":"zone_urba.3130263","geometry":{"type":"MultiPolygon","coordinates":[[[[-1.54487,43.4678],[-1.54477,43.46772],[-1.54495,43.46774],[-1.54648,43.4679],[-1.54654,43.46805],[-1.54656,43.46808],[-1.54661,43.46812],[-1.54671,43.46822],[-1.54686,43.46837],[-1.54687,43.4684],[-1.54677,43.46838],[-1.5467,43.46836],[-1.54657,43.46833],[-1.54651,43.46831],[-1.54639,43.46828],[-1.54594,43.46821],[-1.54587,43.4682],[-1.54576,43.46818],[-1.54575,43.46818],[-1.54489,43.46782],[-1.54487,43.4678]]]]},"geometry_name":"the_geom","properties":{"libelle":"UDi","libelong":"UDi","typezone":"U"}},{"type":"Feature","id":"zone_urba.3130269","geometry":{"type":"MultiPolygon","coordinates":[[[[-1.53453,43.47068],[-1.53451,43.47042],[-1.53723,43.47033],[-1.53744,43.47032],[-1.53665,43.47111],[-1.53647,43.47128],[-1.53539,43.4723],[-1.53531,43.47237],[-1.53472,43.47293],[-1.53469,43.47256],[-1.53467,43.47241],[-1.5346,43.47166],[-1.5346,43.47161],[-1.53459,43.47157],[-1.53458,43.47143],[-1.53457,43.47136],[-1.53457,43.47131],[-1.53456,43.47119],[-1.53456,43.47117],[-1.53455,43.47106],[-1.53455,43.47099],[-1.53455,43.47098],[-1.53455,43.47096],[-1.53455,43.47094],[-1.53454,43.47092],[-1.53454,43.47089],[-1.53454,43.47087],[-1.53453,43.47068]]]]},"geometry_name":"the_geom","properties":{"libelle":"IAUy","libelong":"IAUy","typezone":"AUc"}},{"type":"Feature","id":"zone_urba.3130273","geometry":{"type":"MultiPolygon","coordinates":[[[[-1.55543,43.47617],[-1.5554,43.47616],[-1.55523,43.47644],[-1.5552,43.47648],[-1.555,43.47642],[-1.55496,43.47641],[-1.55485,43.47637],[-1.55471,43.47633],[-1.55468,43.47634],[-1.55464,43.47633],[-1.55465,43.47632],[-1.55489,43.47583],[-1.55509,43.47575],[-1.55501,43.47573],[-1.5549,43.4757],[-1.55482,43.47567],[-1.5545,43.47556],[-1.55451,43.47554],[-1.55453,43.47552],[-1.55466,43.47535],[-1.55496,43.47497],[-1.55524,43.4751],[-1.5553,43.47512],[-1.55544,43.47518],[-1.5556,43.47496],[-1.55576,43.47475],[-1.55595,43.4745],[-1.55598,43.47444],[-1.55553,43.47437],[-1.5553,43.47426],[-1.55482,43.47391],[-1.55552,43.4733],[-1.55589,43.47305],[-1.5559,43.47323],[-1.55614,43.47351],[-1.55625,43.47357],[-1.55642,43.47365],[-1.55645,43.47366],[-1.55674,43.4738],[-1.55705,43.47395],[-1.55708,43.474],[-1.55719,43.47402],[-1.55748,43.47408],[-1.55758,43.47408],[-1.55764,43.47407],[-1.55766,43.47407],[-1.5578,43.47405],[-1.5578,43.47404],[-1.55782,43.47394],[-1.55782,43.47393],[-1.55783,43.47392],[-1.55799,43.47392],[-1.55799,43.47389],[-1.55804,43.47367],[-1.55817,43.4733],[-1.55814,43.47327],[-1.55812,43.47317],[-1.5581,43.47308],[-1.55798,43.47299],[-1.55783,43.47283],[-1.55777,43.47275],[-1.55777,43.47274],[-1.55777,43.47272],[-1.55776,43.47252],[-1.55775,43.47239],[-1.55775,43.47237],[-1.55776,43.47238],[-1.55777,43.47225],[-1.55809,43.47227],[-1.5581,43.47224],[-1.55829,43.47225],[-1.55834,43.47225],[-1.55849,43.47226],[-1.55855,43.47226],[-1.55879,43.47227],[-1.5588,43.47218],[-1.55914,43.47218],[-1.55914,43.47231],[-1.55914,43.47233],[-1.55914,43.47234],[-1.55914,43.47244],[-1.55913,43.47252],[-1.55913,43.47257],[-1.55913,43.47261],[-1.55915,43.4727],[-1.55917,43.47278],[-1.55917,43.4728],[-1.55916,43.47291],[-1.55916,43.47296],[-1.55916,43.47303],[-1.55916,43.47308],[-1.55916,43.47312],[-1.55916,43.47321],[-1.55916,43.47333],[-1.55917,43.47334],[-1.55918,43.47335],[-1.55918,43.47336],[-1.55915,43.4736],[-1.55914,43.47368],[-1.55912,43.47369],[-1.55914,43.47374],[-1.55896,43.47376],[-1.55879,43.47379],[-1.55851,43.47382],[-1.55851,43.474],[-1.55851,43.47414],[-1.55837,43.47415],[-1.55838,43.47429],[-1.5584,43.47436],[-1.55824,43.47439],[-1.55826,43.47447],[-1.55827,43.47451],[-1.55827,43.47455],[-1.55802,43.47462],[-1.55757,43.4747],[-1.5575,43.47472],[-1.55758,43.47482],[-1.55768,43.47495],[-1.55769,43.47505],[-1.55763,43.47523],[-1.55749,43.4756],[-1.5574,43.47582],[-1.55732,43.47598],[-1.55717,43.47616],[-1.55703,43.47626],[-1.55688,43.47636],[-1.55676,43.47644],[-1.55666,43.47651],[-1.55661,43.47658],[-1.55651,43.47654],[-1.55648,43.47651],[-1.55639,43.47648],[-1.55628,43.47645],[-1.55616,43.47641],[-1.55604,43.47637],[-1.5558,43.47629],[-1.55577,43.47628],[-1.55543,43.47617]]]]},"geometry_name":"the_geom","properties":{"libelle":"UC","libelong":"UC","typezone":"U"}},{"type":"Feature","id":"zone_urba.3130282","geometry":{"type":"MultiPolygon","coordinates":[[[[-1.54511,43.47525],[-1.54504,43.47481],[-1.54482,43.47483],[-1.54481,43.47483],[-1.54439,43.47489],[-1.54441,43.47457],[-1.54443,43.47415],[-1.54444,43.47405],[-1.54468,43.47406],[-1.54489,43.47406],[-1.5449,43.47401],[-1.5449,43.47398],[-1.54492,43.47393],[-1.54495,43.47371],[-1.54542,43.47376],[-1.54539,43.47402],[-1.5454,43.47406],[-1.54566,43.47407],[-1.54566,43.47408],[-1.54581,43.47462],[-1.54604,43.47506],[-1.54612,43.47518],[-1.54624,43.47535],[-1.54592,43.47545],[-1.54552,43.47557],[-1.5455,43.47556],[-1.54539,43.47553],[-1.54527,43.47551],[-1.54514,43.47544],[-1.54511,43.47525]]]]},"geometry_name":"the_geom","properties":{"libelle":"UY","libelong":"UY","typezone":"U"}},{"type":"Feature","id":"zone_urba.3130283","geometry":{"type":"MultiPolygon","coordinates":[[[[-1.54338,43.47781],[-1.54327,43.4774],[-1.54317,43.4773],[-1.54316,43.47723],[-1.54315,43.47683],[-1.54282,43.4764],[-1.54276,43.47634],[-1.54283,43.47631],[-1.54302,43.47506],[-1.54309,43.47506],[-1.54319,43.47505],[-1.54373,43.47498],[-1.54381,43.47498],[-1.54381,43.47496],[-1.54413,43.47492],[-1.54401,43.4758],[-1.54397,43.47605],[-1.5438,43.47654],[-1.54414,43.47657],[-1.54438,43.47662],[-1.54464,43.47655],[-1.54458,43.47669],[-1.54453,43.47677],[-1.54444,43.47695],[-1.54437,43.47707],[-1.54426,43.47725],[-1.54419,43.47738],[-1.54415,43.47744],[-1.54407,43.47758],[-1.54388,43.47758],[-1.54364,43.47757],[-1.54353,43.47778],[-1.54354,43.47784],[-1.54354,43.47786],[-1.54345,43.47785],[-1.54338,43.47781]]]]},"geometry_name":"the_geom","properties":{"libelle":"UC","libelong":"UC","typezone":"U"}},{"type":"Feature","id":"zone_urba.3130286","geometry":{"type":"MultiPolygon","coordinates":[[[[-1.5429,43.47181],[-1.54279,43.47167],[-1.54255,43.47137],[-1.5424,43.47117],[-1.54218,43.47088],[-1.54204,43.47068],[-1.54181,43.47033],[-1.54176,43.47034],[-1.54153,43.47035],[-1.54116,43.47033],[-1.54087,43.47031],[-1.54093,43.47118],[-1.54093,43.47123],[-1.54086,43.47122],[-1.54044,43.47112],[-1.54025,43.47108],[-1.54013,43.47105],[-1.54009,43.47104],[-1.54007,43.47107],[-1.53972,43.471],[-1.53966,43.47098],[-1.5395,43.47095],[-1.53933,43.47091],[-1.53947,43.47071],[-1.53952,43.47063],[-1.53926,43.47057],[-1.53922,43.47056],[-1.53943,43.4703],[-1.53961,43.47016],[-1.53908,43.46994],[-1.5391,43.4699],[-1.53914,43.4698],[-1.53917,43.46973],[-1.53919,43.46968],[-1.53914,43.46883],[-1.53912,43.46865],[-1.5398,43.46798],[-1.5405,43.46718],[-1.54069,43.46714],[-1.54087,43.46711],[-1.5409,43.46709],[-1.5409,43.46708],[-1.54097,43.46701],[-1.541,43.46698],[-1.54131,43.46696],[-1.54184,43.46673],[-1.54196,43.46668],[-1.54209,43.46662],[-1.54275,43.46665],[-1.54302,43.46674],[-1.54308,43.46676],[-1.54414,43.46701],[-1.54444,43.46706],[-1.5451,43.46719],[-1.54506,43.46734],[-1.54496,43.4677],[-1.54495,43.46774],[-1.54477,43.46772],[-1.54343,43.46759],[-1.54343,43.46766],[-1.54357,43.46782],[-1.5441,43.46828],[-1.54459,43.46887],[-1.54494,43.46916],[-1.54581,43.46972],[-1.54584,43.46974],[-1.5463,43.46996],[-1.5464,43.47001],[-1.54655,43.46997],[-1.54654,43.47004],[-1.54653,43.47014],[-1.5465,43.47029],[-1.54648,43.47039],[-1.54645,43.47061],[-1.5464,43.47083],[-1.54634,43.471],[-1.54626,43.47127],[-1.54618,43.47153],[-1.54618,43.47159],[-1.54612,43.47162],[-1.54612,43.47166],[-1.54602,43.47166],[-1.54602,43.47166],[-1.54589,43.47173],[-1.54555,43.47187],[-1.54545,43.47189],[-1.54539,43.47189],[-1.54536,43.4719],[-1.54529,43.4719],[-1.54524,43.47186],[-1.5452,43.47181],[-1.54518,43.4718],[-1.54509,43.47176],[-1.54506,43.47176],[-1.54493,43.4717],[-1.54491,43.47168],[-1.54483,43.47168],[-1.54467,43.47169],[-1.54453,43.4717],[-1.54451,43.47171],[-1.5444,43.47171],[-1.54431,43.47172],[-1.54395,43.47174],[-1.54392,43.47174],[-1.5438,43.47175],[-1.5433,43.47178],[-1.54331,43.47187],[-1.54329,43.47198],[-1.54327,43.4721],[-1.54325,43.4722],[-1.54324,43.47229],[-1.54323,43.47231],[-1.54316,43.47217],[-1.54314,43.47212],[-1.54312,43.47208],[-1.5431,43.47206],[-1.54301,43.47194],[-1.54299,43.47191],[-1.5429,43.47181]],[[-1.54375,43.47089],[-1.54374,43.47079],[-1.54326,43.47086],[-1.54359,43.47127],[-1.544,43.47123],[-1.54378,43.471],[-1.54376,43.47094],[-1.54375,43.47089]]]]},"geometry_name":"the_geom","properties":{"libelle":"UYi","libelong":"UYi","typezone":"U"}},{"type":"Feature","id":"zone_urba.3130289","geometry":{"type":"MultiPolygon","coordinates":[[[[-1.56636,43.47485],[-1.56645,43.47464],[-1.56652,43.47466],[-1.56671,43.47471],[-1.56689,43.47472],[-1.56703,43.47481],[-1.56712,43.47476],[-1.56716,43.47473],[-1.56718,43.4747],[-1.56722,43.47466],[-1.56732,43.4745],[-1.56737,43.47441],[-1.56715,43.47434],[-1.56718,43.47412],[-1.5672,43.47405],[-1.56724,43.47393],[-1.56724,43.47393],[-1.56726,43.47385],[-1.56728,43.47376],[-1.56729,43.47375],[-1.56729,43.47374],[-1.56733,43.47356],[-1.5674,43.47325],[-1.5674,43.47317],[-1.56797,43.47341],[-1.56798,43.47343],[-1.56799,43.47345],[-1.568,43.47348],[-1.56801,43.47351],[-1.56801,43.47354],[-1.56801,43.47357],[-1.568,43.47359],[-1.56799,43.47361],[-1.56798,43.47364],[-1.56768,43.47416],[-1.5674,43.47462],[-1.56737,43.47468],[-1.56733,43.47473],[-1.5673,43.47477],[-1.56727,43.4748],[-1.56724,43.47482],[-1.56722,43.47483],[-1.56698,43.47498],[-1.56695,43.475],[-1.56692,43.47504],[-1.56675,43.47502],[-1.56654,43.47499],[-1.56633,43.47497],[-1.56636,43.47485]]]]},"geometry_name":"the_geom","properties":{"libelle":"UD","libelong":"UD","typezone":"U"}},{"type":"Feature","id":"zone_urba.3130292","geometry":{"type":"MultiPolygon","coordinates":[[[[-1.57074,43.46652],[-1.5707,43.46652],[-1.57064,43.46653],[-1.57064,43.46653],[-1.57045,43.46654],[-1.57048,43.46687],[-1.57048,43.46693],[-1.57048,43.46693],[-1.57048,43.46693],[-1.57048,43.46693],[-1.57048,43.46693],[-1.57048,43.46693],[-1.57048,43.46694],[-1.57048,43.46694],[-1.57048,43.46694],[-1.57048,43.46694],[-1.57048,43.46694],[-1.57047,43.46694],[-1.57047,43.46695],[-1.57047,43.46695],[-1.57047,43.46695],[-1.57047,43.46695],[-1.57046,43.46696],[-1.57046,43.46696],[-1.57046,43.46696],[-1.57045,43.46697],[-1.57045,43.46697],[-1.57044,43.46697],[-1.57046,43.46707],[-1.57042,43.46708],[-1.57047,43.46714],[-1.57048,43.46719],[-1.57045,43.4672],[-1.57041,43.46722],[-1.57034,43.46726],[-1.57024,43.46734],[-1.5699,43.46763],[-1.56976,43.46758],[-1.5696,43.46772],[-1.56931,43.46795],[-1.56929,43.46794],[-1.56924,43.46793],[-1.56927,43.46771],[-1.56927,43.46768],[-1.56934,43.46722],[-1.56867,43.46725],[-1.56857,43.4673],[-1.56851,43.46734],[-1.56847,43.46733],[-1.5681,43.4672],[-1.56738,43.46693],[-1.56726,43.4669],[-1.56725,43.46685],[-1.56726,43.46685],[-1.56725,43.46685],[-1.56743,43.4667],[-1.5676,43.46655],[-1.56792,43.46649],[-1.5683,43.46641],[-1.56882,43.4662],[-1.56899,43.46611],[-1.56905,43.46612],[-1.56912,43.46613],[-1.56956,43.46623],[-1.56972,43.46627],[-1.57031,43.4664],[-1.57035,43.46641],[-1.57037,43.46642],[-1.57045,43.46644],[-1.57074,43.46652]]]]},"geometry_name":"the_geom","properties":{"libelle":"UGbi","libelong":"UGbi","typezone":"U"}},{"type":"Feature","id":"zone_urba.3130293","geometry":{"type":"MultiPolygon","coordinates":[[[[-1.55765,43.46878],[-1.55753,43.46878],[-1.55722,43.46881],[-1.55672,43.46887],[-1.55662,43.46889],[-1.55702,43.46758],[-1.55833,43.4675],[-1.55881,43.4672],[-1.55905,43.46721],[-1.55933,43.46659],[-1.55939,43.46652],[-1.55949,43.46648],[-1.55958,43.46648],[-1.56082,43.46686],[-1.56065,43.46743],[-1.56062,43.46744],[-1.56048,43.46755],[-1.56036,43.4676],[-1.56024,43.46763],[-1.56011,43.46765],[-1.56005,43.46766],[-1.55992,43.46769],[-1.55979,43.46772],[-1.55968,43.46776],[-1.55962,43.46785],[-1.55962,43.46792],[-1.55964,43.46801],[-1.55965,43.4681],[-1.55993,43.46841],[-1.56002,43.46852],[-1.5592,43.46887],[-1.55918,43.46891],[-1.55877,43.46921],[-1.55872,43.46924],[-1.55868,43.46922],[-1.55816,43.46899],[-1.55765,43.46878]]]]},"geometry_name":"the_geom","properties":{"libelle":"Nh","libelong":"Nh","typezone":"N"}},{"type":"Feature","id":"zone_urba.3130296","geometry":{"type":"MultiPolygon","coordinates":[[[[-1.55441,43.47777],[-1.55394,43.47746],[-1.55377,43.47735],[-1.55404,43.47736],[-1.55407,43.47734],[-1.55408,43.47731],[-1.55415,43.47715],[-1.55417,43.47712],[-1.55422,43.47701],[-1.55432,43.4768],[-1.55437,43.47671],[-1.55444,43.47673],[-1.55454,43.47654],[-1.55464,43.47633],[-1.55468,43.47634],[-1.55471,43.47633],[-1.55485,43.47637],[-1.55496,43.47641],[-1.555,43.47642],[-1.5552,43.47648],[-1.55529,43.47651],[-1.55559,43.4766],[-1.55598,43.47671],[-1.5561,43.47675],[-1.55627,43.4768],[-1.5564,43.47684],[-1.55651,43.47688],[-1.55651,43.47702],[-1.55659,43.47719],[-1.55672,43.47736],[-1.55679,43.47742],[-1.55682,43.47745],[-1.55676,43.47748],[-1.55669,43.47748],[-1.55666,43.47749],[-1.55664,43.47749],[-1.55661,43.47751],[-1.55657,43.47754],[-1.55664,43.47755],[-1.55667,43.47774],[-1.55668,43.47774],[-1.5567,43.47781],[-1.55674,43.47791],[-1.55661,43.47791],[-1.55647,43.4779],[-1.55643,43.4779],[-1.55612,43.4779],[-1.55581,43.47789],[-1.55559,43.47789],[-1.55551,43.47788],[-1.55507,43.47788],[-1.55505,43.47788],[-1.55484,43.47787],[-1.55469,43.47787],[-1.5546,43.47787],[-1.55455,43.47787],[-1.55445,43.47781],[-1.55441,43.47777]]]]},"geometry_name":"the_geom","properties":{"libelle":"UDa","libelong":"UDa","typezone":"U"}},{"type":"Feature","id":"zone_urba.3130297","geometry":{"type":"MultiPolygon","coordinates":[[[[-1.56767,43.47226],[-1.56765,43.47225],[-1.56762,43.47228],[-1.5676,43.47227],[-1.56751,43.47223],[-1.56752,43.47222],[-1.56748,43.4722],[-1.56751,43.47216],[-1.56753,43.47217],[-1.56756,43.47214],[-1.56751,43.47212],[-1.5676,43.47202],[-1.56761,43.472],[-1.56763,43.47194],[-1.56763,43.47194],[-1.56764,43.47193],[-1.56768,43.47188],[-1.56771,43.47185],[-1.56772,43.47184],[-1.56773,43.47182],[-1.56779,43.47175],[-1.56776,43.47174],[-1.56777,43.47173],[-1.5678,43.4717],[-1.56784,43.47165],[-1.56795,43.4717],[-1.56797,43.47171],[-1.56801,43.47167],[-1.56802,43.47166],[-1.56809,43.47159],[-1.56799,43.47154],[-1.56812,43.47145],[-1.56822,43.47138],[-1.56823,43.47138],[-1.56828,43.47134],[-1.56831,43.47135],[-1.56839,43.47128],[-1.56844,43.47119],[-1.56848,43.47116],[-1.5685,43.47114],[-1.56853,43.47111],[-1.56856,43.47109],[-1.56871,43.47096],[-1.56893,43.47076],[-1.56881,43.47069],[-1.5687,43.47061],[-1.56863,43.47058],[-1.56871,43.47049],[-1.5692,43.46994],[-1.56932,43.4698],[-1.56987,43.46916],[-1.57005,43.46893],[-1.57043,43.46846],[-1.57048,43.46847],[-1.57051,43.46848],[-1.57075,43.4686],[-1.57095,43.46869],[-1.57106,43.46856],[-1.57108,43.46854],[-1.57106,43.46849],[-1.5711,43.46846],[-1.57112,43.46843],[-1.57123,43.4683],[-1.57135,43.4682],[-1.57153,43.46827],[-1.57167,43.4684],[-1.57166,43.46843],[-1.57169,43.46844],[-1.5719,43.46815],[-1.57211,43.46786],[-1.57221,43.46789],[-1.57219,43.46793],[-1.57222,43.46789],[-1.57237,43.46796],[-1.57231,43.46804],[-1.57226,43.46812],[-1.57198,43.46853],[-1.5718,43.46878],[-1.57174,43.46887],[-1.57164,43.46901],[-1.57126,43.46955],[-1.57103,43.46987],[-1.56997,43.47169],[-1.56981,43.47183],[-1.56949,43.47211],[-1.56926,43.4723],[-1.56891,43.47254],[-1.56883,43.47263],[-1.56867,43.4728],[-1.56862,43.47285],[-1.5686,43.47289],[-1.56859,43.47291],[-1.56855,43.47303],[-1.56848,43.47313],[-1.56823,43.4735],[-1.56797,43.47341],[-1.5674,43.47317],[-1.56695,43.47303],[-1.56679,43.473],[-1.56681,43.47293],[-1.56713,43.47285],[-1.56748,43.47274],[-1.56772,43.47263],[-1.56796,43.47248],[-1.56794,43.47246],[-1.56791,43.47243],[-1.56783,43.47237],[-1.56767,43.47226]]]]},"geometry_name":"the_geom","properties":{"libelle":"NF","libelong":"Nf","typezone":"N"}},{"type":"Feature","id":"zone_urba.3130364","geometry":{"type":"MultiPolygon","coordinates":[[[[-1.56662,43.47412],[-1.56668,43.47379],[-1.56668,43.47377],[-1.56669,43.47369],[-1.56673,43.47314],[-1.56679,43.473],[-1.56695,43.47303],[-1.5674,43.47317],[-1.5674,43.47325],[-1.56733,43.47356],[-1.56729,43.47374],[-1.56729,43.47375],[-1.56728,43.47376],[-1.56726,43.47385],[-1.56724,43.47393],[-1.56724,43.47393],[-1.5672,43.47405],[-1.5669,43.47402],[-1.56689,43.47406],[-1.56681,43.47415],[-1.5667,43.47413],[-1.56662,43.47412]]]]},"geometry_name":"the_geom","properties":{"libelle":"UBc","libelong":"UBc","typezone":"U"}},{"type":"Feature","id":"zone_urba.3130346","geometry":{"type":"MultiPolygon","coordinates":[[[[-1.5648,43.47882],[-1.56514,43.47804],[-1.56522,43.47778],[-1.56538,43.47758],[-1.56543,43.47748],[-1.56543,43.47735],[-1.56543,43.47727],[-1.56547,43.47718],[-1.56555,43.47711],[-1.56558,43.47702],[-1.56558,43.47693],[-1.56562,43.47686],[-1.56571,43.47668],[-1.56612,43.47569],[-1.56615,43.47555],[-1.56633,43.47497],[-1.56654,43.47499],[-1.56675,43.47502],[-1.56692,43.47504],[-1.5669,43.47506],[-1.56688,43.47509],[-1.56683,43.47521],[-1.56677,43.47537],[-1.56672,43.47551],[-1.5666,43.47582],[-1.56664,43.47582],[-1.56682,43.47585],[-1.56675,43.4761],[-1.56686,43.47612],[-1.56687,43.47612],[-1.56689,43.47613],[-1.56657,43.47683],[-1.56642,43.47715],[-1.56639,43.47717],[-1.56627,43.47717],[-1.56623,43.47742],[-1.56633,43.47743],[-1.56663,43.47747],[-1.56652,43.47771],[-1.56655,43.47772],[-1.56646,43.47809],[-1.56646,43.4781],[-1.56647,43.47812],[-1.56649,43.47813],[-1.56652,43.47816],[-1.56653,43.47816],[-1.56654,43.47818],[-1.56654,43.47819],[-1.56653,43.47822],[-1.56644,43.47821],[-1.56643,43.47821],[-1.56643,43.47821],[-1.56632,43.47819],[-1.56632,43.47823],[-1.56623,43.47822],[-1.56622,43.47827],[-1.56611,43.47825],[-1.5661,43.47829],[-1.56608,43.47828],[-1.56607,43.4783],[-1.56604,43.47844],[-1.56605,43.47865],[-1.56601,43.47878],[-1.56598,43.47881],[-1.56596,43.47887],[-1.56596,43.47897],[-1.56597,43.47897],[-1.56595,43.47916],[-1.56586,43.47918],[-1.56576,43.47917],[-1.56561,43.47916],[-1.56547,43.47914],[-1.56542,43.47912],[-1.56533,43.47893],[-1.5648,43.47882]]]]},"geometry_name":"the_geom","properties":{"libelle":"NF","libelong":"Nf","typezone":"N"}},{"type":"Feature","id":"zone_urba.3130315","geometry":{"type":"MultiPolygon","coordinates":[[[[-1.55355,43.47169],[-1.55358,43.47159],[-1.5536,43.47152],[-1.55355,43.47149],[-1.5536,43.47127],[-1.55361,43.47109],[-1.55362,43.4709],[-1.5536,43.47076],[-1.55359,43.47065],[-1.55365,43.47061],[-1.55373,43.47063],[-1.55412,43.4707],[-1.55426,43.47072],[-1.55442,43.47075],[-1.55468,43.47082],[-1.5548,43.47087],[-1.55489,43.4709],[-1.55497,43.47094],[-1.55502,43.47098],[-1.5551,43.47102],[-1.55523,43.47101],[-1.55524,43.47101],[-1.55542,43.47098],[-1.5558,43.47096],[-1.55589,43.47088],[-1.55615,43.47072],[-1.55629,43.47084],[-1.55636,43.4709],[-1.55643,43.47096],[-1.55646,43.47099],[-1.55647,43.47101],[-1.55647,43.47103],[-1.55648,43.47105],[-1.55651,43.47106],[-1.55662,43.47109],[-1.5567,43.47094],[-1.55673,43.4709],[-1.55677,43.47085],[-1.5568,43.47082],[-1.55685,43.4708],[-1.55697,43.47074],[-1.557,43.47067],[-1.55702,43.4706],[-1.55691,43.47043],[-1.5568,43.47025],[-1.55669,43.47007],[-1.55658,43.46989],[-1.55647,43.46971],[-1.55639,43.46958],[-1.55637,43.46955],[-1.55637,43.46953],[-1.55637,43.4695],[-1.55638,43.46946],[-1.5563,43.46942],[-1.55626,43.46946],[-1.55623,43.46947],[-1.55619,43.46949],[-1.55594,43.46954],[-1.55563,43.4696],[-1.55562,43.4695],[-1.5556,43.46938],[-1.5556,43.46934],[-1.55559,43.46925],[-1.55558,43.46924],[-1.55555,43.46915],[-1.55554,43.46911],[-1.55562,43.46909],[-1.55562,43.46905],[-1.55562,43.46878],[-1.55563,43.46856],[-1.55552,43.46854],[-1.55553,43.46853],[-1.55535,43.46849],[-1.55522,43.46843],[-1.55522,43.46828],[-1.55521,43.46803],[-1.5552,43.4678],[-1.55519,43.46759],[-1.55513,43.4676],[-1.55493,43.46764],[-1.55486,43.46747],[-1.55486,43.46745],[-1.55481,43.46716],[-1.55479,43.467],[-1.55477,43.46691],[-1.55477,43.46688],[-1.55472,43.46677],[-1.55471,43.46674],[-1.5547,43.46673],[-1.55463,43.46656],[-1.55463,43.46655],[-1.55454,43.46633],[-1.55452,43.46629],[-1.55448,43.46625],[-1.55449,43.46622],[-1.55444,43.46614],[-1.55433,43.46595],[-1.55407,43.46603],[-1.55391,43.46579],[-1.5538,43.46559],[-1.55389,43.46556],[-1.55408,43.4655],[-1.55414,43.46548],[-1.55419,43.46547],[-1.55391,43.46497],[-1.5537,43.46458],[-1.55343,43.46465],[-1.55341,43.46465],[-1.55335,43.46467],[-1.55329,43.4646],[-1.55317,43.46443],[-1.55301,43.46423],[-1.5529,43.46406],[-1.55284,43.46396],[-1.55323,43.464],[-1.5533,43.46401],[-1.5538,43.46406],[-1.55382,43.46402],[-1.55407,43.46408],[-1.55412,43.4641],[-1.55421,43.46412],[-1.55444,43.46418],[-1.55453,43.4642],[-1.55483,43.46428],[-1.55519,43.46437],[-1.55526,43.46436],[-1.55543,43.46406],[-1.55549,43.46407],[-1.55555,43.46409],[-1.55582,43.46417],[-1.55593,43.4642],[-1.55617,43.46428],[-1.55623,43.46429],[-1.55614,43.4645],[-1.55612,43.46454],[-1.55612,43.46455],[-1.5561,43.46458],[-1.55609,43.46462],[-1.55602,43.46477],[-1.55637,43.46484],[-1.55633,43.46497],[-1.55679,43.46504],[-1.55727,43.46512],[-1.55687,43.46572],[-1.55709,43.46576],[-1.55702,43.4659],[-1.55704,43.4659],[-1.55711,43.46591],[-1.55743,43.46594],[-1.55754,43.46544],[-1.5577,43.46546],[-1.5581,43.46549],[-1.55807,43.46601],[-1.55832,43.46604],[-1.55858,43.46607],[-1.55882,43.4661],[-1.55907,43.46612],[-1.55929,43.46615],[-1.55936,43.46616],[-1.56006,43.46627],[-1.56078,43.46625],[-1.56114,43.46624],[-1.56114,43.46609],[-1.56172,43.46615],[-1.56181,43.46616],[-1.56214,43.4662],[-1.5624,43.46624],[-1.56268,43.46628],[-1.56298,43.46654],[-1.563,43.46654],[-1.56334,43.46651],[-1.56367,43.46642],[-1.56385,43.46647],[-1.56403,43.46652],[-1.564,43.46662],[-1.56437,43.46665],[-1.56469,43.46668],[-1.565,43.46671],[-1.56504,43.46651],[-1.56543,43.46654],[-1.56589,43.4666],[-1.56649,43.46666],[-1.56659,43.46668],[-1.56661,43.46682],[-1.56662,43.46687],[-1.56717,43.46689],[-1.56726,43.4669],[-1.56738,43.46693],[-1.5681,43.4672],[-1.56847,43.46733],[-1.56851,43.46734],[-1.56857,43.4673],[-1.56867,43.46725],[-1.56934,43.46722],[-1.56927,43.46768],[-1.56927,43.46771],[-1.56924,43.46793],[-1.56929,43.46794],[-1.56931,43.46795],[-1.5696,43.46772],[-1.56976,43.46758],[-1.5699,43.46763],[-1.57064,43.46809],[-1.5707,43.46812],[-1.5708,43.46801],[-1.57087,43.46803],[-1.57115,43.46813],[-1.57135,43.4682],[-1.57123,43.4683],[-1.57112,43.46843],[-1.5711,43.46846],[-1.57106,43.46849],[-1.57108,43.46854],[-1.57106,43.46856],[-1.57095,43.46869],[-1.57075,43.4686],[-1.57051,43.46848],[-1.57048,43.46847],[-1.57043,43.46846],[-1.57005,43.46893],[-1.56987,43.46916],[-1.56932,43.4698],[-1.56925,43.46977],[-1.56903,43.46969],[-1.56902,43.46968],[-1.56895,43.46969],[-1.56861,43.46976],[-1.56855,43.46976],[-1.56879,43.46951],[-1.56889,43.46937],[-1.56927,43.4688],[-1.56869,43.46871],[-1.56867,43.4687],[-1.56859,43.4687],[-1.56789,43.46958],[-1.56771,43.46984],[-1.56712,43.46991],[-1.56628,43.47009],[-1.56537,43.47031],[-1.56502,43.47036],[-1.5647,43.47038],[-1.56437,43.47039],[-1.56299,43.47064],[-1.56269,43.47091],[-1.56266,43.47094],[-1.56256,43.47085],[-1.56249,43.47072],[-1.5623,43.47076],[-1.56126,43.47097],[-1.56062,43.47113],[-1.5611,43.47007],[-1.561,43.47001],[-1.56068,43.46994],[-1.56025,43.46987],[-1.56022,43.46992],[-1.56007,43.47019],[-1.55982,43.47013],[-1.55981,43.47014],[-1.55979,43.47019],[-1.55967,43.47043],[-1.55965,43.47047],[-1.55878,43.47025],[-1.55862,43.47054],[-1.55855,43.47068],[-1.55849,43.47066],[-1.55823,43.4706],[-1.55821,43.47063],[-1.55816,43.47063],[-1.55816,43.47066],[-1.55817,43.47075],[-1.55818,43.4709],[-1.55819,43.47097],[-1.55817,43.47104],[-1.55811,43.47111],[-1.55802,43.4712],[-1.55802,43.4712],[-1.55695,43.47133],[-1.55662,43.47147],[-1.55616,43.47145],[-1.55616,43.47169],[-1.55613,43.47177],[-1.55606,43.47177],[-1.556,43.47176],[-1.55552,43.47171],[-1.5555,43.47171],[-1.55535,43.47166],[-1.55522,43.47164],[-1.55503,43.47161],[-1.55502,43.47164],[-1.55499,43.47172],[-1.55501,43.47173],[-1.55515,43.47176],[-1.55509,43.47192],[-1.55508,43.47194],[-1.55524,43.47196],[-1.55527,43.47204],[-1.55341,43.47217],[-1.55344,43.47201],[-1.55347,43.47186],[-1.55347,43.47186],[-1.5535,43.47184],[-1.55352,43.47182],[-1.55354,43.4718],[-1.55355,43.47178],[-1.55356,43.47175],[-1.55356,43.47173],[-1.55356,43.47171],[-1.55355,43.47169]],[[-1.56173,43.469],[-1.56182,43.46895],[-1.56201,43.46877],[-1.56201,43.46871],[-1.56201,43.46864],[-1.56205,43.46825],[-1.56212,43.46764],[-1.5621,43.46757],[-1.56198,43.46728],[-1.56186,43.46701],[-1.56177,43.46699],[-1.56175,43.467],[-1.56174,43.467],[-1.56172,43.467],[-1.56169,43.46701],[-1.56165,43.467],[-1.56163,43.467],[-1.5616,43.467],[-1.56127,43.46695],[-1.56117,43.46736],[-1.56114,43.46748],[-1.56113,43.46751],[-1.56065,43.46743],[-1.56082,43.46686],[-1.55958,43.46648],[-1.55949,43.46648],[-1.55939,43.46652],[-1.55933,43.46659],[-1.55905,43.46721],[-1.55881,43.4672],[-1.55833,43.4675],[-1.55702,43.46758],[-1.55662,43.46889],[-1.55672,43.46887],[-1.55722,43.46881],[-1.55753,43.46878],[-1.55765,43.46878],[-1.55816,43.46899],[-1.55868,43.46922],[-1.55872,43.46924],[-1.55937,43.46965],[-1.56006,43.46946],[-1.56093,43.46924],[-1.56116,43.46917],[-1.56142,43.46908],[-1.56158,43.46904],[-1.56165,43.46902],[-1.56173,43.469]]]]},"geometry_name":"the_geom","properties":{"libelle":"UDi","libelong":"UDi","typezone":"U"}},{"type":"Feature","id":"zone_urba.3130317","geometry":{"type":"MultiPolygon","coordinates":[[[[-1.56391,43.47826],[-1.56406,43.47765],[-1.56468,43.47766],[-1.56468,43.47761],[-1.56468,43.47759],[-1.56468,43.47754],[-1.56468,43.47749],[-1.56467,43.47745],[-1.56467,43.47741],[-1.56466,43.47741],[-1.56466,43.4774],[-1.56466,43.47739],[-1.56466,43.47736],[-1.56466,43.47732],[-1.56466,43.47727],[-1.56465,43.47722],[-1.56465,43.47719],[-1.56486,43.47718],[-1.56486,43.47715],[-1.56486,43.477],[-1.56486,43.477],[-1.56489,43.47699],[-1.56489,43.47695],[-1.56489,43.47692],[-1.56479,43.47692],[-1.56479,43.47689],[-1.56479,43.47679],[-1.56478,43.47673],[-1.56478,43.47669],[-1.56478,43.47668],[-1.56478,43.47668],[-1.56478,43.47657],[-1.56475,43.47658],[-1.56473,43.4765],[-1.56468,43.4763],[-1.56467,43.47626],[-1.56461,43.47615],[-1.56464,43.47614],[-1.56463,43.47613],[-1.56459,43.47605],[-1.56457,43.47604],[-1.56457,43.47602],[-1.56461,43.47601],[-1.56454,43.47589],[-1.56452,43.47587],[-1.56458,43.47585],[-1.56456,43.47582],[-1.56448,43.4757],[-1.56448,43.4757],[-1.56443,43.47563],[-1.5644,43.47558],[-1.56439,43.47557],[-1.56437,43.47554],[-1.56432,43.47546],[-1.56429,43.47541],[-1.56428,43.4754],[-1.56426,43.47537],[-1.56425,43.47535],[-1.56415,43.47539],[-1.56414,43.47537],[-1.5641,43.47531],[-1.56415,43.47529],[-1.56409,43.47521],[-1.56414,43.47519],[-1.56416,43.47518],[-1.56407,43.47509],[-1.56398,43.47514],[-1.56392,43.47517],[-1.56391,43.47516],[-1.56384,43.4751],[-1.56376,43.47504],[-1.56363,43.47493],[-1.56355,43.47488],[-1.56349,43.47485],[-1.56343,43.47482],[-1.56336,43.47478],[-1.56332,43.47476],[-1.56315,43.47468],[-1.56318,43.47463],[-1.56301,43.47456],[-1.56297,43.47462],[-1.56294,43.47468],[-1.56289,43.47476],[-1.56287,43.47475],[-1.56286,43.47476],[-1.56269,43.4747],[-1.56259,43.4748],[-1.5626,43.47484],[-1.56255,43.47516],[-1.56168,43.47504],[-1.5617,43.47501],[-1.56181,43.47478],[-1.56185,43.47471],[-1.56187,43.47467],[-1.5619,43.47461],[-1.56192,43.47456],[-1.56196,43.47449],[-1.56196,43.47448],[-1.56191,43.47447],[-1.56173,43.47443],[-1.56173,43.47445],[-1.56165,43.47445],[-1.56159,43.47444],[-1.56145,43.47443],[-1.56099,43.4744],[-1.56095,43.4744],[-1.56093,43.4744],[-1.56066,43.47438],[-1.56056,43.47439],[-1.56057,43.47449],[-1.56035,43.4745],[-1.56009,43.47452],[-1.55981,43.47453],[-1.55941,43.47475],[-1.55936,43.47475],[-1.55871,43.47465],[-1.55868,43.47476],[-1.55867,43.47478],[-1.55863,43.47493],[-1.55859,43.47509],[-1.55858,43.47513],[-1.55857,43.47516],[-1.55854,43.47516],[-1.55855,43.47522],[-1.55874,43.47525],[-1.55884,43.47526],[-1.55877,43.4753],[-1.55783,43.47542],[-1.55763,43.47523],[-1.55769,43.47505],[-1.55768,43.47495],[-1.55758,43.47482],[-1.5575,43.47472],[-1.55757,43.4747],[-1.55802,43.47462],[-1.55827,43.47455],[-1.55827,43.47451],[-1.55826,43.47447],[-1.55824,43.47439],[-1.5584,43.47436],[-1.55838,43.47429],[-1.55837,43.47415],[-1.55851,43.47414],[-1.55851,43.474],[-1.55851,43.47382],[-1.55879,43.47379],[-1.55896,43.47376],[-1.55914,43.47374],[-1.55915,43.47379],[-1.55917,43.4739],[-1.5593,43.47388],[-1.55932,43.47395],[-1.55939,43.47394],[-1.55959,43.47392],[-1.55963,43.47391],[-1.5596,43.47378],[-1.55959,43.47374],[-1.55956,43.47358],[-1.5596,43.47357],[-1.55992,43.47353],[-1.55994,43.47353],[-1.55999,43.47352],[-1.55989,43.47303],[-1.56037,43.47302],[-1.56048,43.47302],[-1.56059,43.47302],[-1.56079,43.47302],[-1.56082,43.47301],[-1.56086,43.47295],[-1.56093,43.47296],[-1.56107,43.47292],[-1.56119,43.47294],[-1.56138,43.47298],[-1.56138,43.47296],[-1.5614,43.4729],[-1.56141,43.47285],[-1.56181,43.4729],[-1.56207,43.47276],[-1.56261,43.47259],[-1.56284,43.47252],[-1.56301,43.47243],[-1.56316,43.47229],[-1.56327,43.47215],[-1.56333,43.47203],[-1.56343,43.47185],[-1.56346,43.47174],[-1.56355,43.47169],[-1.56365,43.47166],[-1.56377,43.47159],[-1.56422,43.47169],[-1.56431,43.47171],[-1.56432,43.47169],[-1.56443,43.47158],[-1.56453,43.47163],[-1.56486,43.4713],[-1.56488,43.47128],[-1.56488,43.47126],[-1.56508,43.47134],[-1.5651,43.47137],[-1.56511,43.47138],[-1.56512,43.47138],[-1.5652,43.47145],[-1.56522,43.47148],[-1.56524,43.47149],[-1.56539,43.47164],[-1.56547,43.47168],[-1.56548,43.47169],[-1.56568,43.47158],[-1.56617,43.47146],[-1.56622,43.47146],[-1.56629,43.47147],[-1.56641,43.47125],[-1.56653,43.47105],[-1.56655,43.471],[-1.56661,43.47089],[-1.56669,43.47075],[-1.56654,43.47068],[-1.56661,43.47056],[-1.56667,43.47046],[-1.56675,43.47035],[-1.5668,43.47029],[-1.56728,43.47051],[-1.56747,43.47019],[-1.56757,43.47003],[-1.56758,43.47001],[-1.56762,43.46995],[-1.5682,43.47013],[-1.56817,43.47015],[-1.56809,43.47024],[-1.56815,43.47026],[-1.56831,43.47033],[-1.56839,43.47036],[-1.56854,43.47042],[-1.56859,43.47044],[-1.56865,43.47047],[-1.56871,43.47049],[-1.56863,43.47058],[-1.5687,43.47061],[-1.56881,43.47069],[-1.56893,43.47076],[-1.56871,43.47096],[-1.56856,43.47109],[-1.56853,43.47111],[-1.5685,43.47114],[-1.56848,43.47116],[-1.56844,43.47119],[-1.56839,43.47128],[-1.56831,43.47135],[-1.56828,43.47134],[-1.56823,43.47138],[-1.56822,43.47138],[-1.56812,43.47145],[-1.56799,43.47154],[-1.56809,43.47159],[-1.56802,43.47166],[-1.56801,43.47167],[-1.56797,43.47171],[-1.56795,43.4717],[-1.56784,43.47165],[-1.5678,43.4717],[-1.56777,43.47173],[-1.56776,43.47174],[-1.56779,43.47175],[-1.56773,43.47182],[-1.56772,43.47184],[-1.56771,43.47185],[-1.56768,43.47188],[-1.56764,43.47193],[-1.56763,43.47194],[-1.56763,43.47194],[-1.56761,43.472],[-1.5676,43.47202],[-1.56751,43.47212],[-1.56756,43.47214],[-1.56753,43.47217],[-1.56751,43.47216],[-1.56748,43.4722],[-1.56752,43.47222],[-1.56751,43.47223],[-1.56742,43.47219],[-1.56736,43.47226],[-1.56729,43.47235],[-1.56727,43.47238],[-1.56726,43.47237],[-1.56724,43.4724],[-1.56717,43.47249],[-1.56711,43.47257],[-1.56702,43.47268],[-1.56702,43.47268],[-1.56699,43.47272],[-1.56697,43.47275],[-1.56694,43.47278],[-1.56684,43.4729],[-1.56683,43.47291],[-1.56681,43.47293],[-1.56679,43.473],[-1.56673,43.47314],[-1.56669,43.47369],[-1.56668,43.47377],[-1.56668,43.47379],[-1.56662,43.47412],[-1.56661,43.47412],[-1.5665,43.47452],[-1.56645,43.47464],[-1.56636,43.47485],[-1.56633,43.47497],[-1.56615,43.47555],[-1.56612,43.47569],[-1.56571,43.47668],[-1.56562,43.47686],[-1.56558,43.47693],[-1.56558,43.47702],[-1.56555,43.47711],[-1.56547,43.47718],[-1.56543,43.47727],[-1.56543,43.47735],[-1.56543,43.47748],[-1.56538,43.47758],[-1.56522,43.47778],[-1.56514,43.47804],[-1.5648,43.47882],[-1.56463,43.47871],[-1.56398,43.47865],[-1.56385,43.47864],[-1.56391,43.47826]]]]},"geometry_name":"the_geom","properties":{"libelle":"UBa","libelong":"UBa","typezone":"U"}},{"type":"Feature","id":"zone_urba.3130348","geometry":{"type":"MultiPolygon","coordinates":[[[[-1.54208,43.46662],[-1.54205,43.46662],[-1.54173,43.46661],[-1.54125,43.46646],[-1.54161,43.4661],[-1.54173,43.46612],[-1.54267,43.46626],[-1.5428,43.46614],[-1.54286,43.4661],[-1.54365,43.46544],[-1.54365,43.46543],[-1.54376,43.46536],[-1.54412,43.46569],[-1.54525,43.46542],[-1.54561,43.46534],[-1.54566,43.46532],[-1.5458,43.46548],[-1.54591,43.46559],[-1.54602,43.46572],[-1.54613,43.46583],[-1.54632,43.46613],[-1.54651,43.46657],[-1.54654,43.4667],[-1.54645,43.46683],[-1.54642,43.4669],[-1.5464,43.46719],[-1.54638,43.46735],[-1.54638,43.46743],[-1.54638,43.46761],[-1.5464,43.46771],[-1.54648,43.4679],[-1.54495,43.46774],[-1.54496,43.4677],[-1.54506,43.46734],[-1.5451,43.46719],[-1.54444,43.46706],[-1.54414,43.46701],[-1.54308,43.46676],[-1.54302,43.46674],[-1.54275,43.46665],[-1.54209,43.46662],[-1.54208,43.46662]]]]},"geometry_name":"the_geom","properties":{"libelle":"N","libelong":"N","typezone":"N"}},{"type":"Feature","id":"zone_urba.3130325","geometry":{"type":"MultiPolygon","coordinates":[[[[-1.56088,43.47242],[-1.5606,43.47242],[-1.56052,43.47238],[-1.56043,43.47235],[-1.56016,43.47226],[-1.56015,43.47226],[-1.56011,43.47225],[-1.56025,43.47193],[-1.56062,43.47113],[-1.56126,43.47097],[-1.5623,43.47076],[-1.56249,43.47072],[-1.56256,43.47085],[-1.56266,43.47094],[-1.56277,43.47104],[-1.56282,43.47108],[-1.5628,43.47112],[-1.56274,43.47128],[-1.5627,43.47145],[-1.56265,43.47146],[-1.56272,43.47176],[-1.56269,43.47178],[-1.56265,43.47181],[-1.56261,43.47184],[-1.5626,43.47187],[-1.56261,43.47189],[-1.56262,43.4719],[-1.56263,43.47192],[-1.56265,43.47194],[-1.56268,43.47195],[-1.56271,43.47196],[-1.56275,43.47196],[-1.56278,43.47195],[-1.56281,43.47193],[-1.56283,43.47192],[-1.56284,43.47189],[-1.56285,43.47187],[-1.56284,43.47184],[-1.56301,43.47204],[-1.563,43.4721],[-1.5629,43.47225],[-1.56271,43.47236],[-1.56238,43.47236],[-1.56201,43.4724],[-1.5619,43.47242],[-1.5618,43.47243],[-1.56176,43.47244],[-1.56176,43.47243],[-1.56165,43.47242],[-1.56123,43.47242],[-1.56088,43.47242]]]]},"geometry_name":"the_geom","properties":{"libelle":"UH","libelong":"UH","typezone":"U"}},{"type":"Feature","id":"zone_urba.3130329","geometry":{"type":"MultiPolygon","coordinates":[[[[-1.55932,43.47395],[-1.5593,43.47388],[-1.55917,43.4739],[-1.55915,43.47379],[-1.55914,43.47374],[-1.55912,43.47369],[-1.55914,43.47368],[-1.55915,43.4736],[-1.55918,43.47336],[-1.55918,43.47335],[-1.55917,43.47334],[-1.55916,43.47333],[-1.55916,43.47321],[-1.55916,43.47312],[-1.55916,43.47308],[-1.55916,43.47303],[-1.55916,43.47296],[-1.55916,43.47291],[-1.55917,43.4728],[-1.55917,43.47278],[-1.55915,43.4727],[-1.55913,43.47261],[-1.55913,43.47257],[-1.55913,43.47252],[-1.55914,43.47244],[-1.55914,43.47234],[-1.55914,43.47233],[-1.55914,43.47231],[-1.55914,43.47218],[-1.5588,43.47218],[-1.5588,43.47194],[-1.5588,43.47189],[-1.55916,43.47179],[-1.55953,43.47181],[-1.56025,43.47193],[-1.56011,43.47225],[-1.56015,43.47226],[-1.56016,43.47226],[-1.56043,43.47235],[-1.56052,43.47238],[-1.5606,43.47242],[-1.56088,43.47242],[-1.56123,43.47242],[-1.56165,43.47242],[-1.56176,43.47243],[-1.56176,43.47244],[-1.5618,43.47243],[-1.5619,43.47242],[-1.56201,43.4724],[-1.56238,43.47236],[-1.56271,43.47236],[-1.5629,43.47225],[-1.563,43.4721],[-1.56301,43.47204],[-1.56284,43.47184],[-1.56285,43.47187],[-1.56284,43.47189],[-1.56283,43.47192],[-1.56281,43.47193],[-1.56278,43.47195],[-1.56275,43.47196],[-1.56271,43.47196],[-1.56268,43.47195],[-1.56265,43.47194],[-1.56263,43.47192],[-1.56262,43.4719],[-1.56261,43.47189],[-1.5626,43.47187],[-1.56261,43.47184],[-1.56265,43.47181],[-1.56269,43.47178],[-1.56272,43.47176],[-1.56265,43.47146],[-1.5627,43.47145],[-1.56274,43.47128],[-1.5628,43.47112],[-1.56282,43.47108],[-1.56277,43.47104],[-1.56266,43.47094],[-1.56269,43.47091],[-1.56299,43.47064],[-1.56437,43.47039],[-1.5647,43.47038],[-1.5647,43.47038],[-1.56465,43.47047],[-1.56458,43.47052],[-1.56455,43.47054],[-1.56412,43.4708],[-1.56409,43.47082],[-1.56389,43.47094],[-1.56383,43.47106],[-1.5637,43.47134],[-1.56367,43.4714],[-1.5636,43.47154],[-1.5636,43.47154],[-1.56359,43.47157],[-1.56353,43.47156],[-1.56348,43.47165],[-1.56346,43.47174],[-1.56343,43.47185],[-1.56333,43.47203],[-1.56327,43.47215],[-1.56316,43.47229],[-1.56301,43.47243],[-1.56284,43.47252],[-1.56261,43.47259],[-1.56207,43.47276],[-1.56181,43.4729],[-1.56141,43.47285],[-1.5614,43.4729],[-1.56138,43.47296],[-1.56138,43.47298],[-1.56119,43.47294],[-1.56107,43.47292],[-1.56093,43.47296],[-1.56086,43.47295],[-1.56082,43.47301],[-1.56079,43.47302],[-1.56059,43.47302],[-1.56048,43.47302],[-1.56037,43.47302],[-1.55989,43.47303],[-1.55999,43.47352],[-1.55994,43.47353],[-1.55992,43.47353],[-1.5596,43.47357],[-1.55956,43.47358],[-1.55959,43.47374],[-1.5596,43.47378],[-1.55963,43.47391],[-1.55959,43.47392],[-1.55939,43.47394],[-1.55932,43.47395]]]]},"geometry_name":"the_geom","properties":{"libelle":"UDa","libelong":"UDa","typezone":"U"}},{"type":"Feature","id":"zone_urba.3130334","geometry":{"type":"MultiPolygon","coordinates":[[[[-1.55706,43.48005],[-1.55669,43.47974],[-1.55659,43.47966],[-1.55653,43.47962],[-1.55644,43.47957],[-1.55634,43.47953],[-1.556,43.47944],[-1.55595,43.47943],[-1.55591,43.47943],[-1.55588,43.47943],[-1.55585,43.47945],[-1.55583,43.47947],[-1.55582,43.4795],[-1.55583,43.47952],[-1.55582,43.47952],[-1.55578,43.47954],[-1.5557,43.47948],[-1.55552,43.47933],[-1.55497,43.47887],[-1.55482,43.47874],[-1.55475,43.4786],[-1.55452,43.47833],[-1.55417,43.47803],[-1.55424,43.47798],[-1.55433,43.47792],[-1.55445,43.47781],[-1.55455,43.47787],[-1.5546,43.47787],[-1.55469,43.47787],[-1.55484,43.47787],[-1.55505,43.47788],[-1.55507,43.47788],[-1.55551,43.47788],[-1.55559,43.47789],[-1.55581,43.47789],[-1.55612,43.4779],[-1.55643,43.4779],[-1.55647,43.4779],[-1.55661,43.47791],[-1.55674,43.47791],[-1.5567,43.47781],[-1.55668,43.47774],[-1.55667,43.47774],[-1.55664,43.47755],[-1.55657,43.47754],[-1.55661,43.47751],[-1.55664,43.47749],[-1.55666,43.47749],[-1.55669,43.47748],[-1.55676,43.47748],[-1.55682,43.47745],[-1.55679,43.47742],[-1.55672,43.47736],[-1.55659,43.47719],[-1.55651,43.47702],[-1.55651,43.47688],[-1.5564,43.47684],[-1.55627,43.4768],[-1.5561,43.47675],[-1.55598,43.47671],[-1.55559,43.4766],[-1.55529,43.47651],[-1.5552,43.47648],[-1.55523,43.47644],[-1.5554,43.47616],[-1.55543,43.47617],[-1.55577,43.47628],[-1.5558,43.47629],[-1.55604,43.47637],[-1.55616,43.47641],[-1.55628,43.47645],[-1.55639,43.47648],[-1.55648,43.47651],[-1.55651,43.47654],[-1.55661,43.47658],[-1.55666,43.47661],[-1.5567,43.47661],[-1.55673,43.47664],[-1.55676,43.47667],[-1.55693,43.47679],[-1.55707,43.47688],[-1.55711,43.47691],[-1.55728,43.47686],[-1.55735,43.47699],[-1.55737,43.47701],[-1.55736,43.47702],[-1.55751,43.47711],[-1.55758,43.47715],[-1.5576,43.47717],[-1.55784,43.47732],[-1.5579,43.47735],[-1.5579,43.47733],[-1.55793,43.47726],[-1.55796,43.47718],[-1.558,43.47708],[-1.55807,43.47695],[-1.55809,43.4769],[-1.55841,43.47698],[-1.55842,43.47698],[-1.5588,43.47707],[-1.55873,43.47731],[-1.55881,43.47732],[-1.55897,43.47735],[-1.55896,43.47741],[-1.55909,43.47743],[-1.55908,43.47744],[-1.55915,43.47754],[-1.5592,43.47752],[-1.55927,43.47749],[-1.55933,43.47747],[-1.55939,43.47744],[-1.5594,43.47744],[-1.55939,43.4775],[-1.55936,43.47768],[-1.55935,43.4777],[-1.55933,43.47784],[-1.5593,43.47797],[-1.55927,43.47811],[-1.55928,43.47814],[-1.55925,43.47817],[-1.55923,43.47821],[-1.5593,43.47822],[-1.55924,43.47836],[-1.55923,43.47839],[-1.55918,43.47839],[-1.55918,43.4784],[-1.55914,43.47841],[-1.55882,43.47848],[-1.55889,43.47865],[-1.55897,43.47885],[-1.55886,43.47887],[-1.55896,43.47908],[-1.55899,43.47916],[-1.55883,43.4792],[-1.55854,43.47922],[-1.55762,43.47916],[-1.55767,43.47874],[-1.55767,43.47871],[-1.55729,43.47877],[-1.55726,43.47896],[-1.55717,43.47901],[-1.55715,43.4792],[-1.55711,43.47952],[-1.5571,43.47959],[-1.5571,43.47962],[-1.55721,43.47963],[-1.55722,43.47964],[-1.55722,43.47967],[-1.55729,43.47967],[-1.55728,43.47977],[-1.5576,43.47978],[-1.55761,43.4797],[-1.55793,43.47971],[-1.55776,43.47999],[-1.55775,43.48],[-1.55772,43.48005],[-1.55777,43.48006],[-1.55862,43.48024],[-1.55875,43.4806],[-1.55746,43.48035],[-1.55709,43.48025],[-1.55704,43.48024],[-1.55707,43.48019],[-1.5571,43.48016],[-1.55711,43.48013],[-1.55711,43.4801],[-1.55709,43.48007],[-1.55706,43.48005]]]]},"geometry_name":"the_geom","properties":{"libelle":"UB","libelong":"UB","typezone":"U"}},{"type":"Feature","id":"zone_urba.3130338","geometry":{"type":"MultiPolygon","coordinates":[[[[-1.56186,43.47895],[-1.56164,43.47869],[-1.56163,43.47869],[-1.56141,43.47878],[-1.56128,43.47878],[-1.56127,43.47899],[-1.56127,43.47902],[-1.56091,43.47901],[-1.56053,43.479],[-1.56053,43.47897],[-1.56054,43.4788],[-1.56054,43.47874],[-1.56037,43.47874],[-1.5602,43.47874],[-1.56002,43.47873],[-1.55996,43.47873],[-1.55996,43.47882],[-1.55989,43.47884],[-1.55967,43.47883],[-1.55963,43.47883],[-1.55962,43.47881],[-1.5596,43.47871],[-1.5596,43.4787],[-1.55959,43.47864],[-1.55959,43.47862],[-1.55959,43.47857],[-1.55959,43.47844],[-1.55959,43.4784],[-1.5596,43.47827],[-1.55961,43.47823],[-1.55981,43.47828],[-1.56016,43.47828],[-1.56072,43.4783],[-1.56138,43.4783],[-1.56084,43.47761],[-1.56076,43.47762],[-1.56052,43.4776],[-1.56026,43.47759],[-1.56027,43.4775],[-1.56027,43.47749],[-1.56028,43.47744],[-1.56031,43.47744],[-1.56032,43.47736],[-1.5603,43.47736],[-1.56033,43.4771],[-1.56028,43.47709],[-1.56017,43.47708],[-1.56007,43.47708],[-1.55991,43.47706],[-1.55985,43.47706],[-1.55975,43.47705],[-1.55949,43.47701],[-1.55951,43.47673],[-1.55937,43.47672],[-1.55904,43.47668],[-1.55897,43.47667],[-1.55897,43.47667],[-1.55905,43.47647],[-1.55907,43.47643],[-1.55913,43.47628],[-1.5592,43.47609],[-1.55923,43.47604],[-1.55887,43.47593],[-1.55867,43.47587],[-1.5583,43.47575],[-1.55805,43.47562],[-1.55783,43.47542],[-1.55877,43.4753],[-1.55884,43.47526],[-1.55897,43.47528],[-1.55911,43.4753],[-1.55941,43.47534],[-1.55946,43.47534],[-1.55942,43.47549],[-1.55936,43.47571],[-1.55931,43.47589],[-1.55938,43.47589],[-1.55957,43.47589],[-1.55958,43.4759],[-1.55977,43.4759],[-1.55991,43.47591],[-1.56008,43.47591],[-1.56028,43.47592],[-1.56039,43.47592],[-1.56053,43.47593],[-1.56065,43.47593],[-1.56082,43.47594],[-1.56087,43.47594],[-1.56096,43.47594],[-1.5611,43.47595],[-1.56116,43.47595],[-1.56131,43.47592],[-1.56133,43.47591],[-1.56134,43.47589],[-1.56138,43.47577],[-1.56142,43.47573],[-1.56143,43.47572],[-1.5615,43.47618],[-1.56242,43.47623],[-1.56345,43.47623],[-1.56338,43.47564],[-1.56311,43.47546],[-1.56302,43.47537],[-1.56294,43.47535],[-1.56265,43.47529],[-1.56253,43.47528],[-1.56255,43.47516],[-1.5626,43.47484],[-1.56259,43.4748],[-1.56269,43.4747],[-1.56286,43.47476],[-1.56287,43.47475],[-1.56289,43.47476],[-1.56294,43.47468],[-1.56297,43.47462],[-1.56301,43.47456],[-1.56318,43.47463],[-1.56315,43.47468],[-1.56332,43.47476],[-1.56336,43.47478],[-1.56343,43.47482],[-1.56349,43.47485],[-1.56355,43.47488],[-1.56363,43.47493],[-1.56376,43.47504],[-1.56384,43.4751],[-1.56391,43.47516],[-1.56392,43.47517],[-1.56398,43.47514],[-1.56407,43.47509],[-1.56416,43.47518],[-1.56414,43.47519],[-1.56409,43.47521],[-1.56415,43.47529],[-1.5641,43.47531],[-1.56414,43.47537],[-1.56415,43.47539],[-1.56425,43.47535],[-1.56426,43.47537],[-1.56428,43.4754],[-1.56429,43.47541],[-1.56432,43.47546],[-1.56437,43.47554],[-1.56439,43.47557],[-1.5644,43.47558],[-1.56443,43.47563],[-1.56448,43.4757],[-1.56448,43.4757],[-1.56456,43.47582],[-1.56458,43.47585],[-1.56452,43.47587],[-1.56454,43.47589],[-1.56461,43.47601],[-1.56457,43.47602],[-1.56457,43.47604],[-1.56459,43.47605],[-1.56463,43.47613],[-1.56464,43.47614],[-1.56461,43.47615],[-1.56467,43.47626],[-1.56468,43.4763],[-1.56473,43.4765],[-1.56475,43.47658],[-1.56478,43.47657],[-1.56478,43.47668],[-1.56478,43.47668],[-1.56478,43.47669],[-1.56478,43.47673],[-1.56479,43.47679],[-1.56479,43.47689],[-1.56479,43.47692],[-1.56489,43.47692],[-1.56489,43.47695],[-1.56489,43.47699],[-1.56486,43.477],[-1.56486,43.477],[-1.56486,43.47715],[-1.56486,43.47718],[-1.56465,43.47719],[-1.56465,43.47722],[-1.56466,43.47727],[-1.56466,43.47732],[-1.56466,43.47736],[-1.56466,43.47739],[-1.56466,43.4774],[-1.56466,43.47741],[-1.56467,43.47741],[-1.56467,43.47745],[-1.56468,43.47749],[-1.56468,43.47754],[-1.56468,43.47759],[-1.56468,43.47761],[-1.56468,43.47766],[-1.56406,43.47765],[-1.56343,43.47762],[-1.5623,43.47759],[-1.56222,43.47808],[-1.56391,43.47826],[-1.56385,43.47864],[-1.56258,43.47851],[-1.56256,43.47856],[-1.56252,43.47878],[-1.56233,43.47876],[-1.56233,43.47878],[-1.56231,43.47887],[-1.56231,43.47887],[-1.56231,43.47888],[-1.56228,43.47911],[-1.56227,43.47914],[-1.56191,43.47901],[-1.56186,43.47895]]]]},"geometry_name":"the_geom","properties":{"libelle":"UB","libelong":"UB","typezone":"U"}},{"type":"Feature","id":"zone_urba.3130339","geometry":{"type":"MultiPolygon","coordinates":[[[[-1.55936,43.47768],[-1.55939,43.4775],[-1.5594,43.47744],[-1.55939,43.47744],[-1.55933,43.47747],[-1.55927,43.47749],[-1.5592,43.47752],[-1.55915,43.47754],[-1.55908,43.47744],[-1.55909,43.47743],[-1.55896,43.47741],[-1.55897,43.47735],[-1.55881,43.47732],[-1.55873,43.47731],[-1.5588,43.47707],[-1.55885,43.47696],[-1.55886,43.47694],[-1.55889,43.47687],[-1.55891,43.47682],[-1.55897,43.47667],[-1.55904,43.47668],[-1.55937,43.47672],[-1.55951,43.47673],[-1.55949,43.47701],[-1.55975,43.47705],[-1.55985,43.47706],[-1.55991,43.47706],[-1.56007,43.47708],[-1.56017,43.47708],[-1.56028,43.47709],[-1.56033,43.4771],[-1.5603,43.47736],[-1.56032,43.47736],[-1.56031,43.47744],[-1.56028,43.47744],[-1.56027,43.47749],[-1.56027,43.4775],[-1.56026,43.47759],[-1.56052,43.4776],[-1.56076,43.47762],[-1.56084,43.47761],[-1.56138,43.4783],[-1.56072,43.4783],[-1.56016,43.47828],[-1.55981,43.47828],[-1.55961,43.47823],[-1.55928,43.47814],[-1.55927,43.47811],[-1.5593,43.47797],[-1.55933,43.47784],[-1.55935,43.4777],[-1.55936,43.47768]]]]},"geometry_name":"the_geom","properties":{"libelle":"UD","libelong":"UD","typezone":"U"}},{"type":"Feature","id":"zone_urba.3130357","geometry":{"type":"MultiPolygon","coordinates":[[[[-1.54499,43.47746],[-1.54507,43.47723],[-1.54517,43.4769],[-1.54529,43.47661],[-1.54538,43.47635],[-1.5455,43.47556],[-1.54552,43.47557],[-1.54592,43.47545],[-1.54624,43.47535],[-1.54634,43.47545],[-1.54676,43.47581],[-1.54688,43.47582],[-1.54742,43.47613],[-1.54776,43.47627],[-1.54791,43.47632],[-1.5483,43.47636],[-1.54887,43.47642],[-1.54895,43.47643],[-1.54899,43.47643],[-1.54898,43.47648],[-1.54906,43.47649],[-1.54905,43.47655],[-1.54923,43.47657],[-1.54922,43.4768],[-1.54919,43.47681],[-1.54916,43.47681],[-1.54911,43.47683],[-1.54906,43.47683],[-1.54904,43.47684],[-1.54899,43.47685],[-1.54897,43.47685],[-1.54892,43.47686],[-1.5488,43.4769],[-1.54859,43.47696],[-1.54866,43.47708],[-1.54867,43.4771],[-1.54871,43.47719],[-1.54873,43.47723],[-1.54879,43.47731],[-1.54881,43.47734],[-1.54876,43.47736],[-1.54874,43.47737],[-1.54857,43.47743],[-1.5486,43.47746],[-1.54876,43.4777],[-1.54859,43.47776],[-1.54856,43.47766],[-1.54821,43.47777],[-1.54793,43.47786],[-1.5479,43.47766],[-1.54789,43.47757],[-1.54786,43.47733],[-1.54785,43.47729],[-1.54784,43.47717],[-1.54783,43.47717],[-1.54744,43.4773],[-1.54709,43.47741],[-1.54691,43.47747],[-1.54671,43.47754],[-1.54648,43.47762],[-1.54626,43.47769],[-1.54604,43.47776],[-1.54598,43.47779],[-1.54581,43.47784],[-1.54571,43.47788],[-1.54507,43.47809],[-1.54507,43.47809],[-1.54478,43.47815],[-1.54478,43.47814],[-1.54482,43.47802],[-1.54499,43.47746]]]]},"geometry_name":"the_geom","properties":{"libelle":"UCc","libelong":"UCc","typezone":"U"}},{"type":"Feature","id":"zone_urba.3130362","geometry":{"type":"MultiPolygon","coordinates":[[[[-1.53835,43.4743],[-1.53865,43.47343],[-1.53896,43.47256],[-1.53904,43.47257],[-1.54016,43.47261],[-1.54036,43.47262],[-1.54045,43.47262],[-1.54066,43.47268],[-1.54053,43.4728],[-1.54025,43.47294],[-1.54023,43.47312],[-1.54022,43.47331],[-1.5402,43.47351],[-1.54019,43.47371],[-1.54017,43.47391],[-1.54016,43.47409],[-1.54006,43.47407],[-1.53987,43.47404],[-1.53954,43.47399],[-1.53942,43.47434],[-1.53939,43.47444],[-1.53937,43.47449],[-1.53933,43.47464],[-1.53928,43.47481],[-1.53922,43.47499],[-1.53912,43.4753],[-1.53909,43.4753],[-1.53875,43.47524],[-1.53854,43.47521],[-1.53808,43.47512],[-1.53802,43.47511],[-1.53814,43.47487],[-1.53822,43.47468],[-1.53835,43.4743]]]]},"geometry_name":"the_geom","properties":{"libelle":"UC","libelong":"UC","typezone":"U"}},{"type":"Feature","id":"zone_urba.3130376","geometry":{"type":"MultiPolygon","coordinates":[[[[-1.56724,43.4724],[-1.56726,43.47237],[-1.56727,43.47238],[-1.56729,43.47235],[-1.56736,43.47226],[-1.56742,43.47219],[-1.56751,43.47223],[-1.5676,43.47227],[-1.56762,43.47228],[-1.56765,43.47225],[-1.56767,43.47226],[-1.56783,43.47237],[-1.56791,43.47243],[-1.56794,43.47246],[-1.56796,43.47248],[-1.56772,43.47263],[-1.56748,43.47274],[-1.56713,43.47285],[-1.56681,43.47293],[-1.56683,43.47291],[-1.56684,43.4729],[-1.56694,43.47278],[-1.56697,43.47275],[-1.56699,43.47272],[-1.56702,43.47268],[-1.56702,43.47268],[-1.56711,43.47257],[-1.56717,43.47249],[-1.56724,43.4724]]]]},"geometry_name":"the_geom","properties":{"libelle":"UDa","libelong":"UDa","typezone":"U"}},{"type":"Feature","id":"zone_urba.3130379","geometry":{"type":"MultiPolygon","coordinates":[[[[-1.5665,43.47452],[-1.56661,43.47412],[-1.56662,43.47412],[-1.5667,43.47413],[-1.56681,43.47415],[-1.56689,43.47406],[-1.5669,43.47402],[-1.5672,43.47405],[-1.56718,43.47412],[-1.56715,43.47434],[-1.56737,43.47441],[-1.56732,43.4745],[-1.56722,43.47466],[-1.56718,43.4747],[-1.56716,43.47473],[-1.56712,43.47476],[-1.56703,43.47481],[-1.56689,43.47472],[-1.56671,43.47471],[-1.56652,43.47466],[-1.56645,43.47464],[-1.5665,43.47452]]]]},"geometry_name":"the_geom","properties":{"libelle":"UG","libelong":"UG","typezone":"U"}},{"type":"Feature","id":"zone_urba.3130381","geometry":{"type":"MultiPolygon","coordinates":[[[[-1.55946,43.47534],[-1.55941,43.47534],[-1.55911,43.4753],[-1.55897,43.47528],[-1.55884,43.47526],[-1.55874,43.47525],[-1.55855,43.47522],[-1.55854,43.47516],[-1.55857,43.47516],[-1.55858,43.47513],[-1.55859,43.47509],[-1.55863,43.47493],[-1.55867,43.47478],[-1.55868,43.47476],[-1.55871,43.47465],[-1.55936,43.47475],[-1.55941,43.47475],[-1.55981,43.47453],[-1.56009,43.47452],[-1.56035,43.4745],[-1.56057,43.47449],[-1.56056,43.47439],[-1.56066,43.47438],[-1.56093,43.4744],[-1.56095,43.4744],[-1.56099,43.4744],[-1.56145,43.47443],[-1.56159,43.47444],[-1.56165,43.47445],[-1.56173,43.47445],[-1.56173,43.47443],[-1.56191,43.47447],[-1.56196,43.47448],[-1.56196,43.47449],[-1.56192,43.47456],[-1.5619,43.47461],[-1.56187,43.47467],[-1.56185,43.47471],[-1.56181,43.47478],[-1.5617,43.47501],[-1.56168,43.47504],[-1.56143,43.47501],[-1.5614,43.47507],[-1.56141,43.4754],[-1.56143,43.47572],[-1.56142,43.47573],[-1.56138,43.47577],[-1.56134,43.47589],[-1.56133,43.47591],[-1.56131,43.47592],[-1.56116,43.47595],[-1.5611,43.47595],[-1.56096,43.47594],[-1.56087,43.47594],[-1.56082,43.47594],[-1.56065,43.47593],[-1.56053,43.47593],[-1.56039,43.47592],[-1.56028,43.47592],[-1.56008,43.47591],[-1.55991,43.47591],[-1.55977,43.4759],[-1.55958,43.4759],[-1.55957,43.47589],[-1.55938,43.47589],[-1.55931,43.47589],[-1.55936,43.47571],[-1.55942,43.47549],[-1.55946,43.47534]]]]},"geometry_name":"the_geom","properties":{"libelle":"UH","libelong":"UH","typezone":"U"}},{"type":"Feature","id":"zone_urba.3130396","geometry":{"type":"MultiPolygon","coordinates":[[[[-1.57156,43.4671],[-1.57176,43.4672],[-1.57204,43.46739],[-1.57257,43.46774],[-1.57253,43.46779],[-1.5725,43.46777],[-1.57237,43.46796],[-1.57222,43.46789],[-1.57219,43.46793],[-1.57221,43.46789],[-1.57211,43.46786],[-1.5719,43.46815],[-1.57169,43.46844],[-1.57166,43.46843],[-1.57167,43.4684],[-1.57153,43.46827],[-1.57135,43.4682],[-1.57115,43.46813],[-1.57087,43.46803],[-1.5708,43.46801],[-1.5707,43.46812],[-1.57064,43.46809],[-1.5699,43.46763],[-1.57024,43.46734],[-1.57034,43.46726],[-1.57041,43.46722],[-1.57045,43.4672],[-1.57048,43.46719],[-1.57047,43.46714],[-1.57055,43.46711],[-1.57081,43.46707],[-1.57117,43.46703],[-1.57153,43.46696],[-1.5717,43.46695],[-1.57156,43.4671]]]]},"geometry_name":"the_geom","properties":{"libelle":"UGi","libelong":"UGi","typezone":"U"}},{"type":"Feature","id":"zone_urba.3130397","geometry":{"type":"MultiPolygon","coordinates":[[[[-1.55026,43.47272],[-1.55032,43.4727],[-1.55034,43.47354],[-1.55034,43.47357],[-1.55029,43.47357],[-1.55028,43.47357],[-1.55007,43.47357],[-1.54986,43.47357],[-1.54973,43.47357],[-1.54967,43.47357],[-1.54959,43.47357],[-1.54958,43.47357],[-1.54958,43.47343],[-1.54959,43.47341],[-1.54958,43.47334],[-1.54935,43.4731],[-1.54939,43.47308],[-1.54945,43.47305],[-1.54966,43.47295],[-1.55026,43.47272]]]]},"geometry_name":"the_geom","properties":{"libelle":"UC","libelong":"UC","typezone":"U"}},{"type":"Feature","id":"zone_urba.3130389","geometry":{"type":"MultiPolygon","coordinates":[[[[-1.55793,43.47971],[-1.55761,43.4797],[-1.5576,43.47978],[-1.55728,43.47977],[-1.55729,43.47967],[-1.55722,43.47967],[-1.55722,43.47964],[-1.55721,43.47963],[-1.5571,43.47962],[-1.5571,43.47959],[-1.55711,43.47952],[-1.55715,43.4792],[-1.55717,43.47901],[-1.55726,43.47896],[-1.55729,43.47877],[-1.55767,43.47871],[-1.55767,43.47874],[-1.55762,43.47916],[-1.55854,43.47922],[-1.55883,43.4792],[-1.55899,43.47916],[-1.55896,43.47908],[-1.55886,43.47887],[-1.55897,43.47885],[-1.55889,43.47865],[-1.55882,43.47848],[-1.55914,43.47841],[-1.55918,43.4784],[-1.55918,43.47839],[-1.55923,43.47839],[-1.55924,43.47836],[-1.5593,43.47822],[-1.55923,43.47821],[-1.55925,43.47817],[-1.55928,43.47814],[-1.55961,43.47823],[-1.5596,43.47827],[-1.55959,43.4784],[-1.55959,43.47844],[-1.55959,43.47857],[-1.55959,43.47862],[-1.55959,43.47864],[-1.5596,43.4787],[-1.5596,43.47871],[-1.55962,43.47881],[-1.55963,43.47883],[-1.55967,43.47883],[-1.55989,43.47884],[-1.55996,43.47882],[-1.55999,43.47901],[-1.56056,43.47905],[-1.56047,43.48004],[-1.55887,43.47996],[-1.55861,43.47994],[-1.55865,43.47973],[-1.55848,43.47973],[-1.55804,43.47971],[-1.558,43.47971],[-1.55793,43.47971]]]]},"geometry_name":"the_geom","properties":{"libelle":"UG","libelong":"UG","typezone":"U"}},{"type":"Feature","id":"zone_urba.3130306","geometry":{"type":"MultiPolygon","coordinates":[[[[-1.54739,43.481],[-1.5474,43.48077],[-1.5474,43.48071],[-1.5474,43.48064],[-1.54741,43.48057],[-1.54741,43.48044],[-1.54741,43.4804],[-1.54742,43.48028],[-1.54742,43.48023],[-1.54742,43.48015],[-1.54742,43.48011],[-1.54715,43.48013],[-1.54714,43.48009],[-1.54706,43.47984],[-1.547,43.47968],[-1.54684,43.47941],[-1.54681,43.47929],[-1.54679,43.47919],[-1.54677,43.47908],[-1.54677,43.47906],[-1.54676,43.47899],[-1.54803,43.47838],[-1.54867,43.4781],[-1.54919,43.47792],[-1.5492,43.47796],[-1.54927,43.47823],[-1.54932,43.47845],[-1.54937,43.47866],[-1.54937,43.47869],[-1.54901,43.47936],[-1.54896,43.47946],[-1.54898,43.47992],[-1.54898,43.47997],[-1.54877,43.47999],[-1.54884,43.48027],[-1.54889,43.48027],[-1.54903,43.48025],[-1.54929,43.48023],[-1.54949,43.48022],[-1.54953,43.48031],[-1.5496,43.48029],[-1.55,43.48018],[-1.55033,43.4801],[-1.55058,43.48003],[-1.55069,43.48],[-1.55069,43.48002],[-1.55069,43.48018],[-1.5507,43.48025],[-1.55071,43.48056],[-1.55071,43.48062],[-1.55072,43.48087],[-1.55072,43.48102],[-1.55039,43.48114],[-1.55008,43.48125],[-1.5497,43.48139],[-1.54964,43.48141],[-1.54964,43.48133],[-1.54965,43.48114],[-1.54966,43.48098],[-1.54968,43.48098],[-1.54969,43.48082],[-1.5497,43.48082],[-1.54969,43.48078],[-1.54966,43.48078],[-1.54932,43.48084],[-1.54911,43.48089],[-1.54891,43.48096],[-1.54896,43.48109],[-1.54897,43.48122],[-1.54895,43.48132],[-1.54883,43.48145],[-1.54877,43.48154],[-1.54874,43.48176],[-1.54854,43.48184],[-1.54819,43.48178],[-1.54795,43.48171],[-1.54762,43.48159],[-1.54737,43.48151],[-1.54737,43.48144],[-1.54737,43.48144],[-1.54737,43.48133],[-1.54737,43.48129],[-1.54738,43.48109],[-1.54739,43.481]]]]},"geometry_name":"the_geom","properties":{"libelle":"UH","libelong":"UH","typezone":"U"}},{"type":"Feature","id":"zone_urba.3130392","geometry":{"type":"MultiPolygon","coordinates":[[[[-1.56222,43.47808],[-1.5623,43.47759],[-1.56343,43.47762],[-1.56406,43.47765],[-1.56391,43.47826],[-1.56222,43.47808]]]]},"geometry_name":"the_geom","properties":{"libelle":"UD","libelong":"UD","typezone":"U"}},{"type":"Feature","id":"zone_urba.3130345","geometry":{"type":"MultiPolygon","coordinates":[[[[-1.53493,43.46437],[-1.53511,43.46342],[-1.53528,43.4625],[-1.53561,43.46257],[-1.53582,43.46264],[-1.53735,43.46318],[-1.53741,43.46319],[-1.5377,43.46329],[-1.53796,43.46282],[-1.53846,43.463],[-1.53863,43.46306],[-1.53821,43.464],[-1.53796,43.46401],[-1.53776,43.46404],[-1.53753,43.4641],[-1.53727,43.46421],[-1.53724,43.46424],[-1.53716,43.46424],[-1.53571,43.46433],[-1.53528,43.46437],[-1.53492,43.4644],[-1.53493,43.46437]]]]},"geometry_name":"the_geom","properties":{"libelle":"UG","libelong":"UG","typezone":"U"}},{"type":"Feature","id":"zone_urba.3130314","geometry":{"type":"MultiPolygon","coordinates":[[[[-1.56882,43.4662],[-1.5683,43.46641],[-1.56792,43.46649],[-1.5676,43.46655],[-1.56743,43.4667],[-1.56725,43.46685],[-1.56723,43.46683],[-1.56725,43.46681],[-1.56721,43.46653],[-1.5672,43.46649],[-1.56736,43.46652],[-1.56731,43.46627],[-1.56721,43.46584],[-1.56721,43.46583],[-1.56752,43.46587],[-1.56787,43.46592],[-1.56792,43.46593],[-1.56821,43.46598],[-1.56825,43.46598],[-1.56851,43.46603],[-1.56855,43.46603],[-1.56899,43.46611],[-1.56882,43.4662]]]]},"geometry_name":"the_geom","properties":{"libelle":"UDi","libelong":"UDi","typezone":"U"}},{"type":"Feature","id":"zone_urba.3130360","geometry":{"type":"MultiPolygon","coordinates":[[[[-1.56725,43.46685],[-1.56726,43.46685],[-1.56725,43.46685],[-1.56726,43.4669],[-1.56717,43.46689],[-1.56662,43.46687],[-1.56661,43.46682],[-1.56659,43.46668],[-1.56649,43.46666],[-1.56589,43.4666],[-1.56543,43.46654],[-1.56504,43.46651],[-1.565,43.46671],[-1.56469,43.46668],[-1.56437,43.46665],[-1.564,43.46662],[-1.56403,43.46652],[-1.56385,43.46647],[-1.56367,43.46642],[-1.56334,43.46651],[-1.563,43.46654],[-1.56298,43.46654],[-1.56268,43.46628],[-1.5624,43.46624],[-1.56214,43.4662],[-1.56181,43.46616],[-1.56172,43.46615],[-1.56114,43.46609],[-1.56114,43.46624],[-1.56078,43.46625],[-1.56006,43.46627],[-1.55936,43.46616],[-1.55929,43.46615],[-1.55907,43.46612],[-1.55882,43.4661],[-1.55858,43.46607],[-1.55832,43.46604],[-1.55807,43.46601],[-1.5581,43.46549],[-1.5577,43.46546],[-1.55754,43.46544],[-1.55743,43.46594],[-1.55711,43.46591],[-1.55704,43.4659],[-1.55702,43.4659],[-1.55709,43.46576],[-1.55687,43.46572],[-1.55727,43.46512],[-1.55679,43.46504],[-1.55633,43.46497],[-1.55637,43.46484],[-1.55602,43.46477],[-1.55609,43.46462],[-1.5561,43.46458],[-1.55612,43.46455],[-1.55612,43.46454],[-1.55614,43.4645],[-1.55623,43.46429],[-1.55642,43.46435],[-1.55646,43.46435],[-1.55661,43.46433],[-1.55673,43.46432],[-1.55748,43.46424],[-1.55774,43.46432],[-1.55778,43.46434],[-1.55792,43.46438],[-1.55812,43.46444],[-1.55876,43.46442],[-1.5588,43.4646],[-1.55934,43.46459],[-1.55947,43.4646],[-1.55952,43.4646],[-1.55952,43.46464],[-1.55951,43.4648],[-1.55979,43.46478],[-1.56005,43.46476],[-1.5601,43.46475],[-1.56046,43.46473],[-1.56072,43.46471],[-1.56111,43.46464],[-1.5611,43.46462],[-1.5611,43.46458],[-1.5611,43.46458],[-1.56156,43.46478],[-1.56162,43.46489],[-1.5619,43.46493],[-1.56221,43.46497],[-1.56221,43.46497],[-1.56229,43.46498],[-1.56241,43.46497],[-1.56245,43.46497],[-1.56259,43.46481],[-1.56261,43.46476],[-1.56271,43.46471],[-1.56291,43.46476],[-1.56323,43.46483],[-1.5633,43.46484],[-1.56332,43.46484],[-1.56338,43.46485],[-1.56355,43.4648],[-1.56404,43.46458],[-1.56412,43.46472],[-1.56433,43.46463],[-1.56438,43.46469],[-1.56459,43.4647],[-1.5647,43.46478],[-1.56473,43.46477],[-1.56489,43.46486],[-1.56496,43.46484],[-1.56516,43.46496],[-1.56513,43.465],[-1.56551,43.46502],[-1.56553,43.46502],[-1.56582,43.46503],[-1.56613,43.46504],[-1.5663,43.46504],[-1.5663,43.46501],[-1.56659,43.46509],[-1.56708,43.46522],[-1.56711,43.46537],[-1.56714,43.46553],[-1.56721,43.46581],[-1.56721,43.46583],[-1.56721,43.46584],[-1.56731,43.46627],[-1.56736,43.46652],[-1.5672,43.46649],[-1.56721,43.46653],[-1.56725,43.46681],[-1.56723,43.46683],[-1.56725,43.46685]]]]},"geometry_name":"the_geom","properties":{"libelle":"Ncu","libelong":"Ncu","typezone":"N"}},{"type":"Feature","id":"zone_urba.3130380","geometry":{"type":"MultiPolygon","coordinates":[[[[-1.57164,43.46662],[-1.57164,43.46657],[-1.57134,43.4666],[-1.57129,43.46642],[-1.57109,43.46645],[-1.57108,43.46642],[-1.57099,43.46641],[-1.571,43.46644],[-1.57088,43.46645],[-1.57089,43.46652],[-1.57082,43.46652],[-1.57082,43.46651],[-1.57074,43.46652],[-1.57045,43.46644],[-1.57037,43.46642],[-1.57035,43.46641],[-1.57031,43.4664],[-1.56972,43.46627],[-1.56956,43.46623],[-1.56912,43.46613],[-1.56905,43.46612],[-1.56899,43.46611],[-1.56927,43.46597],[-1.56969,43.46576],[-1.57011,43.46555],[-1.57039,43.46544],[-1.5704,43.46543],[-1.57049,43.46543],[-1.57073,43.46542],[-1.57097,43.46541],[-1.57111,43.4654],[-1.57136,43.46537],[-1.57145,43.46532],[-1.57149,43.46529],[-1.57173,43.4653],[-1.57175,43.46531],[-1.57179,43.46536],[-1.57184,43.46542],[-1.5719,43.46548],[-1.57194,43.46555],[-1.572,43.46564],[-1.57204,43.46569],[-1.57207,43.46575],[-1.5721,43.46585],[-1.57213,43.46595],[-1.57215,43.46602],[-1.57215,43.4661],[-1.57215,43.46618],[-1.57213,43.46626],[-1.57211,43.46634],[-1.57208,43.4664],[-1.57205,43.46646],[-1.57201,43.46652],[-1.5719,43.46666],[-1.57173,43.46691],[-1.5717,43.46695],[-1.57166,43.46672],[-1.57166,43.46672],[-1.57165,43.46669],[-1.57164,43.46666],[-1.57164,43.46663],[-1.57164,43.46662]]]]},"geometry_name":"the_geom","properties":{"libelle":"UG","libelong":"UG","typezone":"U"}},{"type":"Feature","id":"zone_urba.3130313","geometry":{"type":"MultiPolygon","coordinates":[[[[-1.5717,43.46695],[-1.57153,43.46696],[-1.57117,43.46703],[-1.57081,43.46707],[-1.57055,43.46711],[-1.57047,43.46714],[-1.57042,43.46708],[-1.57046,43.46707],[-1.57044,43.46697],[-1.57045,43.46697],[-1.57045,43.46697],[-1.57046,43.46696],[-1.57046,43.46696],[-1.57046,43.46696],[-1.57047,43.46695],[-1.57047,43.46695],[-1.57047,43.46695],[-1.57047,43.46695],[-1.57047,43.46694],[-1.57048,43.46694],[-1.57048,43.46694],[-1.57048,43.46694],[-1.57048,43.46694],[-1.57048,43.46694],[-1.57048,43.46693],[-1.57048,43.46693],[-1.57048,43.46693],[-1.57048,43.46693],[-1.57048,43.46693],[-1.57048,43.46693],[-1.57048,43.46687],[-1.57045,43.46654],[-1.57064,43.46653],[-1.57064,43.46653],[-1.5707,43.46652],[-1.57074,43.46652],[-1.57082,43.46651],[-1.57082,43.46652],[-1.57089,43.46652],[-1.57088,43.46645],[-1.571,43.46644],[-1.57099,43.46641],[-1.57108,43.46642],[-1.57109,43.46645],[-1.57129,43.46642],[-1.57134,43.4666],[-1.57164,43.46657],[-1.57164,43.46662],[-1.57164,43.46663],[-1.57164,43.46666],[-1.57165,43.46669],[-1.57166,43.46672],[-1.57166,43.46672],[-1.5717,43.46695]]]]},"geometry_name":"the_geom","properties":{"libelle":"UDi","libelong":"UDi","typezone":"U"}},{"type":"Feature","id":"zone_urba.3130386","geometry":{"type":"MultiPolygon","coordinates":[[[[-1.57177,43.46524],[-1.57183,43.46515],[-1.57197,43.46515],[-1.57219,43.46508],[-1.57269,43.46492],[-1.57296,43.46481],[-1.57307,43.46476],[-1.57331,43.46457],[-1.57388,43.46408],[-1.57415,43.46382],[-1.57514,43.46314],[-1.57543,43.46293],[-1.57599,43.46253],[-1.57596,43.46261],[-1.57579,43.463],[-1.57577,43.46307],[-1.57521,43.46437],[-1.57486,43.4652],[-1.57475,43.46547],[-1.57468,43.46588],[-1.57471,43.46604],[-1.57468,43.46633],[-1.57463,43.46637],[-1.57462,43.4664],[-1.57468,43.46641],[-1.57469,43.46657],[-1.57471,43.46661],[-1.57472,43.46662],[-1.57472,43.46666],[-1.5747,43.46671],[-1.57467,43.46676],[-1.57407,43.46686],[-1.57364,43.46705],[-1.57309,43.46745],[-1.57301,43.46747],[-1.573,43.46747],[-1.57296,43.46748],[-1.57295,43.46748],[-1.57293,43.46748],[-1.57292,43.46749],[-1.57277,43.46752],[-1.57277,43.46759],[-1.57267,43.46764],[-1.57259,43.46766],[-1.57262,43.46768],[-1.57262,43.46768],[-1.57257,43.46774],[-1.57204,43.46739],[-1.57176,43.4672],[-1.57156,43.4671],[-1.5717,43.46695],[-1.57173,43.46691],[-1.5719,43.46666],[-1.57201,43.46652],[-1.57205,43.46646],[-1.57208,43.4664],[-1.57211,43.46634],[-1.57213,43.46626],[-1.57215,43.46618],[-1.57215,43.4661],[-1.57215,43.46602],[-1.57213,43.46595],[-1.5721,43.46585],[-1.57207,43.46575],[-1.57204,43.46569],[-1.572,43.46564],[-1.57194,43.46555],[-1.5719,43.46548],[-1.57184,43.46542],[-1.57179,43.46536],[-1.57177,43.46524]]]]},"geometry_name":"the_geom","properties":{"libelle":"N","libelong":"N","typezone":"N"}}]}