{"type": "FeatureCollection", "features": [{"type": "Feature", "id": "zone_urba.3130320", "geometry": {"type": "MultiPolygon", "coordinates": [[[[-1.56524804, 43.46239909], [-1.56533723, 43.46235381], [-1.56547598, 43.46230615], [-1.5663107, 43.46206942], [-1.56635252, 43.46200627], [-1.56657971, 43.46195787], [-1.56784002, 43.46174709], [-1.56890929, 43.46135313], [-1.56929128, 43.46132274], [-1.56938879, 43.46130883], [-1.56946914, 43.4613836], [-1.56932599, 43.46184411], [-1.56925888, 43.46190459], [-1.56862039, 43.46235394], [-1.56830314, 43.46229495], [-1.5681311, 43.46225164], [-1.5681329, 43.4622834], [-1.56813753, 43.46231349], [-1.56816727, 43.4628622], [-1.56819311, 43.4633769], [-1.56805341, 43.46336233], [-1.56778518, 43.46333195], [-1.56630188, 43.46316403], [-1.56593929, 43.46312287], [-1.5659581, 43.46307993], [-1.56600757, 43.46293518], [-1.56606447, 43.46276418], [-1.56614058, 43.46255536], [-1.56607746, 43.46254371], [-1.56586959, 43.46250949], [-1.56562485, 43.46247547], [-1.56551186, 43.46245885], [-1.56544385, 43.46244802], [-1.56531607, 43.46242739], [-1.56523015, 43.46241928], [-1.56524804, 43.46239909]]]]}, "geometry_name": "the_geom", "properties": {"gid": 3130320, "gpu_doc_id": "6345e561e148d0d60d85340d4b826649", "gpu_status": "production", "gpu_timestamp": "2025-10-08T08:09:54.942Z", "partition": "DU_64122", "libelle": "UDt", "libelong": "UDt", "typezone": "U", "destdomi": null, "nomfic": "64122_reglement_20250927.pdf#UD", "urlfic": "", "insee": null, "datappro": null, "datvalid": "20170923", "idurba": "64122_PLU_20250927", "idzone": null, "lib_idzone": "", "formdomi": null, "destoui": null, "destcdt": null, "destnon": null, "symbole": null}}, {"type": "Feature", "id": "zone_urba.3130235", "geometry": {"type": "MultiPolygon", "coordinates": [[[[-1.56988146, 43.46155265], [-1.56982, 43.46152182], [-1.56971947, 43.46147163], [-1.56958706, 43.4613907], [-1.56949811, 43.4613232], [-1.56938879, 43.46130883], [-1.56931945, 43.46111156], [-1.56931893, 43.46093165], [-1.56939244, 43.46094426], [-1.56976072, 43.46100034], [-1.57007264, 43.46104755], [-1.57011822, 43.46096191], [-1.57029212, 43.46094906], [-1.57057742, 43.4609363], [-1.57075161, 43.46092903], [-1.57081848, 43.46092619], [-1.57116263, 43.46091777], [-1.57124609, 43.46093609], [-1.57120501, 43.46103951], [-1.57120299, 43.46106628], [-1.57132178, 43.46105585], [-1.57145659, 43.46106723], [-1.57153432, 43.46110798], [-1.57161281, 43.46117173], [-1.57174843, 43.4612248], [-1.57187681, 43.46125582], [-1.57197129, 43.46126489], [-1.57208442, 43.46126002], [-1.57210048, 43.46125608], [-1.57219306, 43.46123925], [-1.57223477, 43.46123089], [-1.5722826, 43.4612496], [-1.57237084, 43.46128269], [-1.57243637, 43.46130053], [-1.57254765, 43.46133458], [-1.57261966, 43.46138518], [-1.57267388, 43.46141824], [-1.57274957, 43.46143542], [-1.57282383, 43.46140996], [-1.57288278, 43.46137859], [-1.57295067, 43.461334], [-1.57283744, 43.46164323], [-1.57276859, 43.46183553], [-1.57269843, 43.46202745], [-1.57257563, 43.46236668], [-1.57251828, 43.46253221], [-1.57249863, 43.46258458], [-1.5706796, 43.46262451], [-1.5706462, 43.46213596], [-1.57056701, 43.46187898], [-1.5704245, 43.4618175], [-1.56988146, 43.46155265]]]]}, "geometry_name": "the_geom", "properties": {"gid": 3130235, "gpu_doc_id": "6345e561e148d0d60d85340d4b826649", "gpu_status": "production", "gpu_timestamp": "2025-10-08T08:09:54.942Z", "partition": "DU_64122", "libelle": "Ng", "libelong": "Ng", "typezone": "N", "destdomi": null, "nomfic": "64122_reglement_20250927.pdf#N", "urlfic": "", "insee": null, "datappro": null, "datvalid": "20170923", "idurba": "64122_PLU_20250927", "idzone": null, "lib_idzone": "", "formdomi": null, "destoui": null, "destcdt": null, "destnon": null, "symbole": null}}, {"type": "Feature", "id": "zone_urba.3130247", "geometry": {"type": "MultiPolygon", "coordinates": [[[[-1.5592767, 43.46271509], [-1.55890778, 43.46239885], [-1.55870241, 43.46222617], [-1.55854265, 43.46210652], [-1.55848513, 43.46207622], [-1.55820147, 43.4619519], [-1.55808172, 43.46189266], [-1.55798694, 43.46183797], [-1.55783308, 43.46171608], [-1.55764577, 43.46154797], [-1.55748325, 43.46140137], [-1.55724249, 43.461194], [-1.55703379, 43.46101456], [-1.55715703, 43.46052621], [-1.55719728, 43.46045876], [-1.55771912, 43.45994268], [-1.55773352, 43.45997149], [-1.55775629, 43.46001133], [-1.55797021, 43.46038581], [-1.55814814, 43.46069752], [-1.55919913, 43.4606984], [-1.55917876, 43.46078709], [-1.5590711, 43.46125678], [-1.55913132, 43.46125457], [-1.55916737, 43.46125332], [-1.55921627, 43.46125193], [-1.55925493, 43.46125094], [-1.55929594, 43.46124995], [-1.55932166, 43.46124956], [-1.55936287, 43.46124947], [-1.55940298, 43.46124977], [-1.55942726, 43.46125007], [-1.55945798, 43.46125048], [-1.55948648, 43.46125088], [-1.55952525, 43.46125142], [-1.55956378, 43.46125197], [-1.55959487, 43.46125245], [-1.55963873, 43.46125306], [-1.55969313, 43.46125398], [-1.5597214, 43.46125475], [-1.55974981, 43.4612557], [-1.55978568, 43.46125707], [-1.55982241, 43.46125841], [-1.55987132, 43.46126035], [-1.55988683, 43.46126091], [-1.5599335, 43.46126276], [-1.55996427, 43.46126389], [-1.55999245, 43.46126502], [-1.56002894, 43.46126646], [-1.56005491, 43.46126778], [-1.56008104, 43.46126972], [-1.56012264, 43.4612733], [-1.56016288, 43.46127694], [-1.56018893, 43.46127942], [-1.56021136, 43.46128151], [-1.56076186, 43.46074617], [-1.56110249, 43.46083662], [-1.56053631, 43.46136574], [-1.56072667, 43.46144068], [-1.56075355, 43.46142105], [-1.56077837, 43.46140375], [-1.56080569, 43.46138509], [-1.56083612, 43.46136496], [-1.56086009, 43.46134949], [-1.56088267, 43.46133544], [-1.56091855, 43.46131373], [-1.56094297, 43.46129934], [-1.56097277, 43.46128238], [-1.56099118, 43.4612721], [-1.56102639, 43.46125303], [-1.56105653, 43.46123733], [-1.56108396, 43.46122344], [-1.56111954, 43.46120599], [-1.56115133, 43.46119094], [-1.56120041, 43.46116871], [-1.56122535, 43.46115799], [-1.56125653, 43.46114468], [-1.56128332, 43.46113379], [-1.56149478, 43.46121953], [-1.56119947, 43.46164535], [-1.56147017, 43.4617538], [-1.56132429, 43.46254032], [-1.5610522, 43.46251459], [-1.56075345, 43.4624863], [-1.56027384, 43.46244092], [-1.56012453, 43.4624269], [-1.56010718, 43.46243805], [-1.56008498, 43.46245236], [-1.56005054, 43.46247518], [-1.56002251, 43.46249423], [-1.55999771, 43.4625118], [-1.55997811, 43.46252618], [-1.55995691, 43.46254225], [-1.55993383, 43.46255967], [-1.55991474, 43.46257421], [-1.55989201, 43.46259143], [-1.55987418, 43.46260782], [-1.55985394, 43.46262683], [-1.55983612, 43.46264511], [-1.55981913, 43.46266616], [-1.55980434, 43.46268865], [-1.55979309, 43.46270865], [-1.55978235, 43.46273062], [-1.55977346, 43.46275252], [-1.55975929, 43.46278825], [-1.5592767, 43.46271509]]]]}, "geometry_name": "the_geom", "properties": {"gid": 3130247, "gpu_doc_id": "6345e561e148d0d60d85340d4b826649", "gpu_status": "production", "gpu_timestamp": "2025-10-08T08:09:54.942Z", "partition": "DU_64122", "libelle": "Na", "libelong": "Na", "typezone": "N", "destdomi": null, "nomfic": "64122_reglement_20250927.pdf#N", "urlfic": "", "insee": null, "datappro": null, "datvalid": "20170923", "idurba": "64122_PLU_20250927", "idzone": null, "lib_idzone": "", "formdomi": null, "destoui": null, "destcdt": null, "destnon": null, "symbole": null}}, {"type": "Feature", "id": "zone_urba.3130249", "geometry": {"type": "MultiPolygon", "coordinates": [[[[-1.57067741, 43.46397763], [-1.57067372, 43.46391576], [-1.57080847, 43.46391231], [-1.57112092, 43.46392002], [-1.57151776, 43.46392257], [-1.57152152, 43.46387843], [-1.57152962, 43.46378652], [-1.5715319, 43.46376074], [-1.57154957, 43.46362798], [-1.57155487, 43.46358801], [-1.57155929, 43.46355439], [-1.57156112, 43.46354089], [-1.57157592, 43.46342924], [-1.57157717, 43.46341955], [-1.5715964, 43.46327446], [-1.5717829, 43.46317186], [-1.57231807, 43.46331077], [-1.57233565, 43.46328495], [-1.57241129, 43.46313945], [-1.5724223, 43.4631163], [-1.5724346, 43.46309039], [-1.57244484, 43.46306852], [-1.57251928, 43.46292366], [-1.57251091, 43.46276801], [-1.57250089, 43.46262896], [-1.57249863, 43.46258458], [-1.57251828, 43.46253221], [-1.57257563, 43.46236668], [-1.57269843, 43.46202745], [-1.57276859, 43.46183553], [-1.57283744, 43.46164323], [-1.57295067, 43.461334], [-1.57288278, 43.46137859], [-1.57282383, 43.46140996], [-1.57274957, 43.46143542], [-1.57267388, 43.46141824], [-1.57261966, 43.46138518], [-1.57254765, 43.46133458], [-1.57243637, 43.46130053], [-1.57237084, 43.46128269], [-1.5722826, 43.4612496], [-1.57223477, 43.46123089], [-1.57219306, 43.46123925], [-1.57210048, 43.46125608], [-1.57208442, 43.46126002], [-1.57197129, 43.46126489], [-1.57187681, 43.46125582], [-1.57174843, 43.4612248], [-1.57161281, 43.46117173], [-1.57153432, 43.46110798], [-1.57145659, 43.46106723], [-1.57132178, 43.46105585], [-1.57120299, 43.46106628], [-1.57120501, 43.46103951], [-1.57124609, 43.46093609], [-1.57116263, 43.46091777], [-1.57081848, 43.46092619], [-1.57100824, 43.46057927], [-1.57104851, 43.46050537], [-1.57105155, 43.46049976], [-1.5711799, 43.46053469], [-1.57130707, 43.46057048], [-1.57476196, 43.46152186], [-1.57487759, 43.46155378], [-1.57529054, 43.46166746], [-1.575496, 43.46172403], [-1.57559051, 43.46175002], [-1.5758833, 43.46183062], [-1.57636865, 43.46196432], [-1.57661721, 43.46203278], [-1.57664531, 43.4620667], [-1.57599076, 43.46253285], [-1.5754322, 43.46293263], [-1.57514216, 43.46313768], [-1.57509677, 43.4631001], [-1.57470618, 43.46306206], [-1.57463772, 43.46306829], [-1.57447411, 43.46307983], [-1.57446427, 43.46308067], [-1.57432379, 43.46309212], [-1.57414458, 43.4631068], [-1.57405313, 43.46311539], [-1.57402254, 43.46311823], [-1.57398232, 43.46312154], [-1.57385117, 43.46313206], [-1.57376666, 43.46313884], [-1.57363011, 43.46314994], [-1.57343353, 43.46316577], [-1.57340924, 43.46316871], [-1.5731848, 43.46319592], [-1.57315376, 43.46319959], [-1.57315699, 43.46321127], [-1.57308614, 43.46325852], [-1.57299951, 43.46331641], [-1.57271292, 43.46358993], [-1.57266759, 43.46363321], [-1.57243635, 43.46359521], [-1.57189603, 43.46470514], [-1.5718368, 43.46478288], [-1.57176886, 43.46485602], [-1.57172345, 43.46490799], [-1.57170961, 43.46485437], [-1.57168177, 43.4647967], [-1.57166166, 43.46477595], [-1.57164136, 43.46476269], [-1.57160203, 43.46474577], [-1.57152013, 43.46471054], [-1.57130905, 43.46462082], [-1.57110317, 43.46453335], [-1.57088515, 43.46445746], [-1.57080599, 43.4643431], [-1.57074851, 43.46422264], [-1.57067741, 43.46397763]]]]}, "geometry_name": "the_geom", "properties": {"gid": 3130249, "gpu_doc_id": "6345e561e148d0d60d85340d4b826649", "gpu_status": "production", "gpu_timestamp": "2025-10-08T08:09:54.942Z", "partition": "DU_64122", "libelle": "Ncu", "libelong": "Ncu", "typezone": "N", "destdomi": null, "nomfic": "64122_reglement_20250927.pdf#Ncu", "urlfic": "", "insee": null, "datappro": null, "datvalid": "20170923", "idurba": "64122_PLU_20250927", "idzone": null, "lib_idzone": "", "formdomi": null, "destoui": null, "destcdt": null, "destnon": null, "symbole": null}}, {"type": "Feature", "id": "zone_urba.3130259", "geometry": {"type": "MultiPolygon", "coordinates": [[[[-1.5592876, 43.45857928], [-1.55919763, 43.45851622], [-1.55877594, 43.45856987], [-1.55879347, 43.45848471], [-1.55871243, 43.45839038], [-1.55849349, 43.4582521], [-1.55849166, 43.45825091], [-1.55866826, 43.45815315], [-1.55914501, 43.45786358], [-1.55930318, 43.45764485], [-1.55990621, 43.45735803], [-1.56080137, 43.45712049], [-1.56114453, 43.45760496], [-1.56163675, 43.4578066], [-1.56172259, 43.45781369], [-1.56155603, 43.45790252], [-1.56115738, 43.45808905], [-1.56033122, 43.45857595], [-1.56034691, 43.45858985], [-1.55980675, 43.45880144], [-1.55958973, 43.45894322], [-1.55958261, 43.45888284], [-1.55941816, 43.45867057], [-1.5592876, 43.45857928]]]]}, "geometry_name": "the_geom", "properties": {"gid": 3130259, "gpu_doc_id": "6345e561e148d0d60d85340d4b826649", "gpu_status": "production", "gpu_timestamp": "2025-10-08T08:09:54.942Z", "partition": "DU_64122", "libelle": "Ng", "libelong": "Ng", "typezone": "N", "destdomi": null, "nomfic": "64122_reglement_20250927.pdf#N", "urlfic": "", "insee": null, "datappro": null, "datvalid": "20170923", "idurba": "64122_PLU_20250927", "idzone": null, "lib_idzone": "", "formdomi": null, "destoui": null, "destcdt": null, "destnon": null, "symbole": null}}, {"type": "Feature", "id": "zone_urba.3130258", "geometry": {"type": "MultiPolygon", "coordinates": [[[[-1.57011908, 43.46024941], [-1.57012323, 43.46024748], [-1.57022655, 43.46027556], [-1.57068914, 43.46040127], [-1.5708228, 43.4604377], [-1.57084602, 43.4604439], [-1.57105155, 43.46049976], [-1.57104851, 43.46050537], [-1.57100824, 43.46057927], [-1.57081848, 43.46092619], [-1.57075161, 43.46092903], [-1.57057742, 43.4609363], [-1.57029212, 43.46094906], [-1.57011822, 43.46096191], [-1.57007264, 43.46104755], [-1.56976072, 43.46100034], [-1.56939244, 43.46094426], [-1.56931893, 43.46093165], [-1.56934148, 43.46084087], [-1.56962573, 43.46053991], [-1.56979962, 43.46039456], [-1.57011908, 43.46024941]]]]}, "geometry_name": "the_geom", "properties": {"gid": 3130258, "gpu_doc_id": "6345e561e148d0d60d85340d4b826649", "gpu_status": "production", "gpu_timestamp": "2025-10-08T08:09:54.942Z", "partition": "DU_64122", "libelle": "UDa", "libelong": "UDa", "typezone": "U", "destdomi": null, "nomfic": "64122_reglement_20250927.pdf#UD", "urlfic": "", "insee": null, "datappro": null, "datvalid": "20170923", "idurba": "64122_PLU_20250927", "idzone": null, "lib_idzone": "", "formdomi": null, "destoui": null, "destcdt": null, "destnon": null, "symbole": null}}, {"type": "Feature", "id": "zone_urba.3130271", "geometry": {"type": "MultiPolygon", "coordinates": [[[[-1.54148284, 43.4641444], [-1.54129887, 43.46409896], [-1.5410379, 43.46414066], [-1.54089647, 43.46417112], [-1.54060206, 43.46423455], [-1.54057088, 43.46415802], [-1.54049278, 43.46396626], [-1.54078404, 43.46390205], [-1.54111108, 43.46382976], [-1.54118191, 43.4640068], [-1.54121931, 43.46400379], [-1.54125338, 43.46400101], [-1.54130871, 43.46400604], [-1.54137, 43.46400651], [-1.54140935, 43.46399486], [-1.54143928, 43.46397962], [-1.54146521, 43.46396201], [-1.54187267, 43.46334307], [-1.54191995, 43.46327143], [-1.54205949, 43.46306239], [-1.54213036, 43.46299866], [-1.54217659, 43.46297114], [-1.54218991, 43.46296395], [-1.54222025, 43.46294752], [-1.54214124, 43.46281019], [-1.54210232, 43.46274276], [-1.54191396, 43.46220977], [-1.54176494, 43.46171814], [-1.54174729, 43.46159552], [-1.54174151, 43.461555], [-1.54173697, 43.46152318], [-1.54176473, 43.46143708], [-1.54182591, 43.46136598], [-1.54202754, 43.46121164], [-1.54173642, 43.461076], [-1.54176577, 43.46096126], [-1.5417926, 43.460856], [-1.54124458, 43.46081215], [-1.54104755, 43.46079026], [-1.54127153, 43.46007876], [-1.54128351, 43.45998072], [-1.54128679, 43.45995976], [-1.54119298, 43.45995153], [-1.54054092, 43.45995613], [-1.54018296, 43.45996932], [-1.53945594, 43.46006677], [-1.53906434, 43.4601189], [-1.53906764, 43.46016259], [-1.53906765, 43.46017552], [-1.53911783, 43.46093129], [-1.53912756, 43.46107821], [-1.53894916, 43.46111805], [-1.53891509, 43.46112588], [-1.5385813, 43.46120212], [-1.53857565, 43.46120442], [-1.5385617, 43.46120984], [-1.53854623, 43.46120982], [-1.53854122, 43.46120902], [-1.53840171, 43.46118675], [-1.53801083, 43.46112427], [-1.53720518, 43.46097886], [-1.53712541, 43.46096451], [-1.53692434, 43.46092827], [-1.53692082, 43.46092759], [-1.53692056, 43.46094401], [-1.53687068, 43.46093894], [-1.53647041, 43.46108667], [-1.53642888, 43.46110065], [-1.53639299, 43.46111225], [-1.53586822, 43.46128165], [-1.53572777, 43.46135849], [-1.53549205, 43.46148729], [-1.53547353, 43.46149207], [-1.53548604, 43.46142632], [-1.53557924, 43.46092443], [-1.5358929, 43.46079535], [-1.53598536, 43.46075727], [-1.53621451, 43.46072661], [-1.53658391, 43.46061995], [-1.53658946, 43.46029278], [-1.53659285, 43.46009333], [-1.53659727, 43.45982606], [-1.53660043, 43.45973261], [-1.5365076, 43.45973008], [-1.53603027, 43.45971119], [-1.53589313, 43.45971262], [-1.53589013, 43.45971249], [-1.53593036, 43.45957558], [-1.53623265, 43.45918318], [-1.53626549, 43.45914015], [-1.53753196, 43.45927789], [-1.53830924, 43.4593645], [-1.53895832, 43.45938943], [-1.53895746, 43.4593563], [-1.53895771, 43.45934971], [-1.53897316, 43.45910608], [-1.53899061, 43.45887111], [-1.53900538, 43.45867329], [-1.5390105, 43.45860566], [-1.53940504, 43.45861932], [-1.53971871, 43.45863058], [-1.53973759, 43.45833497], [-1.53973869, 43.45831979], [-1.53979256, 43.45826205], [-1.53981224, 43.45824036], [-1.53989037, 43.45815435], [-1.5400442, 43.45814783], [-1.54024505, 43.45814136], [-1.54064306, 43.45812847], [-1.54061635, 43.45829205], [-1.54061568, 43.45829623], [-1.54082996, 43.45834232], [-1.54106782, 43.45839253], [-1.54106384, 43.45846399], [-1.54146914, 43.45855096], [-1.54157655, 43.45856908], [-1.54196464, 43.45863437], [-1.54229977, 43.45865298], [-1.54256845, 43.45862823], [-1.54271152, 43.45861511], [-1.54278218, 43.45860854], [-1.54302614, 43.45864751], [-1.54317517, 43.45867129], [-1.54329814, 43.45869087], [-1.54380095, 43.4587711], [-1.54380904, 43.45882487], [-1.54381287, 43.45910624], [-1.54381307, 43.45912047], [-1.54382001, 43.45915376], [-1.54382286, 43.45920642], [-1.54372273, 43.45922448], [-1.54391914, 43.45989246], [-1.54392995, 43.45993343], [-1.5439426, 43.45997922], [-1.54403446, 43.46029939], [-1.54397391, 43.46073348], [-1.5439223, 43.4609881], [-1.5438745, 43.46123419], [-1.54370484, 43.46121744], [-1.54355256, 43.46126329], [-1.54345839, 43.46129179], [-1.54312989, 43.46139083], [-1.5430804, 43.46140594], [-1.54269643, 43.46152313], [-1.54326061, 43.46178592], [-1.54372568, 43.4620025], [-1.54374957, 43.46201083], [-1.54377704, 43.46196251], [-1.54382355, 43.46184899], [-1.54392171, 43.46160958], [-1.54413393, 43.46161256], [-1.54442133, 43.46161664], [-1.54456876, 43.46161867], [-1.54489812, 43.46160108], [-1.5451056, 43.46168016], [-1.54562864, 43.46188399], [-1.54575423, 43.46193134], [-1.54599975, 43.46168135], [-1.5465158, 43.4611905], [-1.54660505, 43.46122815], [-1.54661704, 43.46123462], [-1.54662343, 43.46126231], [-1.54662757, 43.46131137], [-1.54662424, 43.46135306], [-1.5466108, 43.46139027], [-1.5465957, 43.46141854], [-1.54653897, 43.4615011], [-1.54643379, 43.46164768], [-1.5464242, 43.46169015], [-1.54642481, 43.46171988], [-1.54643266, 43.46174229], [-1.54644625, 43.46175689], [-1.54648998, 43.46177762], [-1.54650816, 43.46177077], [-1.54661653, 43.46181508], [-1.54659586, 43.4618433], [-1.54654784, 43.46190829], [-1.54660763, 43.46193839], [-1.54661021, 43.46194324], [-1.54619223, 43.4623451], [-1.54620869, 43.4624565], [-1.54575872, 43.46223871], [-1.54538886, 43.46249218], [-1.54532679, 43.46255295], [-1.54520585, 43.46250136], [-1.5451657, 43.4625431], [-1.54402841, 43.46368024], [-1.54397838, 43.46373027], [-1.54364797, 43.46406012], [-1.54342895, 43.46406789], [-1.54318232, 43.46407604], [-1.54309115, 43.46407925], [-1.54287505, 43.46421304], [-1.54255641, 43.4640855], [-1.54211435, 43.46393074], [-1.54199517, 43.46411231], [-1.54185526, 43.46425313], [-1.54185822, 43.46425463], [-1.54184147, 43.46427224], [-1.54148284, 43.4641444]]]]}, "geometry_name": "the_geom", "properties": {"gid": 3130271, "gpu_doc_id": "6345e561e148d0d60d85340d4b826649", "gpu_status": "production", "gpu_timestamp": "2025-10-08T08:09:54.942Z", "partition": "DU_64122", "libelle": "UY", "libelong": "UY", "typezone": "U", "destdomi": null, "nomfic": "64122_reglement_20250927.pdf#UY", "urlfic": "", "insee": null, "datappro": null, "datvalid": "20170923", "idurba": "64122_PLU_20250927", "idzone": null, "lib_idzone": "", "formdomi": null, "destoui": null, "destcdt": null, "destnon": null, "symbole": null}}, {"type": "Feature", "id": "zone_urba.3130377", "geometry": {"type": "MultiPolygon", "coordinates": [[[[-1.53587731, 43.45975615], [-1.53589013, 43.45971249], [-1.53589313, 43.45971262], [-1.53603027, 43.45971119], [-1.5365076, 43.45973008], [-1.53660043, 43.45973261], [-1.53659727, 43.45982606], [-1.53659285, 43.46009333], [-1.53658946, 43.46029278], [-1.53658391, 43.46061995], [-1.53621451, 43.46072661], [-1.53598536, 43.46075727], [-1.5358929, 43.46079535], [-1.53557924, 43.46092443], [-1.53565508, 43.4606356], [-1.5357024, 43.46045444], [-1.53576153, 43.46022901], [-1.53587294, 43.4598041], [-1.53587731, 43.45975615]]]]}, "geometry_name": "the_geom", "properties": {"gid": 3130377, "gpu_doc_id": "6345e561e148d0d60d85340d4b826649", "gpu_status": "production", "gpu_timestamp": "2025-10-08T08:09:54.942Z", "partition": "DU_64122", "libelle": "UDa", "libelong": "UDa", "typezone": "U", "destdomi": null, "nomfic": "64122_reglement_20250927.pdf#UD", "urlfic": "", "insee": null, "datappro": null, "datvalid": "20170923", "idurba": "64122_PLU_20250927", "idzone": null, "lib_idzone": "", "formdomi": null, "destoui": null, "destcdt": null, "destnon": null, "symbole": null}}, {"type": "Feature", "id": "zone_urba.3130274", "geometry": {"type": "MultiPolygon", "coordinates": [[[[-1.56243882, 43.45965302], [-1.56247302, 43.4595983], [-1.56290369, 43.45958466], [-1.5631358, 43.4595753], [-1.56339705, 43.45956082], [-1.56389341, 43.45944252], [-1.56401917, 43.45941447], [-1.56413944, 43.45933418], [-1.56437837, 43.45921325], [-1.5645217, 43.45910171], [-1.56483834, 43.45895372], [-1.56551421, 43.45890937], [-1.56561371, 43.45891444], [-1.56606009, 43.45893272], [-1.56623949, 43.4589421], [-1.56624126, 43.45892941], [-1.56647705, 43.45893828], [-1.56648277, 43.45893868], [-1.56650567, 43.45894048], [-1.56652049, 43.45894169], [-1.56655789, 43.45893736], [-1.56660181, 43.45905342], [-1.56666784, 43.45914081], [-1.5668036, 43.45921566], [-1.56698897, 43.45929103], [-1.5672352, 43.45930321], [-1.56743961, 43.45932472], [-1.56743039, 43.45934364], [-1.56718014, 43.45980836], [-1.56689783, 43.46029122], [-1.56677099, 43.46050916], [-1.56656781, 43.46072936], [-1.56626103, 43.4609322], [-1.56594444, 43.46104936], [-1.56534974, 43.46116736], [-1.56502656, 43.46121507], [-1.56470974, 43.46123211], [-1.5626233, 43.46105446], [-1.56203998, 43.46056679], [-1.5619273, 43.46047322], [-1.56243882, 43.45965302]]]]}, "geometry_name": "the_geom", "properties": {"gid": 3130274, "gpu_doc_id": "6345e561e148d0d60d85340d4b826649", "gpu_status": "production", "gpu_timestamp": "2025-10-08T08:09:54.942Z", "partition": "DU_64122", "libelle": "Na", "libelong": "Na", "typezone": "N", "destdomi": null, "nomfic": "64122_reglement_20250927.pdf#N", "urlfic": "", "insee": null, "datappro": null, "datvalid": "20170923", "idurba": "64122_PLU_20250927", "idzone": null, "lib_idzone": "", "formdomi": null, "destoui": null, "destcdt": null, "destnon": null, "symbole": null}}, {"type": "Feature", "id": "zone_urba.3130280", "geometry": {"type": "MultiPolygon", "coordinates": [[[[-1.55945516, 43.45934036], [-1.55952161, 43.45923026], [-1.55955774, 43.45908778], [-1.55958973, 43.45894322], [-1.55980675, 43.45880144], [-1.56034691, 43.45858985], [-1.56037025, 43.45862095], [-1.56045521, 43.45873725], [-1.56066167, 43.45894191], [-1.56067756, 43.4589575], [-1.56070077, 43.45897999], [-1.56083542, 43.45911293], [-1.5605661, 43.45920197], [-1.56053708, 43.45921105], [-1.56053225, 43.45920277], [-1.5604817, 43.45921857], [-1.56043116, 43.45923436], [-1.5604152, 43.45923941], [-1.56042847, 43.45928468], [-1.56052533, 43.45961591], [-1.56031981, 43.45967786], [-1.56024103, 43.45970162], [-1.56007945, 43.4597503], [-1.55983908, 43.45982273], [-1.55957535, 43.45990222], [-1.55931259, 43.4599814], [-1.5590387, 43.4600639], [-1.55877533, 43.46014319], [-1.5585122, 43.46022257], [-1.55824895, 43.46030185], [-1.55797021, 43.46038581], [-1.55775629, 43.46001133], [-1.55773352, 43.45997149], [-1.55771912, 43.45994268], [-1.55937783, 43.4593832], [-1.55945516, 43.45934036]]]]}, "geometry_name": "the_geom", "properties": {"gid": 3130280, "gpu_doc_id": "6345e561e148d0d60d85340d4b826649", "gpu_status": "production", "gpu_timestamp": "2025-10-08T08:09:54.942Z", "partition": "DU_64122", "libelle": "UDa", "libelong": "UDa", "typezone": "U", "destdomi": null, "nomfic": "64122_reglement_20250927.pdf#UD", "urlfic": "", "insee": null, "datappro": null, "datvalid": "20170923", "idurba": "64122_PLU_20250927", "idzone": null, "lib_idzone": "", "formdomi": null, "destoui": null, "destcdt": null, "destnon": null, "symbole": null}}, {"type": "Feature", "id": "zone_urba.3130299", "geometry": {"type": "MultiPolygon", "coordinates": [[[[-1.55076906, 43.46362955], [-1.55072195, 43.46363014], [-1.55066276, 43.46363473], [-1.55060895, 43.46364344], [-1.55054786, 43.4636573], [-1.55049252, 43.46367526], [-1.55045247, 43.46369091], [-1.55041792, 43.46370552], [-1.55036711, 43.46373132], [-1.55033573, 43.46375319], [-1.55025276, 43.46374964], [-1.55005257, 43.46374321], [-1.54990045, 43.46373796], [-1.54946355, 43.46372106], [-1.54935423, 43.46371692], [-1.54908486, 43.46370641], [-1.54900873, 43.46370375], [-1.54909764, 43.46352563], [-1.54913647, 43.46352875], [-1.54908624, 43.46327313], [-1.54907695, 43.46322665], [-1.54933702, 43.46316105], [-1.54929645, 43.46311564], [-1.54928775, 43.46310688], [-1.54906541, 43.46290968], [-1.54886943, 43.46273578], [-1.54905525, 43.46264001], [-1.54909088, 43.46262165], [-1.54901439, 43.46255328], [-1.5488971, 43.46244902], [-1.54883967, 43.46239791], [-1.54898154, 43.46221181], [-1.54904479, 43.46212876], [-1.54916817, 43.46196695], [-1.54929514, 43.46180439], [-1.54936077, 43.46172051], [-1.54953767, 43.46149394], [-1.5496301, 43.46157587], [-1.54967769, 43.46160329], [-1.54971683, 43.46162545], [-1.54978663, 43.46166524], [-1.54984131, 43.46170662], [-1.54985849, 43.46171965], [-1.54993389, 43.46177824], [-1.55009609, 43.46190236], [-1.55011933, 43.46192037], [-1.55030557, 43.46206482], [-1.55037324, 43.46211777], [-1.5504932, 43.46221138], [-1.55060381, 43.46229409], [-1.55075513, 43.46241341], [-1.55069576, 43.46245867], [-1.55061187, 43.46249876], [-1.55060673, 43.46250131], [-1.55062893, 43.46258054], [-1.55053529, 43.4626283], [-1.55056477, 43.4626691], [-1.55070958, 43.46289704], [-1.55073762, 43.46294118], [-1.55071213, 43.46294958], [-1.55075507, 43.46301766], [-1.55083931, 43.46299062], [-1.55104473, 43.46333614], [-1.55105137, 43.46334724], [-1.55113111, 43.46348238], [-1.55123573, 43.46365916], [-1.55126805, 43.46371423], [-1.55128188, 43.46377517], [-1.55122802, 43.46374853], [-1.55105102, 43.46367826], [-1.55098543, 43.46365841], [-1.55091521, 43.46364279], [-1.55088237, 43.46363886], [-1.55080737, 43.46363056], [-1.55076906, 43.46362955]]]]}, "geometry_name": "the_geom", "properties": {"gid": 3130299, "gpu_doc_id": "6345e561e148d0d60d85340d4b826649", "gpu_status": "production", "gpu_timestamp": "2025-10-08T08:09:54.942Z", "partition": "DU_64122", "libelle": "UDa", "libelong": "UDa", "typezone": "U", "destdomi": null, "nomfic": "64122_reglement_20250927.pdf#UD", "urlfic": "", "insee": null, "datappro": null, "datvalid": "20170923", "idurba": "64122_PLU_20250927", "idzone": null, "lib_idzone": "", "formdomi": null, "destoui": null, "destcdt": null, "destnon": null, "symbole": null}}, {"type": "Feature", "id": "zone_urba.3130301", "geometry": {"type": "MultiPolygon", "coordinates": [[[[-1.55104473, 43.46333614], [-1.55083931, 43.46299062], [-1.55075507, 43.46301766], [-1.55071213, 43.46294958], [-1.55073762, 43.46294118], [-1.55070958, 43.46289704], [-1.55056477, 43.4626691], [-1.55053529, 43.4626283], [-1.55062893, 43.46258054], [-1.55060673, 43.46250131], [-1.55061187, 43.46249876], [-1.55069576, 43.46245867], [-1.55075513, 43.46241341], [-1.55060381, 43.46229409], [-1.5504932, 43.46221138], [-1.55037324, 43.46211777], [-1.55030557, 43.46206482], [-1.55011933, 43.46192037], [-1.55009609, 43.46190236], [-1.54993389, 43.46177824], [-1.54985849, 43.46171965], [-1.54984131, 43.46170662], [-1.54978663, 43.46166524], [-1.54971683, 43.46162545], [-1.54967769, 43.46160329], [-1.5496301, 43.46157587], [-1.54953767, 43.46149394], [-1.54958617, 43.46143204], [-1.54960561, 43.46140718], [-1.54964907, 43.46135158], [-1.5499934, 43.46152105], [-1.55011232, 43.46159845], [-1.55066338, 43.46190421], [-1.55081007, 43.46200593], [-1.55100015, 43.46217777], [-1.55126041, 43.46249232], [-1.5515165, 43.4628514], [-1.5517613, 43.46328762], [-1.55177866, 43.46332145], [-1.55196768, 43.46363437], [-1.55186843, 43.46366139], [-1.55143083, 43.46379785], [-1.55134534, 43.46380655], [-1.55128188, 43.46377517], [-1.55126805, 43.46371423], [-1.55123573, 43.46365916], [-1.55113111, 43.46348238], [-1.55105137, 43.46334724], [-1.55104473, 43.46333614]]]]}, "geometry_name": "the_geom", "properties": {"gid": 3130301, "gpu_doc_id": "6345e561e148d0d60d85340d4b826649", "gpu_status": "production", "gpu_timestamp": "2025-10-08T08:09:54.942Z", "partition": "DU_64122", "libelle": "UDa*", "libelong": "UDa*", "typezone": "U", "destdomi": null, "nomfic": "64122_reglement_20250927.pdf#UD", "urlfic": "", "insee": null, "datappro": null, "datvalid": "20170923", "idurba": "64122_PLU_20250927", "idzone": null, "lib_idzone": "", "formdomi": null, "destoui": null, "destcdt": null, "destnon": null, "symbole": null}}, {"type": "Feature", "id": "zone_urba.3130344", "geometry": {"type": "MultiPolygon", "coordinates": [[[[-1.54859373, 43.46152789], [-1.5486924, 43.46122384], [-1.54886568, 43.46127324], [-1.54899115, 43.46138611], [-1.54912962, 43.46151071], [-1.54922325, 43.4615965], [-1.54915823, 43.46168017], [-1.54903268, 43.46184157], [-1.54903094, 43.46184422], [-1.54891266, 43.46201117], [-1.54885244, 43.46209631], [-1.54871938, 43.46228424], [-1.54871629, 43.46228802], [-1.54861478, 43.46219739], [-1.54847771, 43.46207498], [-1.54868633, 43.46194991], [-1.54874025, 43.46191965], [-1.54860444, 43.46179695], [-1.54856868, 43.46171246], [-1.54859373, 43.46152789]]]]}, "geometry_name": "the_geom", "properties": {"gid": 3130344, "gpu_doc_id": "6345e561e148d0d60d85340d4b826649", "gpu_status": "production", "gpu_timestamp": "2025-10-08T08:09:54.942Z", "partition": "DU_64122", "libelle": "UDa", "libelong": "UDa", "typezone": "U", "destdomi": null, "nomfic": "64122_reglement_20250927.pdf#UD", "urlfic": "", "insee": null, "datappro": null, "datvalid": "20170923", "idurba": "64122_PLU_20250927", "idzone": null, "lib_idzone": "", "formdomi": null, "destoui": null, "destcdt": null, "destnon": null, "symbole": null}}, {"type": "Feature", "id": "zone_urba.3130319", "geometry": {"type": "MultiPolygon", "coordinates": [[[[-1.55975929, 43.46278825], [-1.55977346, 43.46275252], [-1.55978235, 43.46273062], [-1.55979309, 43.46270865], [-1.55980434, 43.46268865], [-1.55981913, 43.46266616], [-1.55983612, 43.46264511], [-1.55985394, 43.46262683], [-1.55987418, 43.46260782], [-1.55989201, 43.46259143], [-1.55991474, 43.46257421], [-1.55993383, 43.46255967], [-1.55995691, 43.46254225], [-1.55997811, 43.46252618], [-1.55999771, 43.4625118], [-1.56002251, 43.46249423], [-1.56005054, 43.46247518], [-1.56008498, 43.46245236], [-1.56010718, 43.46243805], [-1.56012453, 43.4624269], [-1.56027384, 43.46244092], [-1.56075345, 43.4624863], [-1.5610522, 43.46251459], [-1.56132429, 43.46254032], [-1.56147017, 43.4617538], [-1.56119947, 43.46164535], [-1.56149478, 43.46121953], [-1.56128332, 43.46113379], [-1.56125653, 43.46114468], [-1.56122535, 43.46115799], [-1.56120041, 43.46116871], [-1.56115133, 43.46119094], [-1.56111954, 43.46120599], [-1.56108396, 43.46122344], [-1.56105653, 43.46123733], [-1.56102639, 43.46125303], [-1.56099118, 43.4612721], [-1.56097277, 43.46128238], [-1.56094297, 43.46129934], [-1.56091855, 43.46131373], [-1.56088267, 43.46133544], [-1.56086009, 43.46134949], [-1.56083612, 43.46136496], [-1.56080569, 43.46138509], [-1.56077837, 43.46140375], [-1.56075355, 43.46142105], [-1.56072667, 43.46144068], [-1.56053631, 43.46136574], [-1.56110249, 43.46083662], [-1.56076186, 43.46074617], [-1.56021136, 43.46128151], [-1.56018893, 43.46127942], [-1.56016288, 43.46127694], [-1.56012264, 43.4612733], [-1.56008104, 43.46126972], [-1.56005491, 43.46126778], [-1.56002894, 43.46126646], [-1.55999245, 43.46126502], [-1.55996427, 43.46126389], [-1.5599335, 43.46126276], [-1.55988683, 43.46126091], [-1.55987132, 43.46126035], [-1.55982241, 43.46125841], [-1.55978568, 43.46125707], [-1.55974981, 43.4612557], [-1.5597214, 43.46125475], [-1.55969313, 43.46125398], [-1.55963873, 43.46125306], [-1.55959487, 43.46125245], [-1.55956378, 43.46125197], [-1.55952525, 43.46125142], [-1.55948648, 43.46125088], [-1.55945798, 43.46125048], [-1.55942726, 43.46125007], [-1.55940298, 43.46124977], [-1.55936287, 43.46124947], [-1.55932166, 43.46124956], [-1.55929594, 43.46124995], [-1.55925493, 43.46125094], [-1.55921627, 43.46125193], [-1.55916737, 43.46125332], [-1.55913132, 43.46125457], [-1.5590711, 43.46125678], [-1.55917876, 43.46078709], [-1.55919913, 43.4606984], [-1.55814814, 43.46069752], [-1.55797021, 43.46038581], [-1.55824895, 43.46030185], [-1.5585122, 43.46022257], [-1.55877533, 43.46014319], [-1.5590387, 43.4600639], [-1.55931259, 43.4599814], [-1.55957535, 43.45990222], [-1.55983908, 43.45982273], [-1.56007945, 43.4597503], [-1.56024103, 43.45970162], [-1.56031981, 43.45967786], [-1.56052533, 43.45961591], [-1.56042847, 43.45928468], [-1.5604152, 43.45923941], [-1.56043116, 43.45923436], [-1.5604817, 43.45921857], [-1.56053225, 43.45920277], [-1.56053708, 43.45921105], [-1.5605661, 43.45920197], [-1.56083542, 43.45911293], [-1.56070077, 43.45897999], [-1.56067756, 43.4589575], [-1.56066167, 43.45894191], [-1.56045521, 43.45873725], [-1.56037025, 43.45862095], [-1.56034691, 43.45858985], [-1.56033122, 43.45857595], [-1.56115738, 43.45808905], [-1.56155603, 43.45790252], [-1.56172259, 43.45781369], [-1.56163675, 43.4578066], [-1.56114453, 43.45760496], [-1.56080137, 43.45712049], [-1.55990621, 43.45735803], [-1.55930318, 43.45764485], [-1.55914501, 43.45786358], [-1.55866826, 43.45815315], [-1.55849166, 43.45825091], [-1.55849349, 43.4582521], [-1.55871243, 43.45839038], [-1.55879347, 43.45848471], [-1.55877594, 43.45856987], [-1.55919763, 43.45851622], [-1.5592876, 43.45857928], [-1.55941816, 43.45867057], [-1.55958261, 43.45888284], [-1.55958973, 43.45894322], [-1.55955774, 43.45908778], [-1.55952161, 43.45923026], [-1.55945516, 43.45934036], [-1.55937783, 43.4593832], [-1.55771912, 43.45994268], [-1.55719728, 43.46045876], [-1.55715703, 43.46052621], [-1.55703379, 43.46101456], [-1.55698642, 43.46099272], [-1.55672803, 43.46096683], [-1.5567169, 43.46081244], [-1.55670271, 43.46076706], [-1.55661729, 43.46059482], [-1.55654734, 43.46047492], [-1.55651128, 43.46039921], [-1.55638033, 43.46019439], [-1.55630976, 43.46009298], [-1.55625272, 43.45998554], [-1.55621647, 43.45989516], [-1.5561731, 43.45971151], [-1.55613767, 43.45971376], [-1.5555696, 43.45974946], [-1.55513449, 43.45977661], [-1.55510124, 43.45977929], [-1.55513315, 43.45936895], [-1.55504876, 43.45937981], [-1.55500439, 43.45860077], [-1.55495199, 43.45849212], [-1.55496192, 43.45848948], [-1.55503199, 43.45846685], [-1.55540551, 43.45851333], [-1.5554476, 43.45844116], [-1.55554757, 43.45844523], [-1.55626784, 43.45844613], [-1.55644474, 43.45844969], [-1.55644519, 43.45841175], [-1.55636824, 43.45841971], [-1.55630478, 43.45832974], [-1.55629981, 43.45829865], [-1.55631394, 43.45823489], [-1.55631359, 43.45820503], [-1.55631317, 43.45816816], [-1.55637066, 43.45815013], [-1.55640791, 43.45813896], [-1.55644334, 43.45814781], [-1.55652048, 43.45816649], [-1.5569516, 43.45813777], [-1.55727018, 43.45811303], [-1.55765451, 43.4580565], [-1.55801728, 43.45787696], [-1.55828882, 43.45775098], [-1.55836226, 43.45770092], [-1.55854691, 43.457575], [-1.55868346, 43.45745185], [-1.55884509, 43.45733197], [-1.55901119, 43.45722905], [-1.55920354, 43.45712737], [-1.55960063, 43.45696507], [-1.56002474, 43.45681764], [-1.56035392, 43.45672365], [-1.56068828, 43.45662682], [-1.56084885, 43.45660477], [-1.56100355, 43.4566044], [-1.56108462, 43.4566207], [-1.56166572, 43.45674361], [-1.56188145, 43.45680119], [-1.56212744, 43.45684721], [-1.56225136, 43.45689196], [-1.56242204, 43.45690558], [-1.56251701, 43.45690655], [-1.56261784, 43.45688587], [-1.56275004, 43.45683187], [-1.56284396, 43.45676903], [-1.5629254, 43.45669256], [-1.56307546, 43.45661011], [-1.56324415, 43.45652999], [-1.56343923, 43.45645256], [-1.56370297, 43.45636547], [-1.56402778, 43.45626101], [-1.56417345, 43.45621015], [-1.56446132, 43.45611705], [-1.56466965, 43.45607225], [-1.56483109, 43.45604308], [-1.5648764, 43.45603505], [-1.56500515, 43.45606196], [-1.5651059, 43.45609922], [-1.56520559, 43.45613581], [-1.56524436, 43.45614528], [-1.56531395, 43.45616193], [-1.56540651, 43.45618286], [-1.56599204, 43.45610114], [-1.56600224, 43.45609964], [-1.56601085, 43.45611113], [-1.56602649, 43.45613178], [-1.56605086, 43.45616309], [-1.56607706, 43.45619576], [-1.56608038, 43.4562005], [-1.56609945, 43.45622039], [-1.56612068, 43.45623641], [-1.56613929, 43.45624685], [-1.5661652, 43.45625591], [-1.56618277, 43.45626405], [-1.56621315, 43.45627321], [-1.56623137, 43.45628358], [-1.56624278, 43.45629385], [-1.56626837, 43.4563151], [-1.56629547, 43.45634819], [-1.56629719, 43.45635471], [-1.56630678, 43.45641013], [-1.56630999, 43.45646139], [-1.56631753, 43.45651599], [-1.56631724, 43.45655512], [-1.56632268, 43.4565998], [-1.56634196, 43.45668729], [-1.56636487, 43.45681511], [-1.56638284, 43.45685027], [-1.56641315, 43.45691974], [-1.56643926, 43.45697938], [-1.56643489, 43.4570203], [-1.56647147, 43.45706933], [-1.56647405, 43.45708401], [-1.56648591, 43.45714502], [-1.56649863, 43.45719428], [-1.56650039, 43.45721791], [-1.56650005, 43.4572465], [-1.56650365, 43.45726827], [-1.56650989, 43.45728542], [-1.56652038, 43.45730492], [-1.56653191, 43.45733178], [-1.56654839, 43.4573652], [-1.56656618, 43.45740614], [-1.56658482, 43.45744543], [-1.56660397, 43.45746487], [-1.56663535, 43.45749391], [-1.56664384, 43.45750322], [-1.56664954, 43.45751165], [-1.56673484, 43.45760815], [-1.56676403, 43.4576179], [-1.56680614, 43.45763498], [-1.56683163, 43.45764668], [-1.56686356, 43.45766813], [-1.56690426, 43.45769951], [-1.56693354, 43.45772197], [-1.56694114, 43.45773429], [-1.5669562, 43.45776533], [-1.56697176, 43.45778473], [-1.56701222, 43.45782603], [-1.56704768, 43.45785185], [-1.56711836, 43.45789015], [-1.56714798, 43.45790908], [-1.56715967, 43.45791971], [-1.56719134, 43.45795595], [-1.56721772, 43.45797942], [-1.56725279, 43.45800661], [-1.5672798, 43.45802871], [-1.56729141, 43.45804159], [-1.56731534, 43.45806363], [-1.56733934, 43.45808675], [-1.56738958, 43.45813974], [-1.56740936, 43.45815275], [-1.56743504, 43.45817012], [-1.56746353, 43.45818883], [-1.56748848, 43.45820803], [-1.5675109, 43.4582249], [-1.56753571, 43.45824555], [-1.56755891, 43.45827122], [-1.56757873, 43.45828468], [-1.5676114, 43.45830628], [-1.56765159, 43.4583357], [-1.56767496, 43.45835361], [-1.56771029, 43.45838097], [-1.56777752, 43.45843104], [-1.56783549, 43.45847327], [-1.5678462, 43.45848736], [-1.5678624, 43.45850556], [-1.5678751, 43.45851479], [-1.56792458, 43.45854925], [-1.56800082, 43.45860239], [-1.56804555, 43.45863631], [-1.56807843, 43.45866061], [-1.56810251, 43.45867822], [-1.5681049, 43.45868543], [-1.56810243, 43.4586986], [-1.56810415, 43.45872161], [-1.56811557, 43.45874198], [-1.56813156, 43.45876722], [-1.56815305, 43.45879152], [-1.56817284, 43.45881453], [-1.56819932, 43.45883926], [-1.56822274, 43.45885961], [-1.56824873, 43.45887616], [-1.56826024, 43.45888624], [-1.56827596, 43.4589078], [-1.56829842, 43.4589317], [-1.56832424, 43.45895438], [-1.56836307, 43.45898719], [-1.56839786, 43.45901375], [-1.56843128, 43.45903713], [-1.56845041, 43.45905124], [-1.56844432, 43.4590559], [-1.56826212, 43.45919456], [-1.56798849, 43.45940301], [-1.5678781, 43.4595106], [-1.56784986, 43.4595384], [-1.56787177, 43.4595534], [-1.56787785, 43.45954866], [-1.56797107, 43.4596104], [-1.56810843, 43.45963849], [-1.56818503, 43.45964681], [-1.56819042, 43.45958809], [-1.56914836, 43.45960095], [-1.56980481, 43.46011498], [-1.56988354, 43.46017658], [-1.57012323, 43.46024748], [-1.57011908, 43.46024941], [-1.56979962, 43.46039456], [-1.56962573, 43.46053991], [-1.56934148, 43.46084087], [-1.56931893, 43.46093165], [-1.56931945, 43.46111156], [-1.56938879, 43.46130883], [-1.56929128, 43.46132274], [-1.56890929, 43.46135313], [-1.56784002, 43.46174709], [-1.56657971, 43.46195787], [-1.56635252, 43.46200627], [-1.5664502, 43.46185146], [-1.56612966, 43.46183195], [-1.56553427, 43.46179272], [-1.56554091, 43.46173856], [-1.56549215, 43.46173937], [-1.56520859, 43.46174871], [-1.56520321, 43.46178444], [-1.56514966, 43.46213948], [-1.56503323, 43.46211336], [-1.56492921, 43.46210251], [-1.5647481, 43.46208373], [-1.56427843, 43.46214479], [-1.56398182, 43.4621834], [-1.56397017, 43.46218494], [-1.56395668, 43.46221964], [-1.56389956, 43.46236461], [-1.56392109, 43.46248563], [-1.56357069, 43.4625198], [-1.56350738, 43.46248417], [-1.56321598, 43.46244667], [-1.56311155, 43.46242538], [-1.56305446, 43.46237338], [-1.56285325, 43.4621897], [-1.56252346, 43.46217337], [-1.56249903, 43.46243315], [-1.56250895, 43.46253281], [-1.56253561, 43.46263795], [-1.56202138, 43.46266759], [-1.56191866, 43.46267147], [-1.56179463, 43.46277278], [-1.56148417, 43.46287603], [-1.56105284, 43.46297227], [-1.56077126, 43.46293887], [-1.56034616, 43.46287041], [-1.55975929, 43.46278825]], [[-1.56718014, 43.45980836], [-1.56743039, 43.45934364], [-1.56743961, 43.45932472], [-1.5672352, 43.45930321], [-1.56698897, 43.45929103], [-1.5668036, 43.45921566], [-1.56666784, 43.45914081], [-1.56660181, 43.45905342], [-1.56655789, 43.45893736], [-1.56652049, 43.45894169], [-1.56650567, 43.45894048], [-1.56648277, 43.45893868], [-1.56647705, 43.45893828], [-1.56624126, 43.45892941], [-1.56623949, 43.4589421], [-1.56606009, 43.45893272], [-1.56561371, 43.45891444], [-1.56551421, 43.45890937], [-1.56483834, 43.45895372], [-1.5645217, 43.45910171], [-1.56437837, 43.45921325], [-1.56413944, 43.45933418], [-1.56401917, 43.45941447], [-1.56389341, 43.45944252], [-1.56339705, 43.45956082], [-1.5631358, 43.4595753], [-1.56290369, 43.45958466], [-1.56247302, 43.4595983], [-1.56243882, 43.45965302], [-1.5619273, 43.46047322], [-1.56203998, 43.46056679], [-1.5626233, 43.46105446], [-1.56470974, 43.46123211], [-1.56502656, 43.46121507], [-1.56534974, 43.46116736], [-1.56594444, 43.46104936], [-1.56626103, 43.4609322], [-1.56656781, 43.46072936], [-1.56677099, 43.46050916], [-1.56689783, 43.46029122], [-1.56718014, 43.45980836]]]]}, "geometry_name": "the_geom", "properties": {"gid": 3130319, "gpu_doc_id": "6345e561e148d0d60d85340d4b826649", "gpu_status": "production", "gpu_timestamp": "2025-10-08T08:09:54.942Z", "partition": "DU_64122", "libelle": "Ncu", "libelong": "Ncu", "typezone": "N", "destdomi": null, "nomfic": "64122_reglement_20250927.pdf#Ncu", "urlfic": "", "insee": null, "datappro": null, "datvalid": "20170923", "idurba": "64122_PLU_20250927", "idzone": null, "lib_idzone": "", "formdomi": null, "destoui": null, "destcdt": null, "destnon": null, "symbole": null}}, {"type": "Feature", "id": "zone_urba.3130347", "geometry": {"type": "MultiPolygon", "coordinates": [[[[-1.56720639, 43.46581046], [-1.56713656, 43.46552846], [-1.5671082, 43.46536597], [-1.56708223, 43.46521718], [-1.56659125, 43.4650878], [-1.56630157, 43.46501058], [-1.5662989, 43.46503944], [-1.56612865, 43.46503519], [-1.56582091, 43.46502765], [-1.56552694, 43.4650173], [-1.56551342, 43.46501684], [-1.56513098, 43.46500009], [-1.56516177, 43.4649583], [-1.56496407, 43.46484326], [-1.56489499, 43.46486286], [-1.56473429, 43.4647743], [-1.56470288, 43.46477798], [-1.56458624, 43.46470093], [-1.56437745, 43.46469261], [-1.56432688, 43.46462701], [-1.56411907, 43.46471961], [-1.56403586, 43.46458318], [-1.56355323, 43.46479584], [-1.56338148, 43.46484934], [-1.56331602, 43.46484292], [-1.56329569, 43.46484084], [-1.56322967, 43.46483173], [-1.56291138, 43.46475915], [-1.56270765, 43.46470754], [-1.56261265, 43.46476436], [-1.56259074, 43.46480895], [-1.56244873, 43.46496859], [-1.56241107, 43.4649689], [-1.562286, 43.46497953], [-1.56220925, 43.46496941], [-1.562206, 43.46496899], [-1.56190212, 43.46492865], [-1.56161573, 43.46489203], [-1.56156244, 43.46478164], [-1.56109693, 43.46457705], [-1.56109864, 43.46458348], [-1.56109932, 43.46461914], [-1.56110805, 43.46464323], [-1.56072421, 43.46470719], [-1.56045864, 43.46472701], [-1.56009711, 43.46475406], [-1.56004559, 43.46475781], [-1.55978931, 43.46477681], [-1.55951425, 43.46479754], [-1.55951776, 43.46464054], [-1.55951862, 43.46459561], [-1.55946785, 43.46459519], [-1.55934115, 43.46459407], [-1.55880483, 43.46460484], [-1.558757, 43.46442148], [-1.55811789, 43.46444298], [-1.55791826, 43.46438105], [-1.55778189, 43.46433869], [-1.55773616, 43.46432451], [-1.55747996, 43.464245], [-1.55672656, 43.46431985], [-1.55660756, 43.46433174], [-1.55645738, 43.46434656], [-1.55641525, 43.4643508], [-1.55622552, 43.46429436], [-1.556173, 43.46427876], [-1.555929, 43.46420314], [-1.55582192, 43.46417122], [-1.5555494, 43.46409149], [-1.55549158, 43.46407457], [-1.55542991, 43.46406176], [-1.55526133, 43.46436417], [-1.55519382, 43.46436868], [-1.55483482, 43.46427776], [-1.55453486, 43.46420173], [-1.55443962, 43.46417764], [-1.5542079, 43.46411892], [-1.55411733, 43.464096], [-1.55407067, 43.46408423], [-1.55381713, 43.46402006], [-1.55379937, 43.46405745], [-1.55330389, 43.46400848], [-1.55322909, 43.46399979], [-1.55283938, 43.46396111], [-1.55275856, 43.46383833], [-1.55324451, 43.46367968], [-1.55338107, 43.46363389], [-1.55393157, 43.46375709], [-1.55393938, 43.46373903], [-1.5540039, 43.46359666], [-1.55402971, 43.46353948], [-1.55423112, 43.46309495], [-1.55422691, 43.46298694], [-1.55419498, 43.46215635], [-1.55481907, 43.46212293], [-1.55490245, 43.46211928], [-1.55494011, 43.46211797], [-1.55500323, 43.46211638], [-1.55504785, 43.4621156], [-1.55508086, 43.46211529], [-1.55513284, 43.46211522], [-1.55514744, 43.46211538], [-1.55518114, 43.46211574], [-1.55524536, 43.46211726], [-1.55530394, 43.46211954], [-1.55532978, 43.46212077], [-1.55534009, 43.46212136], [-1.5553991, 43.46212443], [-1.55541676, 43.46212545], [-1.55544262, 43.46212713], [-1.55547223, 43.46212921], [-1.55551642, 43.46213269], [-1.55557472, 43.46213786], [-1.5555887, 43.46213938], [-1.55560852, 43.4621414], [-1.55562836, 43.46214349], [-1.55567152, 43.4621481], [-1.55571334, 43.46215302], [-1.55575421, 43.46215835], [-1.55580485, 43.46216536], [-1.55584954, 43.46217216], [-1.55590067, 43.46218068], [-1.55597319, 43.46219386], [-1.55603812, 43.46220671], [-1.55608559, 43.46221754], [-1.5561711, 43.46221745], [-1.55616684, 43.4621021], [-1.55618809, 43.46129683], [-1.5557581, 43.46129551], [-1.55514142, 43.46129375], [-1.55489658, 43.46129297], [-1.55489921, 43.4613383], [-1.55490109, 43.46136955], [-1.55492055, 43.46169272], [-1.55475475, 43.46169828], [-1.55478502, 43.46201304], [-1.55478762, 43.46203638], [-1.55451193, 43.46205025], [-1.55435127, 43.46205628], [-1.55430296, 43.46151388], [-1.55432182, 43.46142781], [-1.55446976, 43.46096251], [-1.55455744, 43.46086032], [-1.55297677, 43.46106525], [-1.55278227, 43.46106572], [-1.55247534, 43.46009662], [-1.55247287, 43.46009163], [-1.55245725, 43.46004078], [-1.55173059, 43.46017385], [-1.55123495, 43.46028753], [-1.5505972, 43.46047221], [-1.5501407, 43.46065065], [-1.54993685, 43.46073903], [-1.5498448, 43.46084411], [-1.54986305, 43.46076722], [-1.5498626, 43.46072502], [-1.54985935, 43.46059455], [-1.54985616, 43.46045871], [-1.54963075, 43.46046648], [-1.54962906, 43.46043603], [-1.54953772, 43.46016695], [-1.54953579, 43.46016391], [-1.54926385, 43.45985892], [-1.54918988, 43.45978592], [-1.54973137, 43.45941518], [-1.54970145, 43.4593783], [-1.54966489, 43.45932115], [-1.54965316, 43.45930322], [-1.54938147, 43.45889325], [-1.54931692, 43.45879745], [-1.54935437, 43.45876532], [-1.5494159, 43.45873491], [-1.54938744, 43.45870254], [-1.549329, 43.45863219], [-1.54926579, 43.45856194], [-1.54945804, 43.45849052], [-1.54965446, 43.45841101], [-1.54969989, 43.45839128], [-1.54980948, 43.45834747], [-1.54993269, 43.45829194], [-1.55000699, 43.45826106], [-1.55036571, 43.45809446], [-1.55062406, 43.45795761], [-1.55110681, 43.45767693], [-1.55133424, 43.45754022], [-1.55174708, 43.45725635], [-1.55181147, 43.45721207], [-1.55211823, 43.4570175], [-1.55244261, 43.45681538], [-1.55272022, 43.45664819], [-1.55295119, 43.45649447], [-1.55306754, 43.45639847], [-1.5533991, 43.45604029], [-1.55350939, 43.45592775], [-1.55355993, 43.45585697], [-1.55369377, 43.45574333], [-1.55373124, 43.45573139], [-1.55377629, 43.45570311], [-1.55388015, 43.45559903], [-1.55401287, 43.45548868], [-1.55460493, 43.45514751], [-1.55465382, 43.45511935], [-1.55479353, 43.45507966], [-1.55501409, 43.45499567], [-1.55527487, 43.45490666], [-1.55537159, 43.45487444], [-1.55560147, 43.45478936], [-1.55571805, 43.45474139], [-1.55585168, 43.45467814], [-1.55590311, 43.45465662], [-1.55594635, 43.45472804], [-1.55601127, 43.45482553], [-1.55598489, 43.45486497], [-1.55591268, 43.4549056], [-1.55589158, 43.45491806], [-1.55578821, 43.45499048], [-1.55580125, 43.45500114], [-1.55574675, 43.45503196], [-1.55573484, 43.45502658], [-1.55559759, 43.45513756], [-1.55559438, 43.45515418], [-1.55558345, 43.45516697], [-1.55555559, 43.45519169], [-1.55554106, 43.45520082], [-1.55553071, 43.45520159], [-1.55551653, 43.45520225], [-1.55550382, 43.45520771], [-1.55546184, 43.45523551], [-1.5554504, 43.45524633], [-1.55544678, 43.45525756], [-1.55543434, 43.45526823], [-1.55541895, 43.45527768], [-1.55540599, 43.45528477], [-1.55539886, 43.45529037], [-1.55540543, 43.45529706], [-1.55536756, 43.45531703], [-1.55532908, 43.45534524], [-1.55525559, 43.45540863], [-1.55524164, 43.45546219], [-1.55520493, 43.45548428], [-1.55514276, 43.45556003], [-1.55517592, 43.45562137], [-1.55503537, 43.45570147], [-1.55499932, 43.45569262], [-1.55485054, 43.45572699], [-1.55472125, 43.45575879], [-1.554633, 43.45586152], [-1.55448233, 43.45596844], [-1.55437881, 43.45603059], [-1.55416799, 43.45621552], [-1.55414069, 43.45626933], [-1.55412822, 43.45631958], [-1.55358232, 43.45602133], [-1.55351676, 43.45608981], [-1.55344431, 43.4561638], [-1.55337277, 43.45623], [-1.55350871, 43.45631078], [-1.55347382, 43.4563523], [-1.55349816, 43.45636842], [-1.55349137, 43.45637497], [-1.55333427, 43.45651385], [-1.55331078, 43.45650372], [-1.55324576, 43.45668536], [-1.55334559, 43.45689478], [-1.55329483, 43.45716183], [-1.55302385, 43.45731733], [-1.5529516, 43.45725209], [-1.55289298, 43.45727643], [-1.55285518, 43.45729111], [-1.55289819, 43.45735799], [-1.5529009, 43.45736617], [-1.55294042, 43.45748468], [-1.55295977, 43.45755856], [-1.55294718, 43.45758547], [-1.5529212, 43.45762044], [-1.55298464, 43.45765191], [-1.55310019, 43.45770922], [-1.55323043, 43.45777381], [-1.55356336, 43.45793555], [-1.55379949, 43.45805997], [-1.55411633, 43.45823746], [-1.55438313, 43.45816645], [-1.55446143, 43.45818785], [-1.55464191, 43.4582407], [-1.55476888, 43.45831385], [-1.55486215, 43.45838741], [-1.55495199, 43.45849212], [-1.55500439, 43.45860077], [-1.55504876, 43.45937981], [-1.55513315, 43.45936895], [-1.55510124, 43.45977929], [-1.55513449, 43.45977661], [-1.5555696, 43.45974946], [-1.55613767, 43.45971376], [-1.5561731, 43.45971151], [-1.55621647, 43.45989516], [-1.55625272, 43.45998554], [-1.55630976, 43.46009298], [-1.55638033, 43.46019439], [-1.55651128, 43.46039921], [-1.55654734, 43.46047492], [-1.55661729, 43.46059482], [-1.55670271, 43.46076706], [-1.5567169, 43.46081244], [-1.55672803, 43.46096683], [-1.55698642, 43.46099272], [-1.55703379, 43.46101456], [-1.55724249, 43.461194], [-1.55748325, 43.46140137], [-1.55764577, 43.46154797], [-1.55783308, 43.46171608], [-1.55798694, 43.46183797], [-1.55808172, 43.46189266], [-1.55820147, 43.4619519], [-1.55848513, 43.46207622], [-1.55854265, 43.46210652], [-1.55870241, 43.46222617], [-1.55890778, 43.46239885], [-1.5592767, 43.46271509], [-1.55975929, 43.46278825], [-1.56034616, 43.46287041], [-1.56077126, 43.46293887], [-1.56105284, 43.46297227], [-1.56148417, 43.46287603], [-1.56179463, 43.46277278], [-1.56191866, 43.46267147], [-1.56202138, 43.46266759], [-1.56253561, 43.46263795], [-1.56250895, 43.46253281], [-1.56249903, 43.46243315], [-1.56252346, 43.46217337], [-1.56285325, 43.4621897], [-1.56305446, 43.46237338], [-1.56311155, 43.46242538], [-1.56321598, 43.46244667], [-1.56350738, 43.46248417], [-1.56357069, 43.4625198], [-1.56392109, 43.46248563], [-1.56389956, 43.46236461], [-1.56395668, 43.46221964], [-1.56397017, 43.46218494], [-1.56398182, 43.4621834], [-1.56427843, 43.46214479], [-1.5647481, 43.46208373], [-1.56492921, 43.46210251], [-1.56503323, 43.46211336], [-1.56514966, 43.46213948], [-1.56520321, 43.46178444], [-1.56520859, 43.46174871], [-1.56549215, 43.46173937], [-1.56554091, 43.46173856], [-1.56553427, 43.46179272], [-1.56612966, 43.46183195], [-1.5664502, 43.46185146], [-1.56635252, 43.46200627], [-1.5663107, 43.46206942], [-1.56547598, 43.46230615], [-1.56533723, 43.46235381], [-1.56524804, 43.46239909], [-1.56523015, 43.46241928], [-1.56531607, 43.46242739], [-1.56544385, 43.46244802], [-1.56551186, 43.46245885], [-1.56562485, 43.46247547], [-1.56586959, 43.46250949], [-1.56607746, 43.46254371], [-1.56614058, 43.46255536], [-1.56606447, 43.46276418], [-1.56600757, 43.46293518], [-1.5659581, 43.46307993], [-1.56593929, 43.46312287], [-1.56630188, 43.46316403], [-1.56778518, 43.46333195], [-1.56805341, 43.46336233], [-1.56819311, 43.4633769], [-1.56816727, 43.4628622], [-1.56813753, 43.46231349], [-1.5681329, 43.4622834], [-1.5681311, 43.46225164], [-1.56830314, 43.46229495], [-1.56862039, 43.46235394], [-1.56925888, 43.46190459], [-1.56932599, 43.46184411], [-1.56946914, 43.4613836], [-1.56938879, 43.46130883], [-1.56949811, 43.4613232], [-1.56958706, 43.4613907], [-1.56971947, 43.46147163], [-1.56982, 43.46152182], [-1.56988146, 43.46155265], [-1.5704245, 43.4618175], [-1.57056701, 43.46187898], [-1.5706462, 43.46213596], [-1.5706796, 43.46262451], [-1.57249863, 43.46258458], [-1.57250089, 43.46262896], [-1.57251091, 43.46276801], [-1.57251928, 43.46292366], [-1.57244484, 43.46306852], [-1.5724346, 43.46309039], [-1.5724223, 43.4631163], [-1.57241129, 43.46313945], [-1.57233565, 43.46328495], [-1.57231807, 43.46331077], [-1.5717829, 43.46317186], [-1.5715964, 43.46327446], [-1.57157717, 43.46341955], [-1.57157592, 43.46342924], [-1.57156112, 43.46354089], [-1.57155929, 43.46355439], [-1.57155487, 43.46358801], [-1.57154957, 43.46362798], [-1.5715319, 43.46376074], [-1.57152962, 43.46378652], [-1.57152152, 43.46387843], [-1.57151776, 43.46392257], [-1.57112092, 43.46392002], [-1.57080847, 43.46391231], [-1.57067372, 43.46391576], [-1.57067741, 43.46397763], [-1.57074851, 43.46422264], [-1.57080599, 43.4643431], [-1.57088515, 43.46445746], [-1.57110317, 43.46453335], [-1.57130905, 43.46462082], [-1.57152013, 43.46471054], [-1.57160203, 43.46474577], [-1.57164136, 43.46476269], [-1.57166166, 43.46477595], [-1.57168177, 43.4647967], [-1.57170961, 43.46485437], [-1.57172345, 43.46490799], [-1.57176886, 43.46485602], [-1.5718368, 43.46478288], [-1.57189603, 43.46470514], [-1.57243635, 43.46359521], [-1.57266759, 43.46363321], [-1.57271292, 43.46358993], [-1.57299951, 43.46331641], [-1.57308614, 43.46325852], [-1.57315699, 43.46321127], [-1.57315376, 43.46319959], [-1.5731848, 43.46319592], [-1.57340924, 43.46316871], [-1.57343353, 43.46316577], [-1.57363011, 43.46314994], [-1.57376666, 43.46313884], [-1.57385117, 43.46313206], [-1.57398232, 43.46312154], [-1.57402254, 43.46311823], [-1.57405313, 43.46311539], [-1.57414458, 43.4631068], [-1.57432379, 43.46309212], [-1.57446427, 43.46308067], [-1.57447411, 43.46307983], [-1.57463772, 43.46306829], [-1.57470618, 43.46306206], [-1.57509677, 43.4631001], [-1.57514216, 43.46313768], [-1.57414648, 43.46382201], [-1.57387898, 43.46407562], [-1.57331312, 43.46457026], [-1.57307399, 43.46476415], [-1.57296433, 43.46481494], [-1.57268933, 43.4649189], [-1.57218977, 43.4650795], [-1.57197473, 43.46514804], [-1.57183272, 43.46514825], [-1.57176782, 43.46524212], [-1.57178941, 43.46535719], [-1.571748, 43.46531142], [-1.57172877, 43.46530262], [-1.57149036, 43.46528549], [-1.57144916, 43.46532219], [-1.57135589, 43.46536574], [-1.57111347, 43.46539609], [-1.5709749, 43.46540654], [-1.57073159, 43.46541836], [-1.57049213, 43.46543011], [-1.57039942, 43.46543334], [-1.57039102, 43.46543692], [-1.57011438, 43.46555237], [-1.56969091, 43.46575829], [-1.56927033, 43.46597157], [-1.5689944, 43.46611213], [-1.5685476, 43.46603468], [-1.56851421, 43.46602882], [-1.56824559, 43.46598217], [-1.56821132, 43.46597613], [-1.56792461, 43.46592624], [-1.56787294, 43.46591946], [-1.56752447, 43.46587406], [-1.56721221, 43.46583326], [-1.56720639, 43.46581046]]]]}, "geometry_name": "the_geom", "properties": {"gid": 3130347, "gpu_doc_id": "6345e561e148d0d60d85340d4b826649", "gpu_status": "production", "gpu_timestamp": "2025-10-08T08:09:54.942Z", "partition": "DU_64122", "libelle": "UDa", "libelong": "UDa", "typezone": "U", "destdomi": null, "nomfic": "64122_reglement_20250927.pdf#UD", "urlfic": "", "insee": null, "datappro": null, "datvalid": "20170923", "idurba": "64122_PLU_20250927", "idzone": null, "lib_idzone": "", "formdomi": null, "destoui": null, "destcdt": null, "destnon": null, "symbole": null}}, {"type": "Feature", "id": "zone_urba.3130385", "geometry": {"type": "MultiPolygon", "coordinates": [[[[-1.53965454, 43.46144785], [-1.53961157, 43.46091076], [-1.53911783, 43.46093129], [-1.53906765, 43.46017552], [-1.53906764, 43.46016259], [-1.53906434, 43.4601189], [-1.53945594, 43.46006677], [-1.54018296, 43.45996932], [-1.54054092, 43.45995613], [-1.54119298, 43.45995153], [-1.54128679, 43.45995976], [-1.54128351, 43.45998072], [-1.54127153, 43.46007876], [-1.54104755, 43.46079026], [-1.54124458, 43.46081215], [-1.5417926, 43.460856], [-1.54176577, 43.46096126], [-1.54173642, 43.461076], [-1.54202754, 43.46121164], [-1.54182591, 43.46136598], [-1.54176473, 43.46143708], [-1.54173697, 43.46152318], [-1.54174151, 43.461555], [-1.54136035, 43.4614843], [-1.54083913, 43.46144481], [-1.5406602, 43.46145168], [-1.53965784, 43.46149054], [-1.53965454, 43.46144785]]]]}, "geometry_name": "the_geom", "properties": {"gid": 3130385, "gpu_doc_id": "6345e561e148d0d60d85340d4b826649", "gpu_status": "production", "gpu_timestamp": "2025-10-08T08:09:54.942Z", "partition": "DU_64122", "libelle": "UG", "libelong": "UG", "typezone": "U", "destdomi": null, "nomfic": "64122_reglement_20250927.pdf#UG", "urlfic": "", "insee": null, "datappro": null, "datvalid": "20170923", "idurba": "64122_PLU_20250927", "idzone": null, "lib_idzone": "", "formdomi": null, "destoui": null, "destcdt": null, "destnon": null, "symbole": null}}, {"type": "Feature", "id": "zone_urba.3130244", "geometry": {"type": "MultiPolygon", "coordinates": [[[[-1.54793695, 43.46354771], [-1.54883967, 43.46239791], [-1.5488971, 43.46244902], [-1.54901439, 43.46255328], [-1.54909088, 43.46262165], [-1.54905525, 43.46264001], [-1.54886943, 43.46273578], [-1.54906541, 43.46290968], [-1.54928775, 43.46310688], [-1.54929645, 43.46311564], [-1.54933702, 43.46316105], [-1.54907695, 43.46322665], [-1.54861457, 43.46334402], [-1.54808356, 43.46355421], [-1.54786394, 43.46364095], [-1.54793695, 43.46354771]]]]}, "geometry_name": "the_geom", "properties": {"gid": 3130244, "gpu_doc_id": "6345e561e148d0d60d85340d4b826649", "gpu_status": "production", "gpu_timestamp": "2025-10-08T08:09:54.942Z", "partition": "DU_64122", "libelle": "UH", "libelong": "UH", "typezone": "U", "destdomi": null, "nomfic": "64122_reglement_20250927.pdf#UH", "urlfic": "", "insee": null, "datappro": null, "datvalid": "20170923", "idurba": "64122_PLU_20250927", "idzone": null, "lib_idzone": "", "formdomi": null, "destoui": null, "destcdt": null, "destnon": null, "symbole": null}}, {"type": "Feature", "id": "zone_urba.3130251", "geometry": {"type": "MultiPolygon", "coordinates": [[[[-1.54786394, 43.46364095], [-1.54808356, 43.46355421], [-1.54809638, 43.46359319], [-1.54823765, 43.46404816], [-1.54806861, 43.46445254], [-1.5477378, 43.46450076], [-1.5475396, 43.46451994], [-1.54752031, 43.46452187], [-1.54734755, 43.46453861], [-1.54726253, 43.46455206], [-1.54723531, 43.46455043], [-1.54720347, 43.4645433], [-1.54718958, 43.4645393], [-1.54719951, 43.46452587], [-1.54744051, 43.46420357], [-1.54771821, 43.46383222], [-1.54775204, 43.46378696], [-1.54781139, 43.46370809], [-1.54786394, 43.46364095]]]]}, "geometry_name": "the_geom", "properties": {"gid": 3130251, "gpu_doc_id": "6345e561e148d0d60d85340d4b826649", "gpu_status": "production", "gpu_timestamp": "2025-10-08T08:09:54.942Z", "partition": "DU_64122", "libelle": "UDi", "libelong": "UDi", "typezone": "U", "destdomi": null, "nomfic": "64122_reglement_20250927.pdf#UD", "urlfic": "", "insee": null, "datappro": null, "datvalid": "20170923", "idurba": "64122_PLU_20250927", "idzone": null, "lib_idzone": "", "formdomi": null, "destoui": null, "destcdt": null, "destnon": null, "symbole": null}}, {"type": "Feature", "id": "zone_urba.3130267", "geometry": {"type": "MultiPolygon", "coordinates": [[[[-1.5451657, 43.4625431], [-1.54520585, 43.46250136], [-1.54532679, 43.46255295], [-1.54555772, 43.4626412], [-1.54575033, 43.46272997], [-1.54564381, 43.46282873], [-1.54549474, 43.46296757], [-1.5454717, 43.46298895], [-1.54539069, 43.46306453], [-1.54515424, 43.46328488], [-1.54507496, 43.46335877], [-1.54493828, 43.46348631], [-1.54480928, 43.46359894], [-1.54449088, 43.46388058], [-1.54444873, 43.46391865], [-1.54434892, 43.46384478], [-1.54402841, 43.46368024], [-1.5451657, 43.4625431]]]]}, "geometry_name": "the_geom", "properties": {"gid": 3130267, "gpu_doc_id": "6345e561e148d0d60d85340d4b826649", "gpu_status": "production", "gpu_timestamp": "2025-10-08T08:09:54.942Z", "partition": "DU_64122", "libelle": "UDa", "libelong": "UDa", "typezone": "U", "destdomi": null, "nomfic": "64122_reglement_20250927.pdf#UD", "urlfic": "", "insee": null, "datappro": null, "datvalid": "20170923", "idurba": "64122_PLU_20250927", "idzone": null, "lib_idzone": "", "formdomi": null, "destoui": null, "destcdt": null, "destnon": null, "symbole": null}}, {"type": "Feature", "id": "zone_urba.3130257", "geometry": {"type": "MultiPolygon", "coordinates": [[[[-1.53863497, 43.46467713], [-1.53843514, 43.46496607], [-1.53843021, 43.46497312], [-1.53843548, 43.46505242], [-1.53847042, 43.46511288], [-1.53850781, 43.46515503], [-1.53852876, 43.46517864], [-1.53869507, 43.46527161], [-1.53919903, 43.46554166], [-1.53918702, 43.46560829], [-1.53913869, 43.46590749], [-1.53908192, 43.46590288], [-1.53870113, 43.46587154], [-1.53788749, 43.46580548], [-1.53756384, 43.46567463], [-1.53744188, 43.46562484], [-1.53740882, 43.46558812], [-1.53729653, 43.46546339], [-1.53675988, 43.46486739], [-1.53690021, 43.4646257], [-1.53708592, 43.46438649], [-1.53723821, 43.46423994], [-1.53776933, 43.46420816], [-1.53791969, 43.46420491], [-1.53860406, 43.46419014], [-1.53895229, 43.4641827], [-1.54038769, 43.46416461], [-1.5405488, 43.46415972], [-1.54057088, 43.46415802], [-1.54060206, 43.46423455], [-1.54064166, 43.46432295], [-1.54073232, 43.46453203], [-1.54078813, 43.46475032], [-1.54048626, 43.46505987], [-1.54030616, 43.46524446], [-1.54006228, 43.46512183], [-1.53991436, 43.46504815], [-1.53982163, 43.46514286], [-1.53863497, 43.46467713]]]]}, "geometry_name": "the_geom", "properties": {"gid": 3130257, "gpu_doc_id": "6345e561e148d0d60d85340d4b826649", "gpu_status": "production", "gpu_timestamp": "2025-10-08T08:09:54.942Z", "partition": "DU_64122", "libelle": "Nhi*", "libelong": "Nhi*", "typezone": "N", "destdomi": null, "nomfic": "64122_reglement_20250927.pdf#N", "urlfic": "", "insee": null, "datappro": null, "datvalid": "20170923", "idurba": "64122_PLU_20250927", "idzone": null, "lib_idzone": "", "formdomi": null, "destoui": null, "destcdt": null, "destnon": null, "symbole": null}}, {"type": "Feature", "id": "zone_urba.3130275", "geometry": {"type": "MultiPolygon", "coordinates": [[[[-1.53791969, 43.46420491], [-1.53776933, 43.46420816], [-1.53723821, 43.46423994], [-1.53727124, 43.46420838], [-1.5375283, 43.46410494], [-1.53776028, 43.46403963], [-1.53796344, 43.46400937], [-1.53821008, 43.46400152], [-1.53823656, 43.46399698], [-1.5383109, 43.46398426], [-1.53904213, 43.46385905], [-1.53970296, 43.46368476], [-1.54011668, 43.46357575], [-1.54029654, 43.46355967], [-1.54037876, 43.46357484], [-1.54043829, 43.46358595], [-1.54088447, 43.46374767], [-1.54111108, 43.46382976], [-1.54078404, 43.46390205], [-1.54049278, 43.46396626], [-1.54057088, 43.46415802], [-1.5405488, 43.46415972], [-1.54038769, 43.46416461], [-1.53895229, 43.4641827], [-1.53860406, 43.46419014], [-1.53791969, 43.46420491]]]]}, "geometry_name": "the_geom", "properties": {"gid": 3130275, "gpu_doc_id": "6345e561e148d0d60d85340d4b826649", "gpu_status": "production", "gpu_timestamp": "2025-10-08T08:09:54.942Z", "partition": "DU_64122", "libelle": "Nh*", "libelong": "Nh*", "typezone": "N", "destdomi": null, "nomfic": "64122_reglement_20250927.pdf#N", "urlfic": "", "insee": null, "datappro": null, "datvalid": "20170923", "idurba": "64122_PLU_20250927", "idzone": null, "lib_idzone": "", "formdomi": null, "destoui": null, "destcdt": null, "destnon": null, "symbole": null}}, {"type": "Feature", "id": "zone_urba.3130349", "geometry": {"type": "MultiPolygon", "coordinates": [[[[-1.53715606, 43.46424467], [-1.53723821, 43.46423994], [-1.53708592, 43.46438649], [-1.53690021, 43.4646257], [-1.53675988, 43.46486739], [-1.53729653, 43.46546339], [-1.53740882, 43.46558812], [-1.53731927, 43.46571805], [-1.5370683, 43.466001], [-1.53704287, 43.46603066], [-1.5370027, 43.46607639], [-1.53641508, 43.46572272], [-1.53478573, 43.46516124], [-1.53479259, 43.46511579], [-1.53481685, 43.4649908], [-1.53491346, 43.46443793], [-1.53492122, 43.46439726], [-1.53528455, 43.46436714], [-1.53570946, 43.46433177], [-1.53715606, 43.46424467]]]]}, "geometry_name": "the_geom", "properties": {"gid": 3130349, "gpu_doc_id": "6345e561e148d0d60d85340d4b826649", "gpu_status": "production", "gpu_timestamp": "2025-10-08T08:09:54.942Z", "partition": "DU_64122", "libelle": "UGi", "libelong": "UGi", "typezone": "U", "destdomi": null, "nomfic": "64122_reglement_20250927.pdf#UG", "urlfic": "", "insee": null, "datappro": null, "datvalid": "20170923", "idurba": "64122_PLU_20250927", "idzone": null, "lib_idzone": "", "formdomi": null, "destoui": null, "destcdt": null, "destnon": null, "symbole": null}}, {"type": "Feature", "id": "zone_urba.3130352", "geometry": {"type": "MultiPolygon", "coordinates": [[[[-1.54580952, 43.46972368], [-1.54493885, 43.46916094], [-1.54459347, 43.46887078], [-1.54410341, 43.46828315], [-1.54356699, 43.46781994], [-1.54343433, 43.46765543], [-1.54342782, 43.46759241], [-1.54476993, 43.46772454], [-1.54487108, 43.46780071], [-1.54489141, 43.46781585], [-1.54574637, 43.46817504], [-1.54576132, 43.46817766], [-1.54586899, 43.46819509], [-1.54593937, 43.46820649], [-1.54638623, 43.46827955], [-1.54651237, 43.46831133], [-1.54656895, 43.46832567], [-1.54670485, 43.4683599], [-1.54677128, 43.46837682], [-1.54686808, 43.468401], [-1.54691293, 43.4685365], [-1.54697793, 43.46882249], [-1.54714616, 43.46904901], [-1.54719525, 43.46908156], [-1.54726705, 43.46906333], [-1.54744951, 43.46913023], [-1.54752692, 43.46915584], [-1.54757816, 43.46916914], [-1.54766803, 43.46917759], [-1.54773348, 43.46917058], [-1.54782103, 43.46912305], [-1.54791073, 43.46907434], [-1.54796507, 43.46905778], [-1.54806322, 43.46904453], [-1.54814823, 43.46904305], [-1.54815103, 43.46906856], [-1.5481994, 43.46909486], [-1.54830137, 43.4691012], [-1.54824092, 43.46911664], [-1.54816388, 43.4692757], [-1.54795273, 43.46935], [-1.54770007, 43.46943821], [-1.54767838, 43.46944603], [-1.54738374, 43.46951224], [-1.54703035, 43.4695915], [-1.54687083, 43.46962742], [-1.54666956, 43.46964548], [-1.54638054, 43.46967187], [-1.54631043, 43.46967838], [-1.54610361, 43.46969725], [-1.54588666, 43.46971686], [-1.54580952, 43.46972368]]]]}, "geometry_name": "the_geom", "properties": {"gid": 3130352, "gpu_doc_id": "6345e561e148d0d60d85340d4b826649", "gpu_status": "production", "gpu_timestamp": "2025-10-08T08:09:54.942Z", "partition": "DU_64122", "libelle": "UGi", "libelong": "UGi", "typezone": "U", "destdomi": null, "nomfic": "64122_reglement_20250927.pdf#UG", "urlfic": "", "insee": null, "datappro": null, "datvalid": "20170923", "idurba": "64122_PLU_20250927", "idzone": null, "lib_idzone": "", "formdomi": null, "destoui": null, "destcdt": null, "destnon": null, "symbole": null}}, {"type": "Feature", "id": "zone_urba.3130308", "geometry": {"type": "MultiPolygon", "coordinates": [[[[-1.55046947, 43.46610728], [-1.55149715, 43.46600837], [-1.5515205, 43.46604077], [-1.55160124, 43.46609474], [-1.55175927, 43.46618348], [-1.55191384, 43.46627652], [-1.55210152, 43.46634462], [-1.55227219, 43.46637896], [-1.55241758, 43.4663975], [-1.55244625, 43.46640185], [-1.55251703, 43.46641231], [-1.55253467, 43.46645623], [-1.55244581, 43.46647812], [-1.55232853, 43.46648906], [-1.55223349, 43.4664978], [-1.55209816, 43.46653924], [-1.55200318, 43.46657161], [-1.552017, 43.46659093], [-1.55201893, 43.46660326], [-1.55203797, 43.4666795], [-1.55205586, 43.46674883], [-1.55209468, 43.46689928], [-1.55150494, 43.46693122], [-1.55149207, 43.46689929], [-1.55144659, 43.46678885], [-1.55141267, 43.46673872], [-1.55141256, 43.46667215], [-1.55141255, 43.46666237], [-1.55108896, 43.46662161], [-1.55087928, 43.4665548], [-1.55068835, 43.46630435], [-1.55046947, 43.46610728]]]]}, "geometry_name": "the_geom", "properties": {"gid": 3130308, "gpu_doc_id": "6345e561e148d0d60d85340d4b826649", "gpu_status": "production", "gpu_timestamp": "2025-10-08T08:09:54.942Z", "partition": "DU_64122", "libelle": "UGi", "libelong": "UGi", "typezone": "U", "destdomi": null, "nomfic": "64122_reglement_20250927.pdf#UG", "urlfic": "", "insee": null, "datappro": null, "datvalid": "20170923", "idurba": "64122_PLU_20250927", "idzone": null, "lib_idzone": "", "formdomi": null, "destoui": null, "destcdt": null, "destnon": null, "symbole": null}}, {"type": "Feature", "id": "zone_urba.3130343", "geometry": {"type": "MultiPolygon", "coordinates": [[[[-1.54720238, 43.46238232], [-1.54706467, 43.4622464], [-1.5467282, 43.46228501], [-1.54661784, 43.46195754], [-1.54661021, 43.46194324], [-1.54660763, 43.46193839], [-1.54654784, 43.46190829], [-1.54659586, 43.4618433], [-1.54661653, 43.46181508], [-1.54650816, 43.46177077], [-1.54648998, 43.46177762], [-1.54644625, 43.46175689], [-1.54643266, 43.46174229], [-1.54642481, 43.46171988], [-1.5464242, 43.46169015], [-1.54643379, 43.46164768], [-1.54653897, 43.4615011], [-1.5465957, 43.46141854], [-1.5466108, 43.46139027], [-1.54662424, 43.46135306], [-1.54662757, 43.46131137], [-1.54662343, 43.46126231], [-1.54661704, 43.46123462], [-1.54668161, 43.46126741], [-1.54676572, 43.46131006], [-1.54680931, 43.46133214], [-1.54685483, 43.46135522], [-1.54695818, 43.46140704], [-1.54708017, 43.46146802], [-1.5471861, 43.46136496], [-1.54721097, 43.46134315], [-1.54705682, 43.46126387], [-1.54698836, 43.46122871], [-1.54701776, 43.46120808], [-1.54712791, 43.46110664], [-1.54719398, 43.46113487], [-1.54748186, 43.46125818], [-1.54785349, 43.46152431], [-1.5478654, 43.46153484], [-1.54815462, 43.46178926], [-1.54816998, 43.46180281], [-1.54834477, 43.46195826], [-1.5481812, 43.46197192], [-1.54816767, 43.46197309], [-1.54801185, 43.46198627], [-1.54780503, 43.46208737], [-1.54751463, 43.46222946], [-1.5472419, 43.46236299], [-1.54720238, 43.46238232]]]]}, "geometry_name": "the_geom", "properties": {"gid": 3130343, "gpu_doc_id": "6345e561e148d0d60d85340d4b826649", "gpu_status": "production", "gpu_timestamp": "2025-10-08T08:09:54.942Z", "partition": "DU_64122", "libelle": "UDa", "libelong": "UDa", "typezone": "U", "destdomi": null, "nomfic": "64122_reglement_20250927.pdf#UD", "urlfic": "", "insee": null, "datappro": null, "datvalid": "20170923", "idurba": "64122_PLU_20250927", "idzone": null, "lib_idzone": "", "formdomi": null, "destoui": null, "destcdt": null, "destnon": null, "symbole": null}}, {"type": "Feature", "id": "zone_urba.3130342", "geometry": {"type": "MultiPolygon", "coordinates": [[[[-1.54130871, 43.46400604], [-1.54125338, 43.46400101], [-1.54121931, 43.46400379], [-1.54118191, 43.4640068], [-1.54111108, 43.46382976], [-1.54088447, 43.46374767], [-1.54043829, 43.46358595], [-1.54037876, 43.46357484], [-1.54029654, 43.46355967], [-1.54011668, 43.46357575], [-1.53970296, 43.46368476], [-1.53904213, 43.46385905], [-1.5383109, 43.46398426], [-1.53823656, 43.46399698], [-1.53821008, 43.46400152], [-1.5386256, 43.46305897], [-1.53845913, 43.46299882], [-1.53795813, 43.46282207], [-1.53769728, 43.46329256], [-1.53741059, 43.46319453], [-1.53735482, 43.46317509], [-1.5358195, 43.46263816], [-1.53561341, 43.46256604], [-1.53528162, 43.46250154], [-1.53532206, 43.46228869], [-1.53547353, 43.46149207], [-1.53549205, 43.46148729], [-1.53572777, 43.46135849], [-1.53586822, 43.46128165], [-1.53639299, 43.46111225], [-1.53642888, 43.46110065], [-1.53647041, 43.46108667], [-1.53687068, 43.46093894], [-1.53692056, 43.46094401], [-1.53692082, 43.46092759], [-1.53692434, 43.46092827], [-1.53712541, 43.46096451], [-1.53720518, 43.46097886], [-1.53801083, 43.46112427], [-1.53840171, 43.46118675], [-1.53854122, 43.46120902], [-1.53854623, 43.46120982], [-1.5385617, 43.46120984], [-1.53857565, 43.46120442], [-1.5385813, 43.46120212], [-1.53891509, 43.46112588], [-1.53894916, 43.46111805], [-1.53912756, 43.46107821], [-1.53911783, 43.46093129], [-1.53961157, 43.46091076], [-1.53965454, 43.46144785], [-1.53965784, 43.46149054], [-1.5406602, 43.46145168], [-1.54083913, 43.46144481], [-1.54136035, 43.4614843], [-1.54174151, 43.461555], [-1.54174729, 43.46159552], [-1.54176494, 43.46171814], [-1.54191396, 43.46220977], [-1.54210232, 43.46274276], [-1.54214124, 43.46281019], [-1.54222025, 43.46294752], [-1.54218991, 43.46296395], [-1.54217659, 43.46297114], [-1.54213036, 43.46299866], [-1.54205949, 43.46306239], [-1.54191995, 43.46327143], [-1.54187267, 43.46334307], [-1.54146521, 43.46396201], [-1.54143928, 43.46397962], [-1.54140935, 43.46399486], [-1.54137, 43.46400651], [-1.54130871, 43.46400604]]]]}, "geometry_name": "the_geom", "properties": {"gid": 3130342, "gpu_doc_id": "6345e561e148d0d60d85340d4b826649", "gpu_status": "production", "gpu_timestamp": "2025-10-08T08:09:54.942Z", "partition": "DU_64122", "libelle": "IAUy", "libelong": "IAUy", "typezone": "AUc", "destdomi": null, "nomfic": "64122_reglement_20250927.pdf#IAUy", "urlfic": "", "insee": null, "datappro": null, "datvalid": "20170923", "idurba": "64122_PLU_20250927", "idzone": null, "lib_idzone": "", "formdomi": null, "destoui": null, "destcdt": null, "destnon": null, "symbole": null}}, {"type": "Feature", "id": "zone_urba.3130372", "geometry": {"type": "MultiPolygon", "coordinates": [[[[-1.54098644, 43.46628198], [-1.54085039, 43.46620549], [-1.54077512, 43.46616318], [-1.54074596, 43.46614678], [-1.54064846, 43.46611376], [-1.54055955, 43.46610491], [-1.54047177, 43.46609617], [-1.5404123, 43.46609025], [-1.5405764, 43.46592435], [-1.54005077, 43.46565435], [-1.53971057, 43.4654796], [-1.53956532, 43.46540459], [-1.53967873, 43.46528532], [-1.53982163, 43.46514286], [-1.53991436, 43.46504815], [-1.54006228, 43.46512183], [-1.54030616, 43.46524446], [-1.54048626, 43.46505987], [-1.54078813, 43.46475032], [-1.54073232, 43.46453203], [-1.54064166, 43.46432295], [-1.54060206, 43.46423455], [-1.54089647, 43.46417112], [-1.5410379, 43.46414066], [-1.54129887, 43.46409896], [-1.54148284, 43.4641444], [-1.54184147, 43.46427224], [-1.54185822, 43.46425463], [-1.54185526, 43.46425313], [-1.54199517, 43.46411231], [-1.54211435, 43.46393074], [-1.54255641, 43.4640855], [-1.54287505, 43.46421304], [-1.54309115, 43.46407925], [-1.54318232, 43.46407604], [-1.54342895, 43.46406789], [-1.54364797, 43.46406012], [-1.54247125, 43.46523484], [-1.54160789, 43.46609961], [-1.54125147, 43.46645659], [-1.54117473, 43.46638751], [-1.54098644, 43.46628198]]]]}, "geometry_name": "the_geom", "properties": {"gid": 3130372, "gpu_doc_id": "6345e561e148d0d60d85340d4b826649", "gpu_status": "production", "gpu_timestamp": "2025-10-08T08:09:54.942Z", "partition": "DU_64122", "libelle": "UYi", "libelong": "UYi", "typezone": "U", "destdomi": null, "nomfic": "64122_reglement_20250927.pdf#UY", "urlfic": "", "insee": null, "datappro": null, "datvalid": "20190720", "idurba": "64122_PLU_20250927", "idzone": null, "lib_idzone": "", "formdomi": null, "destoui": null, "destcdt": null, "destnon": null, "symbole": null}}, {"type": "Feature", "id": "zone_urba.3130375", "geometry": {"type": "MultiPolygon", "coordinates": [[[[-1.5385792, 43.47170811], [-1.53777149, 43.47137762], [-1.53771968, 43.47135781], [-1.53730469, 43.47116265], [-1.53727765, 43.47121282], [-1.53723605, 43.47126106], [-1.53711157, 43.47142254], [-1.53706795, 43.4714807], [-1.53646631, 43.47128092], [-1.53664527, 43.47111495], [-1.53744211, 43.47032248], [-1.5382108, 43.46955798], [-1.53834607, 43.46961462], [-1.53908354, 43.46993576], [-1.53960566, 43.47015741], [-1.53943034, 43.4702998], [-1.53921644, 43.47055955], [-1.53926378, 43.47057039], [-1.5395249, 43.47062978], [-1.53946848, 43.47071016], [-1.53932836, 43.47090994], [-1.53927008, 43.47098859], [-1.53923452, 43.47114134], [-1.53920838, 43.47125433], [-1.53919599, 43.47130755], [-1.53914472, 43.4715288], [-1.53865608, 43.47140705], [-1.5385792, 43.47170811]]]]}, "geometry_name": "the_geom", "properties": {"gid": 3130375, "gpu_doc_id": "6345e561e148d0d60d85340d4b826649", "gpu_status": "production", "gpu_timestamp": "2025-10-08T08:09:54.942Z", "partition": "DU_64122", "libelle": "IIAUy", "libelong": "IIAUy", "typezone": "AUs", "destdomi": null, "nomfic": "64122_reglement_20250927.pdf#IIAU", "urlfic": "", "insee": null, "datappro": null, "datvalid": "20170923", "idurba": "64122_PLU_20250927", "idzone": null, "lib_idzone": "", "formdomi": null, "destoui": null, "destcdt": null, "destnon": null, "symbole": null}}, {"type": "Feature", "id": "zone_urba.3130405", "geometry": {"type": "MultiPolygon", "coordinates": [[[[-1.55309515, 43.4654379], [-1.55326487, 43.46565448], [-1.55244797, 43.46578757], [-1.55206791, 43.46583788], [-1.55200516, 43.46584659], [-1.5519533, 43.46571523], [-1.55192952, 43.46564066], [-1.55189394, 43.46554305], [-1.55186902, 43.4654876], [-1.55184491, 43.46543628], [-1.55171967, 43.46524877], [-1.55170213, 43.46522584], [-1.55170312, 43.46522427], [-1.55175783, 43.46519776], [-1.55180184, 43.46517052], [-1.55185271, 43.46513227], [-1.55188769, 43.46509844], [-1.55191865, 43.46506548], [-1.55194287, 43.46503172], [-1.55195796, 43.46500344], [-1.5519673, 43.46498586], [-1.55198301, 43.4649508], [-1.55201367, 43.46482411], [-1.55201532, 43.46477654], [-1.55201077, 43.46471037], [-1.55199385, 43.46459782], [-1.55199211, 43.46458608], [-1.55197147, 43.46451162], [-1.55195649, 43.46446516], [-1.55189954, 43.46434193], [-1.55186501, 43.46428208], [-1.55182341, 43.46422017], [-1.55177147, 43.46415263], [-1.55170461, 43.46407252], [-1.55164567, 43.46401725], [-1.55156435, 43.46394898], [-1.55150778, 43.46390713], [-1.55141379, 43.46384648], [-1.55139219, 43.46383399], [-1.55136604, 43.46381862], [-1.55134534, 43.46380655], [-1.55143083, 43.46379785], [-1.55186843, 43.46366139], [-1.55196768, 43.46363437], [-1.5522066, 43.46402987], [-1.55227568, 43.46400155], [-1.55242779, 43.4639502], [-1.55275856, 43.46383833], [-1.55283938, 43.46396111], [-1.55290216, 43.46405649], [-1.55301434, 43.46422667], [-1.55316527, 43.46443029], [-1.55329392, 43.46460396], [-1.55334612, 43.4646697], [-1.55341367, 43.46465142], [-1.55343139, 43.46464666], [-1.55369525, 43.4645753], [-1.55390623, 43.46497027], [-1.55419386, 43.46546734], [-1.55413658, 43.46548238], [-1.55407999, 43.46550021], [-1.55407485, 43.46549132], [-1.55397428, 43.46531725], [-1.55381088, 43.46503434], [-1.55380482, 43.46502773], [-1.55379857, 43.46502194], [-1.55379513, 43.46501892], [-1.5537891, 43.46501447], [-1.5537813, 43.46500938], [-1.55377419, 43.46500533], [-1.55376686, 43.46500165], [-1.55375791, 43.46499777], [-1.55374977, 43.46499493], [-1.55374167, 43.46499255], [-1.55373588, 43.46499106], [-1.55372795, 43.4649893], [-1.55371903, 43.46498767], [-1.55370907, 43.46498672], [-1.55370111, 43.46498622], [-1.55369206, 43.46498604], [-1.5536828, 43.46498631], [-1.55367381, 43.46498694], [-1.55366499, 43.4649881], [-1.55365716, 43.4649894], [-1.55347961, 43.46503157], [-1.55305081, 43.46513343], [-1.55287637, 43.46515926], [-1.55302212, 43.4653447], [-1.55309515, 43.4654379]]]]}, "geometry_name": "the_geom", "properties": {"gid": 3130405, "gpu_doc_id": "6345e561e148d0d60d85340d4b826649", "gpu_status": "production", "gpu_timestamp": "2025-10-08T08:09:54.942Z", "partition": "DU_64122", "libelle": "UDi*", "libelong": "UDi*", "typezone": "U", "destdomi": null, "nomfic": "64122_reglement_20250927.pdf#UD", "urlfic": "", "insee": null, "datappro": null, "datvalid": "20240323", "idurba": "64122_PLU_20250927", "idzone": null, "lib_idzone": "", "formdomi": null, "destoui": null, "destcdt": null, "destnon": null, "symbole": null}}, {"type": "Feature", "id": "zone_urba.3130254", "geometry": {"type": "MultiPolygon", "coordinates": [[[[-1.5481812, 43.46197192], [-1.54834477, 43.46195826], [-1.54847771, 43.46207498], [-1.54861478, 43.46219739], [-1.54871629, 43.46228802], [-1.54762602, 43.46367291], [-1.54755511, 43.46376294], [-1.54753297, 43.46370891], [-1.54735663, 43.46306024], [-1.54728045, 43.46269321], [-1.54720238, 43.46238232], [-1.5472419, 43.46236299], [-1.54751463, 43.46222946], [-1.54780503, 43.46208737], [-1.54801185, 43.46198627], [-1.54816767, 43.46197309], [-1.5481812, 43.46197192]]]]}, "geometry_name": "the_geom", "properties": {"gid": 3130254, "gpu_doc_id": "6345e561e148d0d60d85340d4b826649", "gpu_status": "production", "gpu_timestamp": "2025-10-08T08:09:54.942Z", "partition": "DU_64122", "libelle": "UH", "libelong": "UH", "typezone": "U", "destdomi": null, "nomfic": "64122_reglement_20250927.pdf#UH", "urlfic": "", "insee": null, "datappro": null, "datvalid": "20170923", "idurba": "64122_PLU_20250927", "idzone": null, "lib_idzone": "", "formdomi": null, "destoui": null, "destcdt": null, "destnon": null, "symbole": null}}, {"type": "Feature", "id": "zone_urba.3130265", "geometry": {"type": "MultiPolygon", "coordinates": [[[[-1.54670478, 43.46108608], [-1.54759731, 43.46021062], [-1.54794272, 43.46041843], [-1.54787817, 43.4604737], [-1.54764485, 43.46068113], [-1.54735341, 43.46094225], [-1.54728031, 43.46090276], [-1.54713646, 43.46104528], [-1.54709197, 43.46108932], [-1.54712791, 43.46110664], [-1.54701776, 43.46120808], [-1.54698836, 43.46122871], [-1.54698206, 43.46122553], [-1.54689353, 43.46117999], [-1.5468418, 43.46115336], [-1.54673423, 43.46109811], [-1.54670478, 43.46108608]]]]}, "geometry_name": "the_geom", "properties": {"gid": 3130265, "gpu_doc_id": "6345e561e148d0d60d85340d4b826649", "gpu_status": "production", "gpu_timestamp": "2025-10-08T08:09:54.942Z", "partition": "DU_64122", "libelle": "UY*", "libelong": "UY*", "typezone": "U", "destdomi": null, "nomfic": "64122_reglement_20250927.pdf#UY", "urlfic": "", "insee": null, "datappro": null, "datvalid": "20170923", "idurba": "64122_PLU_20250927", "idzone": null, "lib_idzone": "", "formdomi": null, "destoui": null, "destcdt": null, "destnon": null, "symbole": null}}, {"type": "Feature", "id": "zone_urba.3130285", "geometry": {"type": "MultiPolygon", "coordinates": [[[[-1.54701064, 43.46448775], [-1.54695002, 43.46447028], [-1.54688241, 43.46448304], [-1.54677514, 43.46402754], [-1.54675292, 43.4639335], [-1.54674414, 43.46388886], [-1.54742228, 43.463797], [-1.54755511, 43.46376294], [-1.54751352, 43.46381577], [-1.54750007, 43.46383283], [-1.54739096, 43.46397863], [-1.54722457, 43.46420132], [-1.54714889, 43.46430292], [-1.54701064, 43.46448775]]]]}, "geometry_name": "the_geom", "properties": {"gid": 3130285, "gpu_doc_id": "6345e561e148d0d60d85340d4b826649", "gpu_status": "production", "gpu_timestamp": "2025-10-08T08:09:54.942Z", "partition": "DU_64122", "libelle": "UDi", "libelong": "UDi", "typezone": "U", "destdomi": null, "nomfic": "64122_reglement_20250927.pdf#UD", "urlfic": "", "insee": null, "datappro": null, "datvalid": "20170923", "idurba": "64122_PLU_20250927", "idzone": null, "lib_idzone": "", "formdomi": null, "destoui": null, "destcdt": null, "destnon": null, "symbole": null}}, {"type": "Feature", "id": "zone_urba.3130353", "geometry": {"type": "MultiPolygon", "coordinates": [[[[-1.54160789, 43.46609961], [-1.54247125, 43.46523484], [-1.54364797, 43.46406012], [-1.54397838, 43.46373027], [-1.54402841, 43.46368024], [-1.54434892, 43.46384478], [-1.5443183, 43.46388323], [-1.54418358, 43.46405389], [-1.54432378, 43.46423384], [-1.54450779, 43.46447213], [-1.54470754, 43.46472676], [-1.54489977, 43.46497379], [-1.54510301, 43.46523472], [-1.54516719, 43.46531706], [-1.54524821, 43.46542161], [-1.54412343, 43.46569132], [-1.54375821, 43.4653593], [-1.54365118, 43.46543253], [-1.54364576, 43.46543951], [-1.54285836, 43.46610039], [-1.54280343, 43.46613897], [-1.54266565, 43.46625567], [-1.54173112, 43.46612193], [-1.54160789, 43.46609961]]]]}, "geometry_name": "the_geom", "properties": {"gid": 3130353, "gpu_doc_id": "6345e561e148d0d60d85340d4b826649", "gpu_status": "production", "gpu_timestamp": "2025-10-08T08:09:54.942Z", "partition": "DU_64122", "libelle": "Nhi*", "libelong": "Nhi*", "typezone": "N", "destdomi": null, "nomfic": "64122_reglement_20250927.pdf#N", "urlfic": "", "insee": null, "datappro": null, "datvalid": "20170923", "idurba": "64122_PLU_20250927", "idzone": null, "lib_idzone": "", "formdomi": null, "destoui": null, "destcdt": null, "destnon": null, "symbole": null}}, {"type": "Feature", "id": "zone_urba.3130290", "geometry": {"type": "MultiPolygon", "coordinates": [[[[-1.53920331, 43.46554392], [-1.53919903, 43.46554166], [-1.53869507, 43.46527161], [-1.53852876, 43.46517864], [-1.53850781, 43.46515503], [-1.53847042, 43.46511288], [-1.53843548, 43.46505242], [-1.53843021, 43.46497312], [-1.53843514, 43.46496607], [-1.53863497, 43.46467713], [-1.53982163, 43.46514286], [-1.53967873, 43.46528532], [-1.53956532, 43.46540459], [-1.53971057, 43.4654796], [-1.54005077, 43.46565435], [-1.5405764, 43.46592435], [-1.5404123, 43.46609025], [-1.54047177, 43.46609617], [-1.54055955, 43.46610491], [-1.54064846, 43.46611376], [-1.54074596, 43.46614678], [-1.54077512, 43.46616318], [-1.54085039, 43.46620549], [-1.54098644, 43.46628198], [-1.54117473, 43.46638751], [-1.54125147, 43.46645659], [-1.54172602, 43.46660529], [-1.54205087, 43.46662022], [-1.54207574, 43.46662136], [-1.54208506, 43.46662179], [-1.54196337, 43.46668257], [-1.54184441, 43.46673387], [-1.54131316, 43.46696304], [-1.54099893, 43.46698498], [-1.54097276, 43.46701089], [-1.54090272, 43.46708008], [-1.54089578, 43.46708693], [-1.54087107, 43.46711135], [-1.5406906, 43.4671421], [-1.54049829, 43.46718404], [-1.53971285, 43.46710598], [-1.53970337, 43.46703115], [-1.5396676, 43.46681568], [-1.5396639, 43.46679337], [-1.53963629, 43.46662703], [-1.53963959, 43.46653447], [-1.53965788, 43.46648138], [-1.53967617, 43.46642829], [-1.53965756, 43.46642193], [-1.53962292, 43.46641008], [-1.53956887, 43.46639553], [-1.53958011, 43.46635516], [-1.53960121, 43.46627932], [-1.53959998, 43.46626218], [-1.53959751, 43.46622791], [-1.53958583, 43.46606607], [-1.53957999, 43.46598521], [-1.53956759, 43.46596206], [-1.53955929, 43.46594654], [-1.53956958, 43.46593513], [-1.53964538, 43.46585102], [-1.53962951, 43.46584326], [-1.53962831, 43.46584268], [-1.53967723, 43.46579478], [-1.53949521, 43.46569856], [-1.53920331, 43.46554392]]]]}, "geometry_name": "the_geom", "properties": {"gid": 3130290, "gpu_doc_id": "6345e561e148d0d60d85340d4b826649", "gpu_status": "production", "gpu_timestamp": "2025-10-08T08:09:54.942Z", "partition": "DU_64122", "libelle": "UYt", "libelong": "UYt", "typezone": "U", "destdomi": null, "nomfic": "64122_reglement_20250927.pdf#UY", "urlfic": "", "insee": null, "datappro": null, "datvalid": "20190720", "idurba": "64122_PLU_20250927", "idzone": null, "lib_idzone": "", "formdomi": null, "destoui": null, "destcdt": null, "destnon": null, "symbole": null}}, {"type": "Feature", "id": "zone_urba.3130294", "geometry": {"type": "MultiPolygon", "coordinates": [[[[-1.54049829, 43.46718404], [-1.53979896, 43.4679784], [-1.5391203, 43.46865341], [-1.53913623, 43.46883276], [-1.53919461, 43.4696815], [-1.53917277, 43.46972986], [-1.53914344, 43.46979818], [-1.53909938, 43.46989989], [-1.53908354, 43.46993576], [-1.53834607, 43.46961462], [-1.5382108, 43.46955798], [-1.53744211, 43.47032248], [-1.5372289, 43.47032947], [-1.53451232, 43.47041761], [-1.53441135, 43.46881243], [-1.53446441, 43.46849151], [-1.5345314, 43.46806484], [-1.53461896, 43.46752676], [-1.53460683, 43.46630723], [-1.53463813, 43.46610687], [-1.53468664, 43.46579649], [-1.53471495, 43.46561581], [-1.53472906, 43.46552574], [-1.53476617, 43.46528856], [-1.53477798, 43.46521255], [-1.53478573, 43.46516124], [-1.53641508, 43.46572272], [-1.5370027, 43.46607639], [-1.53704287, 43.46603066], [-1.5370683, 43.466001], [-1.53731927, 43.46571805], [-1.53740882, 43.46558812], [-1.53744188, 43.46562484], [-1.53756384, 43.46567463], [-1.53788749, 43.46580548], [-1.53870113, 43.46587154], [-1.53908192, 43.46590288], [-1.53913869, 43.46590749], [-1.53918702, 43.46560829], [-1.53919903, 43.46554166], [-1.53920331, 43.46554392], [-1.53949521, 43.46569856], [-1.53967723, 43.46579478], [-1.53962831, 43.46584268], [-1.53962951, 43.46584326], [-1.53964538, 43.46585102], [-1.53956958, 43.46593513], [-1.53955929, 43.46594654], [-1.53956759, 43.46596206], [-1.53957999, 43.46598521], [-1.53958583, 43.46606607], [-1.53959751, 43.46622791], [-1.53959998, 43.46626218], [-1.53960121, 43.46627932], [-1.53958011, 43.46635516], [-1.53956887, 43.46639553], [-1.53962292, 43.46641008], [-1.53965756, 43.46642193], [-1.53967617, 43.46642829], [-1.53965788, 43.46648138], [-1.53963959, 43.46653447], [-1.53963629, 43.46662703], [-1.5396639, 43.46679337], [-1.5396676, 43.46681568], [-1.53970337, 43.46703115], [-1.53971285, 43.46710598], [-1.54049829, 43.46718404]]]]}, "geometry_name": "the_geom", "properties": {"gid": 3130294, "gpu_doc_id": "6345e561e148d0d60d85340d4b826649", "gpu_status": "production", "gpu_timestamp": "2025-10-08T08:09:54.942Z", "partition": "DU_64122", "libelle": "Nb", "libelong": "Nb", "typezone": "N", "destdomi": null, "nomfic": "64122_reglement_20250927.pdf#N", "urlfic": "", "insee": null, "datappro": null, "datvalid": "20170923", "idurba": "64122_PLU_20250927", "idzone": null, "lib_idzone": "", "formdomi": null, "destoui": null, "destcdt": null, "destnon": null, "symbole": null}}, {"type": "Feature", "id": "zone_urba.3130298", "geometry": {"type": "MultiPolygon", "coordinates": [[[[-1.55258615, 43.46669809], [-1.55258022, 43.46668989], [-1.5525598, 43.4666916], [-1.55205586, 43.46674883], [-1.55203797, 43.4666795], [-1.55201893, 43.46660326], [-1.552017, 43.46659093], [-1.55200318, 43.46657161], [-1.55209816, 43.46653924], [-1.55223349, 43.4664978], [-1.55232853, 43.46648906], [-1.55244581, 43.46647812], [-1.55253467, 43.46645623], [-1.55251703, 43.46641231], [-1.55244625, 43.46640185], [-1.55241758, 43.4663975], [-1.55227219, 43.46637896], [-1.55210152, 43.46634462], [-1.55191384, 43.46627652], [-1.55175927, 43.46618348], [-1.55160124, 43.46609474], [-1.5515205, 43.46604077], [-1.55149715, 43.46600837], [-1.55132716, 43.46589285], [-1.55130121, 43.46587007], [-1.55114858, 43.46573512], [-1.55110897, 43.46570008], [-1.55108325, 43.46567712], [-1.55101199, 43.46565758], [-1.55095416, 43.46566716], [-1.55082229, 43.46563469], [-1.55063979, 43.46557726], [-1.55051462, 43.46554822], [-1.55038025, 43.46552883], [-1.5503156, 43.46551326], [-1.55028003, 43.46549754], [-1.55023308, 43.46546045], [-1.550195, 43.46538777], [-1.55018816, 43.46535568], [-1.55013469, 43.46510791], [-1.55009813, 43.46494439], [-1.55009115, 43.46491537], [-1.55005292, 43.46490561], [-1.55002884, 43.46486969], [-1.55002401, 43.46486294], [-1.54999967, 43.46482866], [-1.54989576, 43.46474784], [-1.54978226, 43.46464127], [-1.5497198, 43.46454863], [-1.54967359, 43.46447996], [-1.54961891, 43.46436051], [-1.54954006, 43.46423229], [-1.54950824, 43.46418045], [-1.54945399, 43.46411011], [-1.54937507, 43.46400749], [-1.54933455, 43.46395347], [-1.54896527, 43.46379083], [-1.54900873, 43.46370375], [-1.54908486, 43.46370641], [-1.54935423, 43.46371692], [-1.54946355, 43.46372106], [-1.54990045, 43.46373796], [-1.55005257, 43.46374321], [-1.55025276, 43.46374964], [-1.55033573, 43.46375319], [-1.55036711, 43.46373132], [-1.55041792, 43.46370552], [-1.55045247, 43.46369091], [-1.55049252, 43.46367526], [-1.55054786, 43.4636573], [-1.55060895, 43.46364344], [-1.55066276, 43.46363473], [-1.55072195, 43.46363014], [-1.55076906, 43.46362955], [-1.55080737, 43.46363056], [-1.55088237, 43.46363886], [-1.55091521, 43.46364279], [-1.55098543, 43.46365841], [-1.55105102, 43.46367826], [-1.55122802, 43.46374853], [-1.55128188, 43.46377517], [-1.55134534, 43.46380655], [-1.55136604, 43.46381862], [-1.55139219, 43.46383399], [-1.55141379, 43.46384648], [-1.55150778, 43.46390713], [-1.55156435, 43.46394898], [-1.55164567, 43.46401725], [-1.55170461, 43.46407252], [-1.55177147, 43.46415263], [-1.55182341, 43.46422017], [-1.55186501, 43.46428208], [-1.55189954, 43.46434193], [-1.55195649, 43.46446516], [-1.55197147, 43.46451162], [-1.55199211, 43.46458608], [-1.55199385, 43.46459782], [-1.55201077, 43.46471037], [-1.55201532, 43.46477654], [-1.55201367, 43.46482411], [-1.55198301, 43.4649508], [-1.5519673, 43.46498586], [-1.55195796, 43.46500344], [-1.55194287, 43.46503172], [-1.55191865, 43.46506548], [-1.55188769, 43.46509844], [-1.55185271, 43.46513227], [-1.55180184, 43.46517052], [-1.55175783, 43.46519776], [-1.55170312, 43.46522427], [-1.55170213, 43.46522584], [-1.55171967, 43.46524877], [-1.55184491, 43.46543628], [-1.55186902, 43.4654876], [-1.55189394, 43.46554305], [-1.55192952, 43.46564066], [-1.5519533, 43.46571523], [-1.55200516, 43.46584659], [-1.55202025, 43.46588972], [-1.55206794, 43.46598672], [-1.55210995, 43.46606214], [-1.55215381, 43.46611593], [-1.5521892, 43.46615249], [-1.5522276, 43.46618613], [-1.55227297, 43.46622039], [-1.55233437, 43.46626051], [-1.5524022, 43.46629714], [-1.55247731, 43.46633338], [-1.55256338, 43.46636748], [-1.55266494, 43.46639835], [-1.55276314, 43.4664223], [-1.55285752, 43.46643885], [-1.55296249, 43.46644692], [-1.55305504, 43.46644464], [-1.55307044, 43.46649528], [-1.55286324, 43.46652492], [-1.55293592, 43.46680952], [-1.55287095, 43.46681633], [-1.55261473, 43.46684371], [-1.55258615, 43.46669809]]]]}, "geometry_name": "the_geom", "properties": {"gid": 3130298, "gpu_doc_id": "6345e561e148d0d60d85340d4b826649", "gpu_status": "production", "gpu_timestamp": "2025-10-08T08:09:54.942Z", "partition": "DU_64122", "libelle": "UDi", "libelong": "UDi", "typezone": "U", "destdomi": null, "nomfic": "64122_reglement_20250927.pdf#UD", "urlfic": "", "insee": null, "datappro": null, "datvalid": "20170923", "idurba": "64122_PLU_20250927", "idzone": null, "lib_idzone": "", "formdomi": null, "destoui": null, "destcdt": null, "destnon": null, "symbole": null}}, {"type": "Feature", "id": "zone_urba.3130302", "geometry": {"type": "MultiPolygon", "coordinates": [[[[-1.54871431, 43.46115634], [-1.54881767, 43.46091402], [-1.54946165, 43.46126112], [-1.54943516, 43.46132059], [-1.54943196, 43.46132793], [-1.54943175, 43.4613284], [-1.54922325, 43.4615965], [-1.54912962, 43.46151071], [-1.54899115, 43.46138611], [-1.54886568, 43.46127324], [-1.5486924, 43.46122384], [-1.54871431, 43.46115634]]]]}, "geometry_name": "the_geom", "properties": {"gid": 3130302, "gpu_doc_id": "6345e561e148d0d60d85340d4b826649", "gpu_status": "production", "gpu_timestamp": "2025-10-08T08:09:54.942Z", "partition": "DU_64122", "libelle": "UDa*", "libelong": "UDa*", "typezone": "U", "destdomi": null, "nomfic": "64122_reglement_20250927.pdf#UD", "urlfic": "", "insee": null, "datappro": null, "datvalid": "20170923", "idurba": "64122_PLU_20250927", "idzone": null, "lib_idzone": "", "formdomi": null, "destoui": null, "destcdt": null, "destnon": null, "symbole": null}}, {"type": "Feature", "id": "zone_urba.3130303", "geometry": {"type": "MultiPolygon", "coordinates": [[[[-1.53895749, 43.47256346], [-1.53905944, 43.47222917], [-1.53706795, 43.4714807], [-1.53711157, 43.47142254], [-1.53723605, 43.47126106], [-1.53727765, 43.47121282], [-1.53730469, 43.47116265], [-1.53771968, 43.47135781], [-1.53777149, 43.47137762], [-1.5385792, 43.47170811], [-1.53865608, 43.47140705], [-1.53914472, 43.4715288], [-1.53919599, 43.47130755], [-1.53920838, 43.47125433], [-1.53923452, 43.47114134], [-1.53927008, 43.47098859], [-1.53932836, 43.47090994], [-1.53949619, 43.4709466], [-1.53966391, 43.47098326], [-1.53972378, 43.47099623], [-1.54007393, 43.47107276], [-1.54008827, 43.47103929], [-1.54012504, 43.47104766], [-1.54024541, 43.47107511], [-1.54043843, 43.47111924], [-1.54085511, 43.47121839], [-1.54092537, 43.47123029], [-1.54093195, 43.47117982], [-1.54087082, 43.47031195], [-1.54116271, 43.470326], [-1.54153179, 43.47035271], [-1.54176382, 43.47034194], [-1.54180721, 43.47033435], [-1.54204499, 43.47068093], [-1.54218283, 43.47088184], [-1.54239517, 43.47116941], [-1.54255361, 43.47136942], [-1.54279483, 43.47167379], [-1.54290327, 43.47181068], [-1.5429858, 43.47191181], [-1.54300527, 43.47193556], [-1.54310306, 43.47205565], [-1.54311601, 43.47208165], [-1.5431368, 43.47212319], [-1.54315804, 43.47216581], [-1.54323218, 43.47231406], [-1.54323602, 43.47229236], [-1.54325369, 43.47219719], [-1.54327108, 43.47210294], [-1.54329451, 43.47197527], [-1.54331358, 43.47187221], [-1.54329964, 43.47178435], [-1.54380236, 43.47175215], [-1.54391595, 43.47174497], [-1.54395413, 43.47174248], [-1.54431398, 43.47171801], [-1.54439748, 43.47171237], [-1.54450635, 43.47170501], [-1.54452519, 43.47170373], [-1.54466928, 43.4716939], [-1.5448258, 43.47168322], [-1.54491212, 43.47167729], [-1.54492989, 43.4717031], [-1.54506249, 43.47175529], [-1.54508596, 43.47176455], [-1.54517725, 43.47180043], [-1.54519925, 43.47181164], [-1.54524374, 43.47186406], [-1.54528562, 43.4719046], [-1.54535708, 43.47189673], [-1.54538912, 43.47189321], [-1.54545222, 43.47188613], [-1.54554622, 43.47186692], [-1.54589163, 43.47172672], [-1.54601586, 43.47165876], [-1.5460166, 43.47166219], [-1.54611544, 43.47166363], [-1.54611955, 43.47162236], [-1.54617841, 43.47159336], [-1.546484, 43.47144348], [-1.54663419, 43.47137047], [-1.54667251, 43.47135184], [-1.54704365, 43.47117142], [-1.54724231, 43.47107488], [-1.54737598, 43.47101002], [-1.5474246, 43.47098638], [-1.54744645, 43.47097569], [-1.54750483, 43.47094346], [-1.54751613, 43.47093725], [-1.54763228, 43.47091806], [-1.54775273, 43.47089834], [-1.54787727, 43.47090704], [-1.54799835, 43.4709156], [-1.54811928, 43.47092408], [-1.5482161, 43.47094442], [-1.54826036, 43.47095376], [-1.54843131, 43.47098977], [-1.54930055, 43.47084891], [-1.5492881, 43.47081834], [-1.54925837, 43.47042732], [-1.54878397, 43.47044816], [-1.54877024, 43.47033201], [-1.54821266, 43.47035582], [-1.5481873, 43.47003672], [-1.54815284, 43.46960521], [-1.54815282, 43.46960498], [-1.54815281, 43.46960492], [-1.54814629, 43.46953503], [-1.54803068, 43.46956865], [-1.54798679, 43.46958102], [-1.54759041, 43.4696932], [-1.5473892, 43.46974865], [-1.54714615, 43.46981567], [-1.54701429, 43.46985161], [-1.54672653, 43.46993003], [-1.54654784, 43.46996701], [-1.54639778, 43.47001141], [-1.54629574, 43.46996164], [-1.54584232, 43.46974363], [-1.54580952, 43.46972368], [-1.54588666, 43.46971686], [-1.54610361, 43.46969725], [-1.54631043, 43.46967838], [-1.54638054, 43.46967187], [-1.54666956, 43.46964548], [-1.54687083, 43.46962742], [-1.54703035, 43.4695915], [-1.54738374, 43.46951224], [-1.54767838, 43.46944603], [-1.54770007, 43.46943821], [-1.54795273, 43.46935], [-1.54816388, 43.4692757], [-1.54824092, 43.46911664], [-1.54830137, 43.4691012], [-1.54859857, 43.46907677], [-1.54906492, 43.46904492], [-1.54908499, 43.46868752], [-1.54927487, 43.4686446], [-1.54929903, 43.46865482], [-1.54932865, 43.46866375], [-1.54938842, 43.46868194], [-1.54948999, 43.46870452], [-1.54969451, 43.46873693], [-1.54980585, 43.46876444], [-1.54992776, 43.46878433], [-1.54999313, 43.4687913], [-1.55010435, 43.46879565], [-1.55007731, 43.46872879], [-1.55047108, 43.46844547], [-1.55066694, 43.4683542], [-1.55112979, 43.4682591], [-1.55140936, 43.4682005], [-1.55157999, 43.46815684], [-1.5517149, 43.46807209], [-1.55169012, 43.46804324], [-1.55168505, 43.46803154], [-1.55155929, 43.46773723], [-1.55172151, 43.46770847], [-1.55175523, 43.46766098], [-1.55178392, 43.46766066], [-1.55211212, 43.4676586], [-1.55233604, 43.4676539], [-1.55247839, 43.46764422], [-1.55250524, 43.46763748], [-1.55248955, 43.46757464], [-1.5524276, 43.46732784], [-1.55296632, 43.46726085], [-1.55300467, 43.46742682], [-1.55301216, 43.46745925], [-1.55326963, 43.46737326], [-1.55337322, 43.46733338], [-1.55339635, 43.46739222], [-1.55354735, 43.46733365], [-1.55359249, 43.46741252], [-1.55370157, 43.46755938], [-1.55372003, 43.46759013], [-1.55354877, 43.46768177], [-1.55363631, 43.46773837], [-1.55374673, 43.46776177], [-1.55388681, 43.46779139], [-1.5539126, 43.46779695], [-1.55391188, 43.46779897], [-1.553875, 43.46791356], [-1.55384494, 43.46800696], [-1.55409049, 43.46801511], [-1.55415476, 43.46801725], [-1.55414347, 43.46822954], [-1.55398669, 43.468225], [-1.55398219, 43.4682525], [-1.55394506, 43.46847022], [-1.55411664, 43.46851564], [-1.5543276, 43.46851214], [-1.55433317, 43.46874894], [-1.55457669, 43.46874643], [-1.55458425, 43.46905893], [-1.55460893, 43.46905878], [-1.55461045, 43.46908378], [-1.55461352, 43.46913449], [-1.55461342, 43.46915899], [-1.55461209, 43.46945907], [-1.55437184, 43.46948056], [-1.55435819, 43.46948182], [-1.55431467, 43.4694857], [-1.55412398, 43.46950279], [-1.55401922, 43.46951225], [-1.55406459, 43.46975736], [-1.55408233, 43.46985429], [-1.55413075, 43.47011704], [-1.55412499, 43.47015936], [-1.55379729, 43.47011533], [-1.55319639, 43.47004518], [-1.55212174, 43.46994089], [-1.55086094, 43.46985309], [-1.55085044, 43.46995781], [-1.55081369, 43.47024384], [-1.55079888, 43.47035585], [-1.55078482, 43.47046124], [-1.55077034, 43.47057107], [-1.55075552, 43.4706746], [-1.55073892, 43.47079569], [-1.55073092, 43.47085613], [-1.55071864, 43.47095055], [-1.5507814, 43.47095393], [-1.55105517, 43.47090715], [-1.55101155, 43.47116912], [-1.55097246, 43.47138394], [-1.55094343, 43.47154762], [-1.55101921, 43.47155463], [-1.55100974, 43.4716136], [-1.55097159, 43.47185101], [-1.55095233, 43.47198122], [-1.55093312, 43.47210566], [-1.55090164, 43.47230955], [-1.55086817, 43.47252667], [-1.55086667, 43.47253678], [-1.55038494, 43.47268195], [-1.5503216, 43.47270057], [-1.55025814, 43.47272464], [-1.54966177, 43.47295298], [-1.5494483, 43.47305229], [-1.54938819, 43.47308015], [-1.54934666, 43.4730994], [-1.54927033, 43.47313486], [-1.54902655, 43.47324807], [-1.54898991, 43.47326513], [-1.54898058, 43.4732695], [-1.54884819, 43.47334152], [-1.54877046, 43.47338389], [-1.54865473, 43.47344682], [-1.54860279, 43.47347509], [-1.54848016, 43.4735035], [-1.54836454, 43.47353022], [-1.54833102, 43.47353804], [-1.54826277, 43.47355378], [-1.54820353, 43.47355581], [-1.54806234, 43.47356065], [-1.54792522, 43.47356542], [-1.54789547, 43.47356641], [-1.54774073, 43.47354846], [-1.54754346, 43.47352553], [-1.54729167, 43.4734963], [-1.54707488, 43.47347116], [-1.54706091, 43.4734695], [-1.54692109, 43.47344916], [-1.54679026, 43.47342997], [-1.5466296, 43.47340659], [-1.5464432, 43.47337936], [-1.54627062, 43.47335421], [-1.54591991, 43.47330306], [-1.54588315, 43.4732977], [-1.54520274, 43.47319843], [-1.54507264, 43.47317284], [-1.54456365, 43.47307252], [-1.54434818, 43.47303004], [-1.54421619, 43.47300406], [-1.54397412, 43.47295633], [-1.54382775, 43.47292748], [-1.54363901, 43.47290959], [-1.54351663, 43.47289795], [-1.54348855, 43.47289529], [-1.54329451, 43.4728768], [-1.54310142, 43.47285865], [-1.54289724, 43.47283948], [-1.54271674, 43.47282205], [-1.54250098, 43.47280179], [-1.54228783, 43.47278131], [-1.54220113, 43.47277344], [-1.54211614, 43.47276549], [-1.5420763, 43.47276152], [-1.54193262, 43.47274791], [-1.54181874, 43.4727369], [-1.54174741, 43.47272851], [-1.54156727, 43.47270727], [-1.5413839, 43.47268611], [-1.54121086, 43.47266546], [-1.54110007, 43.47265271], [-1.54088447, 43.47264314], [-1.5408369, 43.47264067], [-1.54044928, 43.47262339], [-1.54036168, 43.47261944], [-1.54016006, 43.47261134], [-1.53903717, 43.47256671], [-1.53895749, 43.47256346]]]]}, "geometry_name": "the_geom", "properties": {"gid": 3130303, "gpu_doc_id": "6345e561e148d0d60d85340d4b826649", "gpu_status": "production", "gpu_timestamp": "2025-10-08T08:09:54.942Z", "partition": "DU_64122", "libelle": "UDi", "libelong": "UDi", "typezone": "U", "destdomi": null, "nomfic": "64122_reglement_20250927.pdf#UD", "urlfic": "", "insee": null, "datappro": null, "datvalid": "20190720", "idurba": "64122_PLU_20250927", "idzone": null, "lib_idzone": "", "formdomi": null, "destoui": null, "destcdt": null, "destnon": null, "symbole": null}}, {"type": "Feature", "id": "zone_urba.3130350", "geometry": {"type": "MultiPolygon", "coordinates": [[[[-1.54586289, 43.46274418], [-1.54582398, 43.46273012], [-1.5457998, 43.4627528], [-1.54575033, 43.46272997], [-1.54555772, 43.4626412], [-1.54532679, 43.46255295], [-1.54538886, 43.46249218], [-1.54575872, 43.46223871], [-1.54620869, 43.4624565], [-1.54619223, 43.4623451], [-1.54661021, 43.46194324], [-1.54661784, 43.46195754], [-1.5467282, 43.46228501], [-1.54706467, 43.4622464], [-1.54720238, 43.46238232], [-1.54728045, 43.46269321], [-1.54614292, 43.46283202], [-1.54604071, 43.46280875], [-1.54586289, 43.46274418]]]]}, "geometry_name": "the_geom", "properties": {"gid": 3130350, "gpu_doc_id": "6345e561e148d0d60d85340d4b826649", "gpu_status": "production", "gpu_timestamp": "2025-10-08T08:09:54.942Z", "partition": "DU_64122", "libelle": "UG", "libelong": "UG", "typezone": "U", "destdomi": null, "nomfic": "64122_reglement_20250927.pdf#UG", "urlfic": "", "insee": null, "datappro": null, "datvalid": "20170923", "idurba": "64122_PLU_20250927", "idzone": null, "lib_idzone": "", "formdomi": null, "destoui": null, "destcdt": null, "destnon": null, "symbole": null}}, {"type": "Feature", "id": "zone_urba.3130370", "geometry": {"type": "MultiPolygon", "coordinates": [[[[-1.55480622, 43.46944157], [-1.55501019, 43.46942323], [-1.55509051, 43.47002944], [-1.55511106, 43.47002952], [-1.55512162, 43.47010302], [-1.5551375, 43.47021319], [-1.55514692, 43.47029857], [-1.55478364, 43.47024788], [-1.55412499, 43.47015936], [-1.55413075, 43.47011704], [-1.55408233, 43.46985429], [-1.55406459, 43.46975736], [-1.55401922, 43.46951225], [-1.55412398, 43.46950279], [-1.55431467, 43.4694857], [-1.55435819, 43.46948182], [-1.55437184, 43.46948056], [-1.55461209, 43.46945907], [-1.55480622, 43.46944157]]]]}, "geometry_name": "the_geom", "properties": {"gid": 3130370, "gpu_doc_id": "6345e561e148d0d60d85340d4b826649", "gpu_status": "production", "gpu_timestamp": "2025-10-08T08:09:54.942Z", "partition": "DU_64122", "libelle": "UDti", "libelong": "UDti", "typezone": "U", "destdomi": null, "nomfic": "64122_reglement_20250927.pdf#UD", "urlfic": "", "insee": null, "datappro": null, "datvalid": "20170923", "idurba": "64122_PLU_20250927", "idzone": null, "lib_idzone": "", "formdomi": null, "destoui": null, "destcdt": null, "destnon": null, "symbole": null}}, {"type": "Feature", "id": "zone_urba.3130337", "geometry": {"type": "MultiPolygon", "coordinates": [[[[-1.54713646, 43.46104528], [-1.54728031, 43.46090276], [-1.54735341, 43.46094225], [-1.54764485, 43.46068113], [-1.54787817, 43.4604737], [-1.54794272, 43.46041843], [-1.54759731, 43.46021062], [-1.54670478, 43.46108608], [-1.54673423, 43.46109811], [-1.5468418, 43.46115336], [-1.54689353, 43.46117999], [-1.54698206, 43.46122553], [-1.54698836, 43.46122871], [-1.54705682, 43.46126387], [-1.54721097, 43.46134315], [-1.5471861, 43.46136496], [-1.54708017, 43.46146802], [-1.54695818, 43.46140704], [-1.54685483, 43.46135522], [-1.54680931, 43.46133214], [-1.54676572, 43.46131006], [-1.54668161, 43.46126741], [-1.54661704, 43.46123462], [-1.54660505, 43.46122815], [-1.5465158, 43.4611905], [-1.54599975, 43.46168135], [-1.54575423, 43.46193134], [-1.54562864, 43.46188399], [-1.5451056, 43.46168016], [-1.54489812, 43.46160108], [-1.54456876, 43.46161867], [-1.54442133, 43.46161664], [-1.54413393, 43.46161256], [-1.54392171, 43.46160958], [-1.54382355, 43.46184899], [-1.54377704, 43.46196251], [-1.54374957, 43.46201083], [-1.54372568, 43.4620025], [-1.54326061, 43.46178592], [-1.54269643, 43.46152313], [-1.5430804, 43.46140594], [-1.54312989, 43.46139083], [-1.54345839, 43.46129179], [-1.54355256, 43.46126329], [-1.54370484, 43.46121744], [-1.5438745, 43.46123419], [-1.5439223, 43.4609881], [-1.54397391, 43.46073348], [-1.54403446, 43.46029939], [-1.5439426, 43.45997922], [-1.54392995, 43.45993343], [-1.54391914, 43.45989246], [-1.54372273, 43.45922448], [-1.54382286, 43.45920642], [-1.54382001, 43.45915376], [-1.54473764, 43.45898747], [-1.54683808, 43.45869236], [-1.54722325, 43.45862684], [-1.54735238, 43.45849203], [-1.54736271, 43.45843552], [-1.54767476, 43.45837508], [-1.5481575, 43.45843502], [-1.5485151, 43.45848711], [-1.54858103, 43.45848738], [-1.54868373, 43.45848781], [-1.54883666, 43.45845878], [-1.5489105, 43.45843464], [-1.54908924, 43.4583762], [-1.54919076, 43.45833902], [-1.5492181, 43.45841941], [-1.54926579, 43.45856194], [-1.549329, 43.45863219], [-1.54938744, 43.45870254], [-1.5494159, 43.45873491], [-1.54935437, 43.45876532], [-1.54931692, 43.45879745], [-1.54938147, 43.45889325], [-1.54965316, 43.45930322], [-1.54966489, 43.45932115], [-1.54970145, 43.4593783], [-1.54973137, 43.45941518], [-1.54918988, 43.45978592], [-1.54926385, 43.45985892], [-1.54953579, 43.46016391], [-1.54953772, 43.46016695], [-1.54962906, 43.46043603], [-1.54963075, 43.46046648], [-1.54963904, 43.46061616], [-1.54959531, 43.46089648], [-1.54958243, 43.46097839], [-1.54946165, 43.46126112], [-1.54881767, 43.46091402], [-1.54871431, 43.46115634], [-1.5486924, 43.46122384], [-1.54859373, 43.46152789], [-1.54856868, 43.46171246], [-1.54860444, 43.46179695], [-1.54874025, 43.46191965], [-1.54868633, 43.46194991], [-1.54847771, 43.46207498], [-1.54834477, 43.46195826], [-1.54816998, 43.46180281], [-1.54815462, 43.46178926], [-1.5478654, 43.46153484], [-1.54785349, 43.46152431], [-1.54748186, 43.46125818], [-1.54719398, 43.46113487], [-1.54712791, 43.46110664], [-1.54709197, 43.46108932], [-1.54713646, 43.46104528]]]]}, "geometry_name": "the_geom", "properties": {"gid": 3130337, "gpu_doc_id": "6345e561e148d0d60d85340d4b826649", "gpu_status": "production", "gpu_timestamp": "2025-10-08T08:09:54.942Z", "partition": "DU_64122", "libelle": "UC", "libelong": "UC", "typezone": "U", "destdomi": null, "nomfic": "64122_reglement_20250927.pdf#UC", "urlfic": "", "insee": null, "datappro": null, "datvalid": "20170923", "idurba": "64122_PLU_20250927", "idzone": null, "lib_idzone": "", "formdomi": null, "destoui": null, "destcdt": null, "destnon": null, "symbole": null}}, {"type": "Feature", "id": "zone_urba.3130358", "geometry": {"type": "MultiPolygon", "coordinates": [[[[-1.5522066, 43.46402987], [-1.55196768, 43.46363437], [-1.55177866, 43.46332145], [-1.5517613, 43.46328762], [-1.5515165, 43.4628514], [-1.55126041, 43.46249232], [-1.55100015, 43.46217777], [-1.55081007, 43.46200593], [-1.55066338, 43.46190421], [-1.55011232, 43.46159845], [-1.5499934, 43.46152105], [-1.54964907, 43.46135158], [-1.54978923, 43.4610855], [-1.5498448, 43.46084411], [-1.54993685, 43.46073903], [-1.5501407, 43.46065065], [-1.5505972, 43.46047221], [-1.55123495, 43.46028753], [-1.55173059, 43.46017385], [-1.55245725, 43.46004078], [-1.55247287, 43.46009163], [-1.55247534, 43.46009662], [-1.55278227, 43.46106572], [-1.55297677, 43.46106525], [-1.55455744, 43.46086032], [-1.55446976, 43.46096251], [-1.55432182, 43.46142781], [-1.55430296, 43.46151388], [-1.55435127, 43.46205628], [-1.55451193, 43.46205025], [-1.55478762, 43.46203638], [-1.55478502, 43.46201304], [-1.55475475, 43.46169828], [-1.55492055, 43.46169272], [-1.55490109, 43.46136955], [-1.55489921, 43.4613383], [-1.55489658, 43.46129297], [-1.55514142, 43.46129375], [-1.5557581, 43.46129551], [-1.55618809, 43.46129683], [-1.55616684, 43.4621021], [-1.5561711, 43.46221745], [-1.55608559, 43.46221754], [-1.55603812, 43.46220671], [-1.55597319, 43.46219386], [-1.55590067, 43.46218068], [-1.55584954, 43.46217216], [-1.55580485, 43.46216536], [-1.55575421, 43.46215835], [-1.55571334, 43.46215302], [-1.55567152, 43.4621481], [-1.55562836, 43.46214349], [-1.55560852, 43.4621414], [-1.5555887, 43.46213938], [-1.55557472, 43.46213786], [-1.55551642, 43.46213269], [-1.55547223, 43.46212921], [-1.55544262, 43.46212713], [-1.55541676, 43.46212545], [-1.5553991, 43.46212443], [-1.55534009, 43.46212136], [-1.55532978, 43.46212077], [-1.55530394, 43.46211954], [-1.55524536, 43.46211726], [-1.55518114, 43.46211574], [-1.55514744, 43.46211538], [-1.55513284, 43.46211522], [-1.55508086, 43.46211529], [-1.55504785, 43.4621156], [-1.55500323, 43.46211638], [-1.55494011, 43.46211797], [-1.55490245, 43.46211928], [-1.55481907, 43.46212293], [-1.55419498, 43.46215635], [-1.55422691, 43.46298694], [-1.55423112, 43.46309495], [-1.55402971, 43.46353948], [-1.5540039, 43.46359666], [-1.55393938, 43.46373903], [-1.55393157, 43.46375709], [-1.55338107, 43.46363389], [-1.55324451, 43.46367968], [-1.55275856, 43.46383833], [-1.55242779, 43.4639502], [-1.55227568, 43.46400155], [-1.5522066, 43.46402987]]]]}, "geometry_name": "the_geom", "properties": {"gid": 3130358, "gpu_doc_id": "6345e561e148d0d60d85340d4b826649", "gpu_status": "production", "gpu_timestamp": "2025-10-08T08:09:54.942Z", "partition": "DU_64122", "libelle": "UG", "libelong": "UG", "typezone": "U", "destdomi": null, "nomfic": "64122_reglement_20250927.pdf#UG", "urlfic": "", "insee": null, "datappro": null, "datvalid": "20170923", "idurba": "64122_PLU_20250927", "idzone": null, "lib_idzone": "", "formdomi": null, "destoui": null, "destcdt": null, "destnon": null, "symbole": null}}, {"type": "Feature", "id": "zone_urba.3130368", "geometry": {"type": "MultiPolygon", "coordinates": [[[[-1.54325528, 43.470863], [-1.54374492, 43.4707915], [-1.54374531, 43.4708863], [-1.54376113, 43.47094074], [-1.54378228, 43.47099925], [-1.54400091, 43.47123294], [-1.54358903, 43.4712718], [-1.54325528, 43.470863]]]]}, "geometry_name": "the_geom", "properties": {"gid": 3130368, "gpu_doc_id": "6345e561e148d0d60d85340d4b826649", "gpu_status": "production", "gpu_timestamp": "2025-10-08T08:09:54.942Z", "partition": "DU_64122", "libelle": "UGvi", "libelong": "UGvi", "typezone": "U", "destdomi": null, "nomfic": "64122_reglement_20250927.pdf#UG", "urlfic": "", "insee": null, "datappro": null, "datvalid": "20170923", "idurba": "64122_PLU_20250927", "idzone": null, "lib_idzone": "", "formdomi": null, "destoui": null, "destcdt": null, "destnon": null, "symbole": null}}, {"type": "Feature", "id": "zone_urba.3130371", "geometry": {"type": "MultiPolygon", "coordinates": [[[[-1.55625577, 43.46945746], [-1.55629505, 43.46942481], [-1.55637579, 43.46945524], [-1.55636622, 43.46950295], [-1.55636758, 43.46952948], [-1.55637464, 43.46955436], [-1.55638928, 43.46958154], [-1.55646772, 43.46970726], [-1.55657841, 43.46988542], [-1.55669002, 43.4700677], [-1.55679969, 43.47024546], [-1.55691126, 43.47042539], [-1.55702039, 43.47060244], [-1.55699616, 43.47067255], [-1.55697296, 43.47074323], [-1.55685087, 43.47079575], [-1.55680323, 43.47082404], [-1.55677115, 43.47084704], [-1.55673103, 43.47089667], [-1.55670334, 43.47094022], [-1.55662347, 43.47109428], [-1.55651366, 43.47105743], [-1.55647502, 43.47105382], [-1.55647491, 43.47102903], [-1.55646822, 43.47100568], [-1.55645743, 43.47098718], [-1.5564288, 43.47095676], [-1.55636435, 43.47089585], [-1.55629325, 43.47083538], [-1.55615237, 43.47071538], [-1.55605898, 43.47063487], [-1.55599681, 43.47058117], [-1.55583655, 43.47044544], [-1.55573772, 43.47036164], [-1.55570572, 43.47013645], [-1.55567309, 43.46990959], [-1.55564663, 43.46970907], [-1.55563285, 43.46960388], [-1.55593941, 43.46953875], [-1.55618756, 43.4694872], [-1.55622832, 43.4694745], [-1.55625577, 43.46945746]]]]}, "geometry_name": "the_geom", "properties": {"gid": 3130371, "gpu_doc_id": "6345e561e148d0d60d85340d4b826649", "gpu_status": "production", "gpu_timestamp": "2025-10-08T08:09:54.942Z", "partition": "DU_64122", "libelle": "UGi", "libelong": "UGi", "typezone": "U", "destdomi": null, "nomfic": "64122_reglement_20250927.pdf#UG", "urlfic": "", "insee": null, "datappro": null, "datvalid": "20170923", "idurba": "64122_PLU_20250927", "idzone": null, "lib_idzone": "", "formdomi": null, "destoui": null, "destcdt": null, "destnon": null, "symbole": null}}, {"type": "Feature", "id": "zone_urba.3130382", "geometry": {"type": "MultiPolygon", "coordinates": [[[[-1.55367381, 43.46498694], [-1.5536828, 43.46498631], [-1.55369206, 43.46498604], [-1.55370111, 43.46498622], [-1.55370907, 43.46498672], [-1.55371903, 43.46498767], [-1.55372795, 43.4649893], [-1.55373588, 43.46499106], [-1.55374167, 43.46499255], [-1.55374977, 43.46499493], [-1.55375791, 43.46499777], [-1.55376686, 43.46500165], [-1.55377419, 43.46500533], [-1.5537813, 43.46500938], [-1.5537891, 43.46501447], [-1.55379513, 43.46501892], [-1.55379857, 43.46502194], [-1.55380482, 43.46502773], [-1.55381088, 43.46503434], [-1.55397428, 43.46531725], [-1.55407485, 43.46549132], [-1.55407999, 43.46550021], [-1.55388696, 43.46556058], [-1.55380229, 43.465587], [-1.55348639, 43.46568585], [-1.55326487, 43.46565448], [-1.55309515, 43.4654379], [-1.55302212, 43.4653447], [-1.55287637, 43.46515926], [-1.55305081, 43.46513343], [-1.55347961, 43.46503157], [-1.55365716, 43.4649894], [-1.55366499, 43.4649881], [-1.55367381, 43.46498694]]]]}, "geometry_name": "the_geom", "properties": {"gid": 3130382, "gpu_doc_id": "6345e561e148d0d60d85340d4b826649", "gpu_status": "production", "gpu_timestamp": "2025-10-08T08:09:54.942Z", "partition": "DU_64122", "libelle": "UGi*", "libelong": "UGi*", "typezone": "U", "destdomi": null, "nomfic": "64122_reglement_20250927.pdf#UG", "urlfic": "", "insee": null, "datappro": null, "datvalid": "20170923", "idurba": "64122_PLU_20250927", "idzone": null, "lib_idzone": "", "formdomi": null, "destoui": null, "destcdt": null, "destnon": null, "symbole": null}}, {"type": "Feature", "id": "zone_urba.3130384", "geometry": {"type": "MultiPolygon", "coordinates": [[[[-1.54811928, 43.47092408], [-1.54799835, 43.4709156], [-1.54787727, 43.47090704], [-1.54775273, 43.47089834], [-1.54763228, 43.47091806], [-1.54751613, 43.47093725], [-1.54750483, 43.47094346], [-1.54744645, 43.47097569], [-1.5474246, 43.47098638], [-1.54737598, 43.47101002], [-1.54724231, 43.47107488], [-1.54704365, 43.47117142], [-1.54667251, 43.47135184], [-1.54663419, 43.47137047], [-1.546484, 43.47144348], [-1.54617841, 43.47159336], [-1.5461773, 43.47153346], [-1.54625926, 43.47126745], [-1.54634451, 43.47100412], [-1.5463994, 43.47083347], [-1.54644861, 43.47061149], [-1.54648432, 43.4703894], [-1.54650112, 43.47028742], [-1.54652509, 43.47014044], [-1.5465388, 43.47003858], [-1.54654784, 43.46996701], [-1.54672653, 43.46993003], [-1.54701429, 43.46985161], [-1.54714615, 43.46981567], [-1.5473892, 43.46974865], [-1.54759041, 43.4696932], [-1.54798679, 43.46958102], [-1.54803068, 43.46956865], [-1.54814629, 43.46953503], [-1.54815281, 43.46960492], [-1.54815282, 43.46960498], [-1.54815284, 43.46960521], [-1.5481873, 43.47003672], [-1.54821266, 43.47035582], [-1.54877024, 43.47033201], [-1.54878397, 43.47044816], [-1.54925837, 43.47042732], [-1.5492881, 43.47081834], [-1.54930055, 43.47084891], [-1.54843131, 43.47098977], [-1.54826036, 43.47095376], [-1.5482161, 43.47094442], [-1.54811928, 43.47092408]]]]}, "geometry_name": "the_geom", "properties": {"gid": 3130384, "gpu_doc_id": "6345e561e148d0d60d85340d4b826649", "gpu_status": "production", "gpu_timestamp": "2025-10-08T08:09:54.942Z", "partition": "DU_64122", "libelle": "UGai", "libelong": "UGai", "typezone": "U", "destdomi": null, "nomfic": "64122_reglement_20250927.pdf#UG", "urlfic": "", "insee": null, "datappro": null, "datvalid": "20190720", "idurba": "64122_PLU_20250927", "idzone": null, "lib_idzone": "", "formdomi": null, "destoui": null, "destcdt": null, "destnon": null, "symbole": null}}, {"type": "Feature", "id": "zone_urba.3130390", "geometry": {"type": "MultiPolygon", "coordinates": [[[[-1.55135806, 43.47307497], [-1.55133099, 43.4730754], [-1.55130107, 43.47308082], [-1.55124326, 43.47309582], [-1.55119847, 43.47311255], [-1.55096581, 43.47284725], [-1.55082171, 43.47283536], [-1.55083753, 43.47273359], [-1.55084173, 43.47270521], [-1.55086667, 43.47253678], [-1.55086817, 43.47252667], [-1.55090164, 43.47230955], [-1.55093312, 43.47210566], [-1.55095233, 43.47198122], [-1.55097159, 43.47185101], [-1.55100974, 43.4716136], [-1.55101921, 43.47155463], [-1.55094343, 43.47154762], [-1.55097246, 43.47138394], [-1.55101155, 43.47116912], [-1.55105517, 43.47090715], [-1.5507814, 43.47095393], [-1.55071864, 43.47095055], [-1.55073092, 43.47085613], [-1.55073892, 43.47079569], [-1.55075552, 43.4706746], [-1.55077034, 43.47057107], [-1.55078482, 43.47046124], [-1.55079888, 43.47035585], [-1.55081369, 43.47024384], [-1.55085044, 43.46995781], [-1.55086094, 43.46985309], [-1.55212174, 43.46994089], [-1.55319639, 43.47004518], [-1.55379729, 43.47011533], [-1.55412499, 43.47015936], [-1.55478364, 43.47024788], [-1.55477257, 43.47035372], [-1.55477058, 43.47036363], [-1.55472552, 43.47059771], [-1.55467947, 43.47081687], [-1.55441538, 43.47075429], [-1.55425944, 43.47072124], [-1.55412013, 43.47069709], [-1.5537252, 43.47062778], [-1.55364505, 43.47061355], [-1.5535933, 43.47065337], [-1.55360265, 43.47076378], [-1.55361522, 43.47090094], [-1.55360954, 43.47108731], [-1.55360414, 43.4712706], [-1.55355218, 43.47149198], [-1.55360232, 43.47151704], [-1.55357963, 43.47159294], [-1.55355188, 43.47168571], [-1.55355888, 43.47170653], [-1.55356347, 43.47173484], [-1.55356014, 43.47175498], [-1.55355177, 43.47178055], [-1.55353768, 43.47180238], [-1.55352338, 43.47181818], [-1.55350305, 43.47183764], [-1.5534745, 43.47185653], [-1.55346849, 43.47186056], [-1.55343852, 43.47200822], [-1.55340887, 43.47217428], [-1.55340341, 43.47220486], [-1.55331148, 43.47252274], [-1.55323059, 43.47280267], [-1.55320972, 43.47286732], [-1.5529212, 43.47300276], [-1.55285058, 43.47304513], [-1.55272288, 43.47312381], [-1.55269241, 43.47314675], [-1.55263691, 43.47319428], [-1.5526302, 43.47320221], [-1.55255566, 43.47320353], [-1.55222603, 43.47321006], [-1.55168677, 43.47322054], [-1.55165814, 43.47320184], [-1.55156349, 43.47314753], [-1.55150677, 43.47311714], [-1.55141664, 43.47308536], [-1.5513912, 43.47307942], [-1.55135806, 43.47307497]]]]}, "geometry_name": "the_geom", "properties": {"gid": 3130390, "gpu_doc_id": "6345e561e148d0d60d85340d4b826649", "gpu_status": "production", "gpu_timestamp": "2025-10-08T08:09:54.942Z", "partition": "DU_64122", "libelle": "Na", "libelong": "Na", "typezone": "N", "destdomi": null, "nomfic": "64122_reglement_20250927.pdf#N", "urlfic": "", "insee": null, "datappro": null, "datvalid": "20170923", "idurba": "64122_PLU_20250927", "idzone": null, "lib_idzone": "", "formdomi": null, "destoui": null, "destcdt": null, "destnon": null, "symbole": null}}, {"type": "Feature", "id": "zone_urba.3130395", "geometry": {"type": "MultiPolygon", "coordinates": [[[[-1.54963904, 43.46061616], [-1.54963075, 43.46046648], [-1.54985616, 43.46045871], [-1.54985935, 43.46059455], [-1.5498626, 43.46072502], [-1.54986305, 43.46076722], [-1.5498448, 43.46084411], [-1.54978923, 43.4610855], [-1.54964907, 43.46135158], [-1.54960561, 43.46140718], [-1.54958617, 43.46143204], [-1.54953767, 43.46149394], [-1.54936077, 43.46172051], [-1.54929514, 43.46180439], [-1.54916817, 43.46196695], [-1.54904479, 43.46212876], [-1.54898154, 43.46221181], [-1.54883967, 43.46239791], [-1.54793695, 43.46354771], [-1.54786394, 43.46364095], [-1.54781139, 43.46370809], [-1.54775204, 43.46378696], [-1.54771821, 43.46383222], [-1.54744051, 43.46420357], [-1.54719951, 43.46452587], [-1.54718958, 43.4645393], [-1.54701064, 43.46448775], [-1.54714889, 43.46430292], [-1.54722457, 43.46420132], [-1.54739096, 43.46397863], [-1.54750007, 43.46383283], [-1.54751352, 43.46381577], [-1.54755511, 43.46376294], [-1.54762602, 43.46367291], [-1.54871629, 43.46228802], [-1.54871938, 43.46228424], [-1.54885244, 43.46209631], [-1.54891266, 43.46201117], [-1.54903094, 43.46184422], [-1.54903268, 43.46184157], [-1.54915823, 43.46168017], [-1.54922325, 43.4615965], [-1.54943175, 43.4613284], [-1.54943196, 43.46132793], [-1.54943516, 43.46132059], [-1.54946165, 43.46126112], [-1.54958243, 43.46097839], [-1.54959531, 43.46089648], [-1.54963904, 43.46061616]]]]}, "geometry_name": "the_geom", "properties": {"gid": 3130395, "gpu_doc_id": "6345e561e148d0d60d85340d4b826649", "gpu_status": "production", "gpu_timestamp": "2025-10-08T08:09:54.942Z", "partition": "DU_64122", "libelle": "N", "libelong": "N", "typezone": "N", "destdomi": null, "nomfic": "64122_reglement_20250927.pdf#N", "urlfic": "", "insee": null, "datappro": null, "datvalid": "20170923", "idurba": "64122_PLU_20250927", "idzone": null, "lib_idzone": "", "formdomi": null, "destoui": null, "destcdt": null, "destnon": null, "symbole": null}}, {"type": "Feature", "id": "zone_urba.3130403", "geometry": {"type": "MultiPolygon", "coordinates": [[[[-1.55380229, 43.465587], [-1.55391499, 43.46578727], [-1.55407161, 43.46602564], [-1.55433433, 43.4659472], [-1.55444326, 43.46613842], [-1.55449037, 43.46622093], [-1.55447679, 43.46624626], [-1.55452332, 43.46628879], [-1.55454232, 43.46633174], [-1.5546297, 43.46655274], [-1.55463345, 43.46656152], [-1.55470361, 43.46672578], [-1.5547078, 43.46673553], [-1.55472265, 43.46677028], [-1.5547674, 43.46687759], [-1.55477164, 43.46690798], [-1.55478542, 43.46700488], [-1.55480901, 43.46716369], [-1.55485868, 43.46744811], [-1.5548625, 43.4674696], [-1.55493386, 43.46763832], [-1.55513064, 43.4675998], [-1.5551866, 43.46758677], [-1.55519635, 43.46779733], [-1.55520585, 43.46802952], [-1.55521921, 43.46828185], [-1.55522256, 43.46843145], [-1.55534825, 43.46848724], [-1.55552703, 43.46853444], [-1.55552451, 43.46853706], [-1.55563358, 43.46856241], [-1.55562346, 43.46878195], [-1.55562058, 43.46904556], [-1.55561954, 43.46908875], [-1.55553766, 43.46910564], [-1.55555082, 43.46914918], [-1.5555842, 43.46923914], [-1.55558706, 43.46924682], [-1.55559876, 43.46933749], [-1.5556037, 43.46937552], [-1.55562073, 43.4695043], [-1.55563285, 43.46960388], [-1.55564663, 43.46970907], [-1.55567309, 43.46990959], [-1.55570572, 43.47013645], [-1.55573772, 43.47036164], [-1.55583655, 43.47044544], [-1.55599681, 43.47058117], [-1.55605898, 43.47063487], [-1.55615237, 43.47071538], [-1.55589484, 43.47087718], [-1.55580307, 43.47095608], [-1.55541828, 43.47097805], [-1.55524195, 43.47101179], [-1.55522987, 43.47101254], [-1.5550969, 43.47102203], [-1.55502433, 43.47097505], [-1.55496851, 43.47094336], [-1.55488689, 43.47090287], [-1.55480065, 43.4708668], [-1.55467947, 43.47081687], [-1.55472552, 43.47059771], [-1.55477058, 43.47036363], [-1.55477257, 43.47035372], [-1.55478364, 43.47024788], [-1.55514692, 43.47029857], [-1.5551375, 43.47021319], [-1.55512162, 43.47010302], [-1.55511106, 43.47002952], [-1.55509051, 43.47002944], [-1.55501019, 43.46942323], [-1.55480622, 43.46944157], [-1.55461209, 43.46945907], [-1.55461342, 43.46915899], [-1.55461352, 43.46913449], [-1.55461045, 43.46908378], [-1.55460893, 43.46905878], [-1.55458425, 43.46905893], [-1.55457669, 43.46874643], [-1.55433317, 43.46874894], [-1.5543276, 43.46851214], [-1.55411664, 43.46851564], [-1.55394506, 43.46847022], [-1.55398219, 43.4682525], [-1.55398669, 43.468225], [-1.55414347, 43.46822954], [-1.55415476, 43.46801725], [-1.55409049, 43.46801511], [-1.55384494, 43.46800696], [-1.553875, 43.46791356], [-1.55391188, 43.46779897], [-1.5539126, 43.46779695], [-1.55388681, 43.46779139], [-1.55374673, 43.46776177], [-1.55363631, 43.46773837], [-1.55354877, 43.46768177], [-1.55372003, 43.46759013], [-1.55370157, 43.46755938], [-1.55359249, 43.46741252], [-1.55354735, 43.46733365], [-1.55339635, 43.46739222], [-1.55337322, 43.46733338], [-1.55321931, 43.46690704], [-1.55307044, 43.46649528], [-1.55305504, 43.46644464], [-1.55323119, 43.46641394], [-1.55334086, 43.46639897], [-1.55358682, 43.4663332], [-1.55358897, 43.46632284], [-1.55363457, 43.46631443], [-1.55367351, 43.46625305], [-1.55366757, 43.46624681], [-1.55367803, 43.46621798], [-1.55366766, 43.46620427], [-1.55326487, 43.46565448], [-1.55348639, 43.46568585], [-1.55380229, 43.465587]]]]}, "geometry_name": "the_geom", "properties": {"gid": 3130403, "gpu_doc_id": "6345e561e148d0d60d85340d4b826649", "gpu_status": "production", "gpu_timestamp": "2025-10-08T08:09:54.942Z", "partition": "DU_64122", "libelle": "UDi*", "libelong": "UDI*", "typezone": "U", "destdomi": null, "nomfic": "64122_reglement_20250927.pdf#UD", "urlfic": "", "insee": null, "datappro": null, "datvalid": "20240323", "idurba": "64122_PLU_20250927", "idzone": null, "lib_idzone": "", "formdomi": null, "destoui": null, "destcdt": null, "destnon": null, "symbole": null}}, {"type": "Feature", "id": "zone_urba.3130404", "geometry": {"type": "MultiPolygon", "coordinates": [[[[-1.55326487, 43.46565448], [-1.55366766, 43.46620427], [-1.55367803, 43.46621798], [-1.55366757, 43.46624681], [-1.55367351, 43.46625305], [-1.55363457, 43.46631443], [-1.55358897, 43.46632284], [-1.55358682, 43.4663332], [-1.55334086, 43.46639897], [-1.55323119, 43.46641394], [-1.55305504, 43.46644464], [-1.55296249, 43.46644692], [-1.55285752, 43.46643885], [-1.55276314, 43.4664223], [-1.55266494, 43.46639835], [-1.55256338, 43.46636748], [-1.55247731, 43.46633338], [-1.5524022, 43.46629714], [-1.55233437, 43.46626051], [-1.55227297, 43.46622039], [-1.5522276, 43.46618613], [-1.5521892, 43.46615249], [-1.55215381, 43.46611593], [-1.55210995, 43.46606214], [-1.55206794, 43.46598672], [-1.55202025, 43.46588972], [-1.55200516, 43.46584659], [-1.55206791, 43.46583788], [-1.55244797, 43.46578757], [-1.55326487, 43.46565448]]]]}, "geometry_name": "the_geom", "properties": {"gid": 3130404, "gpu_doc_id": "6345e561e148d0d60d85340d4b826649", "gpu_status": "production", "gpu_timestamp": "2025-10-08T08:09:54.942Z", "partition": "DU_64122", "libelle": "UGi", "libelong": "UGi", "typezone": "U", "destdomi": null, "nomfic": "64122_reglement_20250927.pdf#UG", "urlfic": "", "insee": null, "datappro": null, "datvalid": "20240323", "idurba": "64122_PLU_20250927", "idzone": null, "lib_idzone": "", "formdomi": null, "destoui": null, "destcdt": null, "destnon": null, "symbole": null}}, {"type": "Feature", "id": "zone_urba.3130268", "geometry": {"type": "MultiPolygon", "coordinates": [[[[-1.53539273, 43.47229524], [-1.53646631, 43.47128092], [-1.53706795, 43.4714807], [-1.53905944, 43.47222917], [-1.53895749, 43.47256346], [-1.53885191, 43.47255959], [-1.53878162, 43.47255644], [-1.53641241, 43.4723865], [-1.53634207, 43.47238029], [-1.53557164, 43.47231159], [-1.53539273, 43.47229524]]]]}, "geometry_name": "the_geom", "properties": {"gid": 3130268, "gpu_doc_id": "6345e561e148d0d60d85340d4b826649", "gpu_status": "production", "gpu_timestamp": "2025-10-08T08:09:54.942Z", "partition": "DU_64122", "libelle": "UGi", "libelong": "UGi", "typezone": "U", "destdomi": null, "nomfic": "64122_reglement_20250927.pdf#UG", "urlfic": "", "insee": null, "datappro": null, "datvalid": "20170923", "idurba": "64122_PLU_20250927", "idzone": null, "lib_idzone": "", "formdomi": null, "destoui": null, "destcdt": null, "destnon": null, "symbole": null}}, {"type": "Feature", "id": "zone_urba.3130236", "geometry": {"type": "MultiPolygon", "coordinates": [[[[-1.55100558, 43.48816384], [-1.55077681, 43.48756553], [-1.55073894, 43.48757367], [-1.55032338, 43.48766273], [-1.55029777, 43.4876696], [-1.55024729, 43.48768322], [-1.55015978, 43.48770849], [-1.5499358, 43.48777322], [-1.54986965, 43.48782919], [-1.54970084, 43.4878684], [-1.5495579, 43.48790149], [-1.54960448, 43.48801254], [-1.54946633, 43.48804605], [-1.54945055, 43.48801863], [-1.54925016, 43.4880809], [-1.54920706, 43.48809245], [-1.54910527, 43.4879137], [-1.54922316, 43.48781336], [-1.54930062, 43.48770629], [-1.54925739, 43.48768921], [-1.54921269, 43.48767069], [-1.54881427, 43.48750432], [-1.54880879, 43.48750725], [-1.54868274, 43.48745552], [-1.54856728, 43.48759421], [-1.54844682, 43.48774067], [-1.54841413, 43.48778054], [-1.54833491, 43.48787723], [-1.54830584, 43.48791254], [-1.54825557, 43.48797393], [-1.54825228, 43.48797803], [-1.5482229, 43.4880126], [-1.5476808, 43.48778174], [-1.54753165, 43.48769331], [-1.54740176, 43.48759703], [-1.54731019, 43.48748144], [-1.54721779, 43.48736794], [-1.54720004, 43.48734524], [-1.54718437, 43.48732544], [-1.54718415, 43.48732049], [-1.54711205, 43.48569748], [-1.54852573, 43.48592599], [-1.54913534, 43.48602506], [-1.54914444, 43.48599734], [-1.54919996, 43.48568379], [-1.54931512, 43.48573388], [-1.54936323, 43.48575487], [-1.54943104, 43.48578438], [-1.54948647, 43.48580839], [-1.5494238, 43.48580844], [-1.54939879, 43.48589157], [-1.5495002, 43.4859101], [-1.54961628, 43.48593121], [-1.54961736, 43.48592785], [-1.54966844, 43.48593826], [-1.54970082, 43.48594419], [-1.54974202, 43.48595212], [-1.54972293, 43.48600327], [-1.54981877, 43.48601859], [-1.54984265, 43.48595509], [-1.5498511, 43.48593222], [-1.54994717, 43.48594889], [-1.55011599, 43.4859781], [-1.55024517, 43.4860005], [-1.55024351, 43.48595982], [-1.55023491, 43.48575129], [-1.55023468, 43.48570768], [-1.55108016, 43.48568125], [-1.55122482, 43.48568554], [-1.55140944, 43.48571365], [-1.5515401, 43.4858663], [-1.55159493, 43.48601814], [-1.55184245, 43.48597012], [-1.55185046, 43.48601771], [-1.55187657, 43.48618046], [-1.55188787, 43.48624727], [-1.55191868, 43.48643319], [-1.55172502, 43.48645616], [-1.55160236, 43.48646479], [-1.55130236, 43.48651125], [-1.55107399, 43.48654668], [-1.55104938, 43.48655045], [-1.55107168, 43.48664205], [-1.55109306, 43.48672964], [-1.55110537, 43.48678027], [-1.55112501, 43.48685945], [-1.55114356, 43.48693399], [-1.55115026, 43.48696068], [-1.55116105, 43.48700424], [-1.55120542, 43.48718106], [-1.55121085, 43.48720239], [-1.55124955, 43.48735636], [-1.55129825, 43.48755141], [-1.55134557, 43.48774136], [-1.55131811, 43.48774488], [-1.55134867, 43.48787258], [-1.5513975, 43.48807609], [-1.55141635, 43.48810583], [-1.55100558, 43.48816384]]]]}, "geometry_name": "the_geom", "properties": {"gid": 3130236, "gpu_doc_id": "6345e561e148d0d60d85340d4b826649", "gpu_status": "production", "gpu_timestamp": "2025-10-08T08:09:54.942Z", "partition": "DU_64122", "libelle": "UB", "libelong": "UB", "typezone": "U", "destdomi": null, "nomfic": "64122_reglement_20250927.pdf#UB", "urlfic": "", "insee": null, "datappro": null, "datvalid": "20170923", "idurba": "64122_PLU_20250927", "idzone": null, "lib_idzone": "", "formdomi": null, "destoui": null, "destcdt": null, "destnon": null, "symbole": null}}, {"type": "Feature", "id": "zone_urba.3130277", "geometry": {"type": "MultiPolygon", "coordinates": [[[[-1.53847012, 43.48621611], [-1.53846948, 43.48591912], [-1.53846844, 43.48569506], [-1.53846751, 43.48546244], [-1.53823085, 43.4854649], [-1.53854821, 43.48512384], [-1.5388203, 43.48483521], [-1.5388222, 43.48501407], [-1.53917691, 43.48501444], [-1.53956294, 43.48501465], [-1.54016812, 43.48501515], [-1.53995927, 43.48521682], [-1.53991561, 43.48522909], [-1.53988826, 43.48525577], [-1.53959442, 43.48554327], [-1.53958484, 43.48558268], [-1.53948236, 43.48568136], [-1.53929531, 43.48586162], [-1.53928409, 43.48586054], [-1.53913909, 43.48597478], [-1.53901988, 43.48606871], [-1.53883486, 43.48594466], [-1.53883569, 43.48599745], [-1.53883857, 43.48618457], [-1.53880666, 43.48619835], [-1.53874464, 43.48621837], [-1.53865666, 43.48624392], [-1.53861167, 43.48625434], [-1.53855503, 43.48626749], [-1.53851293, 43.4862741], [-1.53847029, 43.48628002], [-1.53847027, 43.48624486], [-1.53847012, 43.48621611]]]]}, "geometry_name": "the_geom", "properties": {"gid": 3130277, "gpu_doc_id": "6345e561e148d0d60d85340d4b826649", "gpu_status": "production", "gpu_timestamp": "2025-10-08T08:09:54.942Z", "partition": "DU_64122", "libelle": "UG", "libelong": "UG", "typezone": "U", "destdomi": null, "nomfic": "64122_reglement_20250927.pdf#UG", "urlfic": "", "insee": null, "datappro": null, "datvalid": "20170923", "idurba": "64122_PLU_20250927", "idzone": null, "lib_idzone": "", "formdomi": null, "destoui": null, "destcdt": null, "destnon": null, "symbole": null}}, {"type": "Feature", "id": "zone_urba.3130291", "geometry": {"type": "MultiPolygon", "coordinates": [[[[-1.54685158, 43.485112], [-1.54706654, 43.48499782], [-1.54708612, 43.48513851], [-1.54711205, 43.48569748], [-1.54718415, 43.48732049], [-1.54686757, 43.48742247], [-1.54591946, 43.48758984], [-1.54571989, 43.48760735], [-1.54562207, 43.48710677], [-1.54513837, 43.48704153], [-1.5451278, 43.48762838], [-1.54352558, 43.48765452], [-1.5435069, 43.48765483], [-1.54334765, 43.48655862], [-1.54335607, 43.48641357], [-1.54342925, 43.48624554], [-1.54356397, 43.48611139], [-1.54381317, 43.48591213], [-1.5440295, 43.4858162], [-1.54429978, 43.48571336], [-1.54459165, 43.48563857], [-1.54491946, 43.48558413], [-1.54538991, 43.48551759], [-1.5454926, 43.48549967], [-1.54557547, 43.48549192], [-1.54566093, 43.48548078], [-1.54623747, 43.48536095], [-1.54657005, 43.4852467], [-1.54685158, 43.485112]], [[-1.54501249, 43.48591198], [-1.54469543, 43.48576996], [-1.54462458, 43.48571509], [-1.54444877, 43.48575704], [-1.54440369, 43.48574087], [-1.54433056, 43.48576558], [-1.54429363, 43.48577886], [-1.54423069, 43.48580211], [-1.54417412, 43.48582482], [-1.54414303, 43.48583748], [-1.54412703, 43.48584517], [-1.54399455, 43.48591242], [-1.54384355, 43.48600466], [-1.54412523, 43.4862276], [-1.54433265, 43.48608943], [-1.54454778, 43.48625667], [-1.54471544, 43.48638653], [-1.54478352, 43.48643849], [-1.54478048, 43.48639874], [-1.54478146, 43.48637518], [-1.54479791, 43.48630149], [-1.54485545, 43.48614844], [-1.54489373, 43.48607836], [-1.54496084, 43.48597374], [-1.54501249, 43.48591198]]]]}, "geometry_name": "the_geom", "properties": {"gid": 3130291, "gpu_doc_id": "6345e561e148d0d60d85340d4b826649", "gpu_status": "production", "gpu_timestamp": "2025-10-08T08:09:54.942Z", "partition": "DU_64122", "libelle": "UG", "libelong": "UG", "typezone": "U", "destdomi": null, "nomfic": "64122_reglement_20250927.pdf#UG", "urlfic": "", "insee": null, "datappro": null, "datvalid": "20190720", "idurba": "64122_PLU_20250927", "idzone": null, "lib_idzone": "", "formdomi": null, "destoui": null, "destcdt": null, "destnon": null, "symbole": null}}, {"type": "Feature", "id": "zone_urba.3130356", "geometry": {"type": "MultiPolygon", "coordinates": [[[[-1.54501249, 43.48591198], [-1.54496084, 43.48597374], [-1.54489373, 43.48607836], [-1.54485545, 43.48614844], [-1.54479791, 43.48630149], [-1.54478146, 43.48637518], [-1.54478048, 43.48639874], [-1.54478352, 43.48643849], [-1.54471544, 43.48638653], [-1.54454778, 43.48625667], [-1.54433265, 43.48608943], [-1.54412523, 43.4862276], [-1.54384355, 43.48600466], [-1.54399455, 43.48591242], [-1.54412703, 43.48584517], [-1.54414303, 43.48583748], [-1.54417412, 43.48582482], [-1.54423069, 43.48580211], [-1.54429363, 43.48577886], [-1.54433056, 43.48576558], [-1.54440369, 43.48574087], [-1.54444877, 43.48575704], [-1.54462458, 43.48571509], [-1.54469543, 43.48576996], [-1.54501249, 43.48591198]]]]}, "geometry_name": "the_geom", "properties": {"gid": 3130356, "gpu_doc_id": "6345e561e148d0d60d85340d4b826649", "gpu_status": "production", "gpu_timestamp": "2025-10-08T08:09:54.942Z", "partition": "DU_64122", "libelle": "UC", "libelong": "UC", "typezone": "U", "destdomi": null, "nomfic": "64122_reglement_20250927.pdf#UC", "urlfic": "", "insee": null, "datappro": null, "datvalid": "20190720", "idurba": "64122_PLU_20250927", "idzone": null, "lib_idzone": "", "formdomi": null, "destoui": null, "destcdt": null, "destnon": null, "symbole": null}}, {"type": "Feature", "id": "zone_urba.3130324", "geometry": {"type": "MultiPolygon", "coordinates": [[[[-1.54849755, 43.49228951], [-1.54846854, 43.49216767], [-1.54857598, 43.49193673], [-1.54863677, 43.49189779], [-1.54875188, 43.49191533], [-1.54980063, 43.49220477], [-1.54994418, 43.49207516], [-1.5507863, 43.49111264], [-1.55092849, 43.4908971], [-1.55087555, 43.49088421], [-1.55082253, 43.49087549], [-1.55071267, 43.49086847], [-1.5505862, 43.49072643], [-1.55047379, 43.49060016], [-1.55033489, 43.49044411], [-1.55020027, 43.4902923], [-1.55015687, 43.49024336], [-1.55011578, 43.49019702], [-1.54998903, 43.49005446], [-1.54994309, 43.49000282], [-1.54979134, 43.48983213], [-1.54962832, 43.4896498], [-1.54946394, 43.48946573], [-1.54942347, 43.48948093], [-1.54940033, 43.48947941], [-1.54938944, 43.4894729], [-1.54937247, 43.48944941], [-1.54923909, 43.48907148], [-1.54919445, 43.4889391], [-1.54911724, 43.48872517], [-1.54910892, 43.48870161], [-1.54908157, 43.48871838], [-1.54886168, 43.48885146], [-1.548645, 43.4889826], [-1.54830984, 43.48918549], [-1.54814492, 43.48928529], [-1.54799423, 43.48937661], [-1.54769819, 43.48955613], [-1.54749064, 43.48968195], [-1.54724375, 43.4898316], [-1.54696428, 43.490001], [-1.54684856, 43.48992165], [-1.54679869, 43.48989704], [-1.54685724, 43.48983588], [-1.54701903, 43.48971987], [-1.54772912, 43.48921009], [-1.5471894, 43.48866957], [-1.54723559, 43.48864707], [-1.54746816, 43.48852152], [-1.54760163, 43.48857476], [-1.5476759, 43.48860446], [-1.54779626, 43.48847496], [-1.54792064, 43.48834132], [-1.54804525, 43.48820732], [-1.5481866, 43.48805535], [-1.5481898, 43.48805189], [-1.5482229, 43.4880126], [-1.54825228, 43.48797803], [-1.54825557, 43.48797393], [-1.54830584, 43.48791254], [-1.54833491, 43.48787723], [-1.54841413, 43.48778054], [-1.54844682, 43.48774067], [-1.54856728, 43.48759421], [-1.54868274, 43.48745552], [-1.54880879, 43.48750725], [-1.54881427, 43.48750432], [-1.54921269, 43.48767069], [-1.54925739, 43.48768921], [-1.54930062, 43.48770629], [-1.54922316, 43.48781336], [-1.54910527, 43.4879137], [-1.54865915, 43.48829339], [-1.54897915, 43.48855932], [-1.54908274, 43.48859586], [-1.54915992, 43.48859498], [-1.54964673, 43.48858947], [-1.54967125, 43.48863831], [-1.54983478, 43.48896061], [-1.55011096, 43.48889851], [-1.55026827, 43.48886291], [-1.55033779, 43.4888471], [-1.55034875, 43.48884459], [-1.55034793, 43.48883697], [-1.55039639, 43.48883433], [-1.55039452, 43.4888125], [-1.5504648, 43.48881035], [-1.55057178, 43.48880703], [-1.55074124, 43.48880161], [-1.55080683, 43.48879117], [-1.55084635, 43.48878493], [-1.55090827, 43.48877509], [-1.55092711, 43.48877209], [-1.55112496, 43.48874048], [-1.55116911, 43.48873277], [-1.55117865, 43.48888602], [-1.551689, 43.48897984], [-1.55170086, 43.4889454], [-1.55176102, 43.48877753], [-1.55178647, 43.48871049], [-1.55179903, 43.48866807], [-1.55180543, 43.48866917], [-1.55181863, 43.48860375], [-1.55181374, 43.48860295], [-1.55183533, 43.48851213], [-1.55188577, 43.48830506], [-1.55183758, 43.48830129], [-1.55174367, 43.48829382], [-1.5517225, 43.48829231], [-1.55169401, 43.48829037], [-1.55164866, 43.48828657], [-1.55157598, 43.48829476], [-1.55155621, 43.48829698], [-1.55151666, 43.48812673], [-1.55151167, 43.48809237], [-1.55141635, 43.48810583], [-1.5513975, 43.48807609], [-1.55134867, 43.48787258], [-1.55131811, 43.48774488], [-1.55134557, 43.48774136], [-1.55129825, 43.48755141], [-1.55124955, 43.48735636], [-1.55121085, 43.48720239], [-1.55120542, 43.48718106], [-1.55116105, 43.48700424], [-1.55115026, 43.48696068], [-1.55114356, 43.48693399], [-1.55112501, 43.48685945], [-1.55110537, 43.48678027], [-1.55109306, 43.48672964], [-1.55107168, 43.48664205], [-1.55104938, 43.48655045], [-1.55107399, 43.48654668], [-1.55130236, 43.48651125], [-1.55160236, 43.48646479], [-1.55172502, 43.48645616], [-1.55191868, 43.48643319], [-1.55188787, 43.48624727], [-1.55187657, 43.48618046], [-1.55185046, 43.48601771], [-1.55184245, 43.48597012], [-1.55284398, 43.485855], [-1.55334671, 43.48578637], [-1.55375449, 43.4857039], [-1.55386989, 43.4856706], [-1.55397061, 43.48561826], [-1.55403804, 43.48546686], [-1.55410749, 43.48548261], [-1.55438157, 43.48554498], [-1.55471958, 43.48563664], [-1.55475966, 43.48564485], [-1.55478089, 43.4856099], [-1.55482877, 43.48561835], [-1.55512418, 43.48569169], [-1.55499183, 43.48592074], [-1.55497677, 43.48594706], [-1.55515671, 43.48596596], [-1.55535856, 43.48602255], [-1.5554389, 43.48604321], [-1.55542682, 43.48606779], [-1.55539964, 43.48613657], [-1.55539019, 43.48616426], [-1.5553831, 43.48618707], [-1.55533667, 43.48643788], [-1.55532857, 43.48647706], [-1.5553195, 43.48650825], [-1.55530588, 43.48654475], [-1.55528581, 43.48658764], [-1.55526299, 43.48663028], [-1.55524481, 43.48666047], [-1.55522276, 43.48669362], [-1.5551878, 43.48673935], [-1.55516641, 43.486763], [-1.55514258, 43.48678711], [-1.55505135, 43.48686382], [-1.55490873, 43.48695843], [-1.55468934, 43.48710799], [-1.55428215, 43.48738712], [-1.55413867, 43.48748528], [-1.55388442, 43.48765713], [-1.55375465, 43.48775331], [-1.55374318, 43.48776377], [-1.55366544, 43.48782865], [-1.55380603, 43.4879763], [-1.55380229, 43.4881255], [-1.55391125, 43.48819995], [-1.55397567, 43.48831259], [-1.55435829, 43.4885565], [-1.55437213, 43.48856645], [-1.55411656, 43.4887735], [-1.55410412, 43.48878598], [-1.55409336, 43.48879939], [-1.55408349, 43.48881645], [-1.55407703, 43.48883122], [-1.55406397, 43.48887681], [-1.5540566, 43.48891091], [-1.55405498, 43.48893071], [-1.5540571, 43.48895244], [-1.55406757, 43.48898827], [-1.55404552, 43.48899653], [-1.55401255, 43.48902091], [-1.55399069, 43.48904201], [-1.5539499, 43.48906462], [-1.55388332, 43.48907917], [-1.55382173, 43.48907525], [-1.55328844, 43.48889177], [-1.5532619, 43.48888717], [-1.55320442, 43.48888278], [-1.55314602, 43.48889101], [-1.55306208, 43.48891752], [-1.55294123, 43.48896144], [-1.55210282, 43.49071358], [-1.55202502, 43.49070614], [-1.55198904, 43.49083818], [-1.55198274, 43.49086826], [-1.55197794, 43.49093669], [-1.55198167, 43.4910184], [-1.55198454, 43.49106696], [-1.55197985, 43.49124824], [-1.55194627, 43.49132772], [-1.5518548, 43.49146439], [-1.55178893, 43.49152423], [-1.55170759, 43.4916074], [-1.55164419, 43.4916721], [-1.55152545, 43.49178514], [-1.55121883, 43.49211276], [-1.54853697, 43.4924417], [-1.54849755, 43.49228951]]]]}, "geometry_name": "the_geom", "properties": {"gid": 3130324, "gpu_doc_id": "6345e561e148d0d60d85340d4b826649", "gpu_status": "production", "gpu_timestamp": "2025-10-08T08:09:54.942Z", "partition": "DU_64122", "libelle": "UDb", "libelong": "UDb", "typezone": "U", "destdomi": null, "nomfic": "64122_reglement_20250927.pdf#UD", "urlfic": "", "insee": null, "datappro": null, "datvalid": "20170923", "idurba": "64122_PLU_20250927", "idzone": null, "lib_idzone": "", "formdomi": null, "destoui": null, "destcdt": null, "destnon": null, "symbole": null}}, {"type": "Feature", "id": "zone_urba.3130333", "geometry": {"type": "MultiPolygon", "coordinates": [[[[-1.54575071, 43.48505347], [-1.54584728, 43.48481881], [-1.54587017, 43.48476347], [-1.54655013, 43.48487819], [-1.54655215, 43.48482481], [-1.5465532, 43.48481548], [-1.54657214, 43.48464256], [-1.54660038, 43.48438481], [-1.54620372, 43.48439306], [-1.54593989, 43.48436957], [-1.54581501, 43.48435845], [-1.54539816, 43.4843199], [-1.54530566, 43.48431138], [-1.54509433, 43.48429628], [-1.54492183, 43.48428406], [-1.54473028, 43.48427034], [-1.54467876, 43.48426669], [-1.54447639, 43.48425223], [-1.54431932, 43.48424102], [-1.54423709, 43.48424232], [-1.54415561, 43.48412371], [-1.54405515, 43.4840215], [-1.54408806, 43.48397799], [-1.54410629, 43.48395519], [-1.5441592, 43.48388308], [-1.54417932, 43.48389174], [-1.54433595, 43.48369229], [-1.54449243, 43.4834924], [-1.54463622, 43.48331186], [-1.54445968, 43.48325346], [-1.54439532, 43.48323202], [-1.54439811, 43.48322794], [-1.54419431, 43.48315774], [-1.5441888, 43.48316508], [-1.54403016, 43.48310787], [-1.54397101, 43.48308649], [-1.54392709, 43.48307268], [-1.54384994, 43.48316016], [-1.54381762, 43.48312643], [-1.54352194, 43.48296754], [-1.54336798, 43.48288319], [-1.54322628, 43.48280395], [-1.54320579, 43.48279275], [-1.54302659, 43.48271298], [-1.54307, 43.48263593], [-1.54311008, 43.48256535], [-1.54306921, 43.48254945], [-1.5427911, 43.48245206], [-1.5426904, 43.48264785], [-1.54249596, 43.48253355], [-1.542377, 43.48246378], [-1.54232432, 43.48243277], [-1.54199086, 43.48223687], [-1.54175817, 43.48209928], [-1.54159645, 43.4820038], [-1.5413699, 43.48187039], [-1.54130865, 43.48183747], [-1.54116597, 43.48175826], [-1.540834, 43.48169553], [-1.54067704, 43.48166729], [-1.54076474, 43.48138642], [-1.54125301, 43.48085038], [-1.54128321, 43.48082132], [-1.54231189, 43.48070359], [-1.54231189, 43.4806541], [-1.54230409, 43.4800037], [-1.54234191, 43.47999793], [-1.54263634, 43.4799354], [-1.5425848, 43.47987316], [-1.54258593, 43.47983832], [-1.54259133, 43.47968955], [-1.54259803, 43.47949989], [-1.54259914, 43.47932001], [-1.54259601, 43.47920628], [-1.54259427, 43.4791428], [-1.54258595, 43.47904012], [-1.54301643, 43.47880118], [-1.54328384, 43.47866429], [-1.54352108, 43.47856274], [-1.54457719, 43.47822525], [-1.54478388, 43.47815261], [-1.54490244, 43.47819877], [-1.54506286, 43.47823495], [-1.54537838, 43.47838044], [-1.54543986, 43.47840878], [-1.54573043, 43.47858559], [-1.54607205, 43.47880734], [-1.54628979, 43.4789493], [-1.54655748, 43.47916892], [-1.54631359, 43.47931645], [-1.54627636, 43.47935102], [-1.54612294, 43.47949345], [-1.54587796, 43.47977273], [-1.54577546, 43.47992381], [-1.54564898, 43.48010095], [-1.54562511, 43.48009619], [-1.54545009, 43.48006479], [-1.54540801, 43.48005491], [-1.54534652, 43.48004047], [-1.54517315, 43.47999638], [-1.54510124, 43.47997812], [-1.54500598, 43.47995394], [-1.54497277, 43.47994353], [-1.54489609, 43.47991951], [-1.54475552, 43.47987538], [-1.54472345, 43.47986529], [-1.54462903, 43.47983575], [-1.54460165, 43.47982718], [-1.54449582, 43.47979403], [-1.54444573, 43.47987949], [-1.54440545, 43.47986728], [-1.5442951, 43.48007635], [-1.54428271, 43.4801082], [-1.54423028, 43.48009132], [-1.54420544, 43.48011918], [-1.54409211, 43.48033973], [-1.54418197, 43.48036782], [-1.54425939, 43.48039191], [-1.54432328, 43.48041192], [-1.54434051, 43.48041728], [-1.544608, 43.48044865], [-1.54465473, 43.48045266], [-1.54456736, 43.48073819], [-1.54533925, 43.48081674], [-1.54507257, 43.48130595], [-1.54513532, 43.48132524], [-1.54527784, 43.48138227], [-1.54535056, 43.4814114], [-1.54540708, 43.48143396], [-1.54550405, 43.48147269], [-1.54562385, 43.48152061], [-1.54566117, 43.48153617], [-1.5457769, 43.48158425], [-1.54588522, 43.48162586], [-1.54593492, 43.48164499], [-1.54597248, 43.48165893], [-1.54606071, 43.48169178], [-1.54607382, 43.48169667], [-1.54617199, 43.48173327], [-1.54627678, 43.48177223], [-1.54631599, 43.48178682], [-1.54635279, 43.48180051], [-1.54638385, 43.48181208], [-1.5464894, 43.48185146], [-1.54650054, 43.48183471], [-1.54668314, 43.48189303], [-1.54667395, 43.48190755], [-1.54684915, 43.48196626], [-1.54689622, 43.48198166], [-1.54669895, 43.48229144], [-1.54676403, 43.48232299], [-1.54697708, 43.48239111], [-1.5470825, 43.48242638], [-1.54707488, 43.48245099], [-1.54704923, 43.48253385], [-1.54699505, 43.48262928], [-1.54700912, 43.48263206], [-1.54698913, 43.48266125], [-1.54696511, 43.48269609], [-1.54726752, 43.4827972], [-1.54731303, 43.48281193], [-1.54721425, 43.48296525], [-1.54693258, 43.4834058], [-1.54643178, 43.48320352], [-1.54635338, 43.48328094], [-1.54660309, 43.48391585], [-1.54697791, 43.48425321], [-1.54704252, 43.48441694], [-1.54707318, 43.48448794], [-1.54709645, 43.48454787], [-1.54712205, 43.48462898], [-1.54713169, 43.48467376], [-1.54714381, 43.48475829], [-1.54715078, 43.48484365], [-1.54716623, 43.48493087], [-1.54705686, 43.48492836], [-1.54706654, 43.48499782], [-1.54685158, 43.485112], [-1.54657005, 43.4852467], [-1.54623747, 43.48536095], [-1.54566093, 43.48548078], [-1.54557547, 43.48549192], [-1.5454926, 43.48549967], [-1.545535, 43.48544401], [-1.54553776, 43.48543948], [-1.54555721, 43.48543132], [-1.54557028, 43.48542396], [-1.54558847, 43.48541053], [-1.54560231, 43.48539673], [-1.54561845, 43.48537572], [-1.54565743, 43.48528071], [-1.54574947, 43.48505676], [-1.54575071, 43.48505347]]]]}, "geometry_name": "the_geom", "properties": {"gid": 3130333, "gpu_doc_id": "6345e561e148d0d60d85340d4b826649", "gpu_status": "production", "gpu_timestamp": "2025-10-08T08:09:54.942Z", "partition": "DU_64122", "libelle": "UC", "libelong": "UC", "typezone": "U", "destdomi": null, "nomfic": "64122_reglement_20250927.pdf#UC", "urlfic": "", "insee": null, "datappro": null, "datvalid": "20170923", "idurba": "64122_PLU_20250927", "idzone": null, "lib_idzone": "", "formdomi": null, "destoui": null, "destcdt": null, "destnon": null, "symbole": null}}, {"type": "Feature", "id": "zone_urba.3130361", "geometry": {"type": "MultiPolygon", "coordinates": [[[[-1.55088837, 43.48486787], [-1.55067674, 43.48485476], [-1.55048968, 43.48480461], [-1.55009762, 43.48459567], [-1.54948234, 43.48422168], [-1.54966134, 43.4840543], [-1.55015927, 43.48370013], [-1.55020007, 43.48367185], [-1.5510382, 43.48217269], [-1.55143129, 43.48216614], [-1.55212427, 43.48206649], [-1.55220365, 43.48202857], [-1.55269564, 43.48294645], [-1.55267363, 43.48295491], [-1.5524886, 43.48301883], [-1.55251636, 43.48306407], [-1.55253431, 43.48308905], [-1.55260104, 43.48318206], [-1.55262066, 43.48320941], [-1.55266623, 43.48327278], [-1.55274692, 43.48338534], [-1.55275156, 43.48342104], [-1.5527521, 43.48342498], [-1.55242554, 43.48347349], [-1.55237905, 43.48349416], [-1.5523383, 43.48351227], [-1.55236866, 43.48362726], [-1.5523778, 43.48366576], [-1.55225665, 43.48368436], [-1.55225905, 43.48370975], [-1.55228117, 43.48380731], [-1.55228548, 43.48382626], [-1.55247067, 43.48382498], [-1.55247184, 43.48387397], [-1.55247514, 43.48396317], [-1.55247675, 43.48400467], [-1.55248027, 43.48410188], [-1.55248594, 43.48425761], [-1.55248914, 43.48434222], [-1.55249093, 43.48439109], [-1.55249544, 43.48451153], [-1.55249683, 43.48455014], [-1.55238655, 43.48456585], [-1.5523962, 43.48460189], [-1.55240538, 43.48463876], [-1.55241083, 43.48467141], [-1.55242348, 43.48472611], [-1.55185661, 43.48481855], [-1.55136039, 43.48482963], [-1.55088837, 43.48486787]]]]}, "geometry_name": "the_geom", "properties": {"gid": 3130361, "gpu_doc_id": "6345e561e148d0d60d85340d4b826649", "gpu_status": "production", "gpu_timestamp": "2025-10-08T08:09:54.942Z", "partition": "DU_64122", "libelle": "UDa", "libelong": "UDa", "typezone": "U", "destdomi": null, "nomfic": "64122_reglement_20250927.pdf#UD", "urlfic": "", "insee": null, "datappro": null, "datvalid": "20170923", "idurba": "64122_PLU_20250927", "idzone": null, "lib_idzone": "", "formdomi": null, "destoui": null, "destcdt": null, "destnon": null, "symbole": null}}, {"type": "Feature", "id": "zone_urba.3130373", "geometry": {"type": "MultiPolygon", "coordinates": [[[[-1.55747136, 43.48598508], [-1.5566933, 43.48551141], [-1.55638397, 43.48524902], [-1.55610609, 43.48514896], [-1.55506059, 43.48518283], [-1.55414594, 43.48521255], [-1.5541758, 43.48512388], [-1.55425855, 43.48501253], [-1.5546393, 43.48468374], [-1.55466456, 43.48466193], [-1.55456627, 43.48456809], [-1.55505986, 43.48437785], [-1.55575988, 43.48420937], [-1.55615131, 43.48414143], [-1.55670017, 43.48409513], [-1.55709791, 43.48408812], [-1.55708114, 43.48284177], [-1.55707846, 43.48180312], [-1.5572411, 43.48180127], [-1.55724081, 43.48177139], [-1.55722478, 43.48154657], [-1.55723362, 43.48154559], [-1.55723118, 43.48150782], [-1.55720346, 43.48150793], [-1.55720515, 43.48148666], [-1.55719036, 43.48125099], [-1.55711374, 43.48125439], [-1.5571123, 43.48122343], [-1.55715623, 43.4812198], [-1.55713954, 43.4811038], [-1.55712107, 43.48110526], [-1.55711418, 43.48106281], [-1.55713264, 43.48106127], [-1.55709652, 43.48096524], [-1.5571055, 43.48096129], [-1.55718958, 43.48090009], [-1.55724566, 43.48085365], [-1.55723659, 43.48084676], [-1.55680073, 43.48060947], [-1.55665356, 43.48055964], [-1.55662153, 43.48054872], [-1.55654814, 43.48052899], [-1.55648302, 43.48050579], [-1.55649117, 43.48049393], [-1.55654202, 43.48042034], [-1.55657501, 43.48040137], [-1.55654887, 43.48037617], [-1.55661866, 43.48033763], [-1.55662789, 43.48033185], [-1.55669869, 43.48029144], [-1.55681868, 43.48040159], [-1.55689062, 43.48039487], [-1.5569297, 43.48038329], [-1.55703798, 43.48023662], [-1.55709155, 43.48025414], [-1.55746427, 43.48034874], [-1.55874586, 43.48060452], [-1.558623, 43.48023817], [-1.55776896, 43.48005894], [-1.55772448, 43.48004771], [-1.55774944, 43.47999796], [-1.55775563, 43.47998807], [-1.55792952, 43.47970698], [-1.55799742, 43.47970952], [-1.5580421, 43.47971109], [-1.55848104, 43.47972726], [-1.55865227, 43.47973383], [-1.55861426, 43.47994382], [-1.55887222, 43.47995652], [-1.5604743, 43.48003735], [-1.56056466, 43.47904528], [-1.55998867, 43.47901339], [-1.55995747, 43.47881783], [-1.55996153, 43.47873404], [-1.560022, 43.4787334], [-1.56020018, 43.47873735], [-1.56037439, 43.47874118], [-1.56054216, 43.47874491], [-1.56054005, 43.47879962], [-1.56053297, 43.4789718], [-1.56053317, 43.47900111], [-1.56090746, 43.47901192], [-1.56126637, 43.47902229], [-1.56126746, 43.47898889], [-1.56128101, 43.47878075], [-1.56140981, 43.47878476], [-1.56163146, 43.47869278], [-1.56164438, 43.47868928], [-1.56185655, 43.47895315], [-1.56190884, 43.47901161], [-1.56226739, 43.47913604], [-1.56251277, 43.47920863], [-1.56364401, 43.47950233], [-1.56366048, 43.47950664], [-1.56367462, 43.47948026], [-1.56370257, 43.47942669], [-1.56369207, 43.47942377], [-1.56379946, 43.47922399], [-1.56381792, 43.47918946], [-1.56391129, 43.47905893], [-1.56397363, 43.47870507], [-1.56398207, 43.47865379], [-1.56462718, 43.47871157], [-1.56479569, 43.47882181], [-1.56532653, 43.47893487], [-1.56541845, 43.47912482], [-1.56546684, 43.47914498], [-1.56560576, 43.47915849], [-1.56563412, 43.47921164], [-1.5655686, 43.47926922], [-1.56556142, 43.47927762], [-1.56553924, 43.47931041], [-1.56551607, 43.47936154], [-1.5654921, 43.47943], [-1.56544874, 43.47946111], [-1.56540512, 43.47963619], [-1.56537602, 43.47976021], [-1.56539026, 43.47978849], [-1.56538732, 43.47982863], [-1.56540484, 43.47987103], [-1.56543315, 43.47991362], [-1.56545482, 43.47996009], [-1.56547115, 43.4800394], [-1.56547669, 43.48019982], [-1.56547651, 43.48021723], [-1.56547948, 43.48023541], [-1.56548881, 43.48026425], [-1.56550917, 43.48030301], [-1.56551824, 43.48031852], [-1.56558842, 43.48040453], [-1.565608, 43.48047109], [-1.5656312, 43.48055122], [-1.56566825, 43.48061474], [-1.56568825, 43.48064875], [-1.56571205, 43.48068404], [-1.56572257, 43.48069724], [-1.56573652, 43.48071156], [-1.56575347, 43.48072468], [-1.56577169, 43.48073658], [-1.56578569, 43.48074342], [-1.56595803, 43.48081159], [-1.56613, 43.48087978], [-1.56615437, 43.48088945], [-1.56639222, 43.48095962], [-1.5665146, 43.48101192], [-1.56682407, 43.48113263], [-1.56683777, 43.48113696], [-1.56695519, 43.4811643], [-1.56717352, 43.48117702], [-1.56731863, 43.4812286], [-1.56745818, 43.48127869], [-1.56760406, 43.48130581], [-1.56772856, 43.48131692], [-1.56778091, 43.48132837], [-1.567824, 43.48135163], [-1.56805753, 43.48136554], [-1.56810992, 43.48137744], [-1.56818276, 43.48141782], [-1.56824604, 43.48143298], [-1.56827277, 43.48143454], [-1.56832129, 43.48144118], [-1.56834838, 43.48144578], [-1.56840206, 43.48145997], [-1.56846409, 43.48147013], [-1.56857197, 43.48153869], [-1.56858434, 43.48154848], [-1.56859148, 43.48155622], [-1.56860012, 43.48156913], [-1.56860438, 43.48158311], [-1.56860619, 43.48159232], [-1.56859435, 43.48161614], [-1.56856587, 43.48167235], [-1.56856526, 43.48169734], [-1.56856402, 43.48170731], [-1.56855641, 43.48172627], [-1.56839232, 43.48191604], [-1.56837952, 43.48193025], [-1.56834796, 43.48195025], [-1.56832638, 43.48197617], [-1.56834484, 43.48199283], [-1.56832207, 43.48217195], [-1.56819654, 43.48221001], [-1.56816279, 43.48220891], [-1.568158, 43.48219955], [-1.56816777, 43.48219447], [-1.56771175, 43.48215206], [-1.56770836, 43.48220645], [-1.5674935, 43.48218284], [-1.56747731, 43.48222756], [-1.56734, 43.48261069], [-1.5675871, 43.4827287], [-1.56764512, 43.48275624], [-1.56766239, 43.48276367], [-1.56767533, 43.48276955], [-1.56795683, 43.48285922], [-1.56800973, 43.48294371], [-1.56809098, 43.48308499], [-1.56810476, 43.48310545], [-1.56811744, 43.483121], [-1.56812052, 43.48312574], [-1.56831077, 43.48344142], [-1.56825071, 43.48348949], [-1.56818435, 43.48354004], [-1.56812125, 43.48359877], [-1.56798958, 43.48370599], [-1.56788135, 43.48377525], [-1.56784093, 43.48376432], [-1.56779839, 43.4837551], [-1.56777041, 43.48375008], [-1.56775617, 43.48374839], [-1.56773851, 43.48374737], [-1.56772455, 43.48374766], [-1.56770312, 43.48374914], [-1.56769167, 43.48374851], [-1.5676783, 43.48374507], [-1.56766606, 43.48374033], [-1.56764796, 43.48373176], [-1.56763004, 43.48372049], [-1.56761901, 43.48371055], [-1.56760616, 43.48369592], [-1.56757463, 43.48369311], [-1.56748398, 43.4836629], [-1.5673914, 43.48363274], [-1.5673663, 43.48362485], [-1.56738001, 43.48356678], [-1.56737538, 43.48349567], [-1.56734886, 43.48341275], [-1.56729242, 43.48336757], [-1.56718499, 43.48331165], [-1.56713793, 43.48328708], [-1.56711329, 43.48327417], [-1.5670883, 43.48325779], [-1.56700705, 43.48320478], [-1.56690271, 43.48313613], [-1.56689756, 43.48314167], [-1.56660166, 43.48299571], [-1.56630787, 43.48292588], [-1.56602113, 43.48283658], [-1.56580799, 43.4827884], [-1.5657305, 43.48282317], [-1.5656243, 43.48286335], [-1.56557368, 43.4828768], [-1.56538833, 43.48290461], [-1.5652577, 43.48291925], [-1.5652561, 43.48293094], [-1.5652043, 43.48293353], [-1.56515629, 43.48293723], [-1.56510608, 43.48294292], [-1.56506784, 43.48294804], [-1.56500631, 43.48295805], [-1.56488388, 43.48297966], [-1.5647956, 43.48299605], [-1.56436079, 43.48307691], [-1.56415619, 43.48311395], [-1.56416327, 43.48314071], [-1.5640283, 43.4831603], [-1.56392919, 43.48316756], [-1.56386868, 43.48316969], [-1.56362228, 43.48317575], [-1.56357986, 43.48317796], [-1.56350931, 43.48318806], [-1.56344665, 43.48320127], [-1.56337335, 43.48321761], [-1.56328589, 43.48324333], [-1.56318618, 43.48327577], [-1.5629419, 43.48335837], [-1.56276831, 43.48342284], [-1.56273119, 43.48343963], [-1.56266777, 43.48347072], [-1.56265532, 43.48347806], [-1.56264497, 43.48348857], [-1.56260444, 43.48354435], [-1.56256343, 43.48360205], [-1.56254893, 43.48362163], [-1.56253789, 43.48363299], [-1.5624968, 43.48366634], [-1.56240145, 43.48373899], [-1.56239145, 43.48374768], [-1.56236871, 43.48377301], [-1.56237375, 43.48377749], [-1.56237625, 43.48379109], [-1.56238217, 43.48380573], [-1.56239393, 43.48381897], [-1.56239745, 43.48382307], [-1.56239869, 43.48382807], [-1.56239779, 43.48383261], [-1.56239304, 43.48383532], [-1.56238273, 43.4838397], [-1.56236082, 43.48384642], [-1.56231819, 43.48384706], [-1.56215351, 43.48384963], [-1.56200183, 43.48385205], [-1.56199892, 43.48384605], [-1.56199288, 43.4838398], [-1.56198904, 43.48383802], [-1.5619125, 43.48375456], [-1.56188087, 43.4837197], [-1.56176323, 43.48362912], [-1.56174438, 43.48361706], [-1.56174939, 43.48361128], [-1.56175275, 43.48359816], [-1.56175429, 43.48358557], [-1.56175261, 43.48356977], [-1.56174063, 43.48353374], [-1.56172127, 43.48349989], [-1.56171128, 43.4834855], [-1.56169037, 43.48346073], [-1.56168241, 43.48345365], [-1.56166827, 43.4834434], [-1.56165376, 43.48343477], [-1.56163729, 43.48342632], [-1.56161415, 43.48341651], [-1.56158571, 43.48340871], [-1.56156494, 43.48340403], [-1.5615336, 43.48339887], [-1.56151155, 43.48339695], [-1.56148471, 43.48339567], [-1.56146883, 43.48339531], [-1.56126673, 43.48341268], [-1.56073633, 43.48346026], [-1.56067028, 43.48346765], [-1.56062909, 43.48347315], [-1.56058938, 43.48348014], [-1.56056015, 43.48348661], [-1.56052039, 43.48349621], [-1.56047413, 43.48351021], [-1.56041251, 43.48353212], [-1.56037635, 43.48354689], [-1.56037386, 43.4835451], [-1.56031638, 43.4835727], [-1.56028588, 43.48358869], [-1.56025217, 43.48360823], [-1.56022981, 43.4836221], [-1.56004908, 43.48374356], [-1.55997907, 43.4837923], [-1.55950722, 43.48412034], [-1.55940091, 43.48419711], [-1.55888184, 43.48454928], [-1.55872822, 43.48466894], [-1.55859833, 43.48477495], [-1.55846777, 43.48488847], [-1.55826496, 43.48507407], [-1.55817863, 43.48515979], [-1.55803061, 43.4853133], [-1.55747136, 43.48598508]], [[-1.55850416, 43.48207533], [-1.55850596, 43.4820712], [-1.55852316, 43.48207449], [-1.55852941, 43.48205703], [-1.55852983, 43.48204513], [-1.55855032, 43.48197816], [-1.55797933, 43.481885], [-1.55799086, 43.48203949], [-1.55800334, 43.4820866], [-1.55805258, 43.48209734], [-1.55823419, 43.48214208], [-1.55845984, 43.48219773], [-1.55846648, 43.48217922], [-1.55847056, 43.48216915], [-1.55850416, 43.48207533]], [[-1.55898387, 43.48370872], [-1.55874458, 43.48355531], [-1.55874454, 43.48355535], [-1.55864316, 43.48364186], [-1.55888227, 43.48379149], [-1.55898387, 43.48370872]]]]}, "geometry_name": "the_geom", "properties": {"gid": 3130373, "gpu_doc_id": "6345e561e148d0d60d85340d4b826649", "gpu_status": "production", "gpu_timestamp": "2025-10-08T08:09:54.942Z", "partition": "DU_64122", "libelle": "UAs", "libelong": "UAs", "typezone": "U", "destdomi": null, "nomfic": "64122_reglement_20250927.pdf#UA", "urlfic": "", "insee": null, "datappro": null, "datvalid": "20240323", "idurba": "64122_PLU_20250927", "idzone": null, "lib_idzone": "", "formdomi": null, "destoui": null, "destcdt": null, "destnon": null, "symbole": null}}, {"type": "Feature", "id": "zone_urba.3130406", "geometry": {"type": "MultiPolygon", "coordinates": [[[[-1.55456627, 43.48456809], [-1.55466456, 43.48466193], [-1.5546393, 43.48468374], [-1.55425855, 43.48501253], [-1.5541758, 43.48512388], [-1.55414594, 43.48521255], [-1.55506059, 43.48518283], [-1.55610609, 43.48514896], [-1.55638397, 43.48524902], [-1.5566933, 43.48551141], [-1.55747136, 43.48598508], [-1.5574029, 43.48606648], [-1.55739708, 43.48607978], [-1.55739943, 43.48608474], [-1.55741672, 43.48609415], [-1.5574214, 43.48610037], [-1.55741885, 43.48610777], [-1.55722349, 43.48630201], [-1.55722645, 43.48632019], [-1.55734059, 43.48636985], [-1.55742091, 43.48640435], [-1.5574306, 43.48642137], [-1.55743507, 43.48643643], [-1.55743071, 43.48644282], [-1.55742224, 43.48644541], [-1.55740844, 43.48644794], [-1.55737398, 43.48644741], [-1.55736401, 43.48644825], [-1.55735397, 43.48645135], [-1.55734925, 43.48645613], [-1.55734788, 43.4864644], [-1.55735235, 43.48647278], [-1.55735407, 43.48648092], [-1.55734822, 43.48648872], [-1.55722466, 43.48653183], [-1.55708192, 43.4866881], [-1.55707838, 43.48669536], [-1.55709111, 43.48670676], [-1.55710448, 43.48671497], [-1.55711437, 43.48671819], [-1.5571237, 43.48672206], [-1.55713812, 43.48673104], [-1.55714749, 43.48673887], [-1.55715753, 43.48674893], [-1.55716443, 43.48675849], [-1.55716712, 43.48676802], [-1.55716546, 43.486779], [-1.5571607, 43.48678658], [-1.55715414, 43.48679314], [-1.55714157, 43.48680058], [-1.55712325, 43.48680897], [-1.55708839, 43.48682134], [-1.55705743, 43.48682951], [-1.55701134, 43.48683575], [-1.55701244, 43.48684878], [-1.55688524, 43.48698587], [-1.55687052, 43.48698609], [-1.55687475, 43.48700792], [-1.55687409, 43.48701894], [-1.55686855, 43.48702944], [-1.55685859, 43.48704191], [-1.55682144, 43.48707169], [-1.55681602, 43.48707866], [-1.55681236, 43.4870861], [-1.55681324, 43.48709617], [-1.55681303, 43.48711168], [-1.55680937, 43.48712399], [-1.55680217, 43.48713366], [-1.55679212, 43.48714171], [-1.55678073, 43.4871483], [-1.55676807, 43.48715285], [-1.55675588, 43.48715559], [-1.55674526, 43.48715583], [-1.55671548, 43.48714493], [-1.5565779, 43.48719111], [-1.55656226, 43.48719218], [-1.55633295, 43.48718528], [-1.55626821, 43.48718884], [-1.55621097, 43.48719813], [-1.55613681, 43.48721981], [-1.55611024, 43.48722879], [-1.55608279, 43.48724421], [-1.55604673, 43.48726853], [-1.55576579, 43.48748598], [-1.5557319, 43.48746478], [-1.55437213, 43.48856645], [-1.55435829, 43.4885565], [-1.55397567, 43.48831259], [-1.55391125, 43.48819995], [-1.55380229, 43.4881255], [-1.55380603, 43.4879763], [-1.55366544, 43.48782865], [-1.55374318, 43.48776377], [-1.55375465, 43.48775331], [-1.55388442, 43.48765713], [-1.55413867, 43.48748528], [-1.55428215, 43.48738712], [-1.55468934, 43.48710799], [-1.55490873, 43.48695843], [-1.55505135, 43.48686382], [-1.55514258, 43.48678711], [-1.55516641, 43.486763], [-1.5551878, 43.48673935], [-1.55522276, 43.48669362], [-1.55524481, 43.48666047], [-1.55526299, 43.48663028], [-1.55528581, 43.48658764], [-1.55530588, 43.48654475], [-1.5553195, 43.48650825], [-1.55532857, 43.48647706], [-1.55533667, 43.48643788], [-1.5553831, 43.48618707], [-1.55539019, 43.48616426], [-1.55539964, 43.48613657], [-1.55542682, 43.48606779], [-1.5554389, 43.48604321], [-1.55535856, 43.48602255], [-1.55515671, 43.48596596], [-1.55497677, 43.48594706], [-1.55499183, 43.48592074], [-1.55512418, 43.48569169], [-1.55482877, 43.48561835], [-1.55478089, 43.4856099], [-1.55475966, 43.48564485], [-1.55471958, 43.48563664], [-1.55438157, 43.48554498], [-1.55410749, 43.48548261], [-1.55403804, 43.48546686], [-1.55397061, 43.48561826], [-1.55386989, 43.4856706], [-1.55375449, 43.4857039], [-1.55334671, 43.48578637], [-1.55284398, 43.485855], [-1.55184245, 43.48597012], [-1.55159493, 43.48601814], [-1.5515401, 43.4858663], [-1.55140944, 43.48571365], [-1.55122482, 43.48568554], [-1.55108016, 43.48568125], [-1.55023468, 43.48570768], [-1.55009908, 43.48571193], [-1.54999739, 43.48571542], [-1.54999594, 43.48566283], [-1.54997789, 43.48540032], [-1.54997742, 43.48534226], [-1.54985879, 43.48534634], [-1.54985436, 43.48529432], [-1.54983547, 43.48513056], [-1.54993502, 43.48512726], [-1.5500008, 43.48512448], [-1.55011683, 43.4851207], [-1.55014959, 43.48511871], [-1.5498823, 43.4849235], [-1.54959894, 43.48474478], [-1.54943517, 43.48464227], [-1.54908261, 43.48444431], [-1.54896864, 43.48438952], [-1.54881013, 43.48462979], [-1.54874921, 43.48460717], [-1.54717086, 43.48426206], [-1.54697791, 43.48425321], [-1.54660309, 43.48391585], [-1.54635338, 43.48328094], [-1.54643178, 43.48320352], [-1.54693258, 43.4834058], [-1.54721425, 43.48296525], [-1.54725491, 43.48297717], [-1.54757114, 43.48308423], [-1.54764631, 43.48310957], [-1.54777725, 43.48315398], [-1.54781917, 43.48316917], [-1.54776356, 43.48331272], [-1.54824492, 43.48340461], [-1.54843649, 43.48344698], [-1.54871983, 43.48349972], [-1.54870086, 43.48357754], [-1.54869768, 43.48359957], [-1.54872524, 43.48363048], [-1.5487359, 43.48364232], [-1.54894691, 43.48377119], [-1.54916427, 43.48390387], [-1.54918342, 43.48388499], [-1.54918826, 43.48388688], [-1.54924532, 43.48382017], [-1.54945769, 43.48395719], [-1.54962542, 43.48403846], [-1.54966134, 43.4840543], [-1.54948234, 43.48422168], [-1.55009762, 43.48459567], [-1.55048968, 43.48480461], [-1.55067674, 43.48485476], [-1.55088837, 43.48486787], [-1.55136039, 43.48482963], [-1.55185661, 43.48481855], [-1.55242348, 43.48472611], [-1.55280372, 43.48466411], [-1.55289233, 43.48469551], [-1.55338687, 43.48482525], [-1.55360713, 43.48485616], [-1.5539349, 43.48481119], [-1.55418789, 43.48473511], [-1.55456627, 43.48456809]]]]}, "geometry_name": "the_geom", "properties": {"gid": 3130406, "gpu_doc_id": "6345e561e148d0d60d85340d4b826649", "gpu_status": "production", "gpu_timestamp": "2025-10-08T08:09:54.942Z", "partition": "DU_64122", "libelle": "UA", "libelong": "UA", "typezone": "U", "destdomi": null, "nomfic": "64122_reglement_20250927.pdf#UA", "urlfic": "", "insee": null, "datappro": null, "datvalid": "20240323", "idurba": "64122_PLU_20250927", "idzone": null, "lib_idzone": "", "formdomi": null, "destoui": null, "destcdt": null, "destnon": null, "symbole": null}}, {"type": "Feature", "id": "zone_urba.3130393", "geometry": {"type": "MultiPolygon", "coordinates": [[[[-1.56686817, 43.48346699], [-1.5670883, 43.48325779], [-1.56711329, 43.48327417], [-1.56713793, 43.48328708], [-1.56718499, 43.48331165], [-1.56729242, 43.48336757], [-1.56734886, 43.48341275], [-1.56737538, 43.48349567], [-1.56738001, 43.48356678], [-1.5673663, 43.48362485], [-1.5673914, 43.48363274], [-1.56738648, 43.48364216], [-1.56736979, 43.48366228], [-1.56735352, 43.48367988], [-1.56734057, 43.48369048], [-1.56732572, 43.48370045], [-1.56730687, 43.48370994], [-1.56726555, 43.48368884], [-1.56703013, 43.48356823], [-1.56698294, 43.48353894], [-1.56693896, 43.48351147], [-1.56686817, 43.48346699]]]]}, "geometry_name": "the_geom", "properties": {"gid": 3130393, "gpu_doc_id": "6345e561e148d0d60d85340d4b826649", "gpu_status": "production", "gpu_timestamp": "2025-10-08T08:09:54.942Z", "partition": "DU_64122", "libelle": "UAg", "libelong": "UAg", "typezone": "U", "destdomi": null, "nomfic": "64122_reglement_20250927.pdf#UA", "urlfic": "", "insee": null, "datappro": null, "datvalid": "20170923", "idurba": "64122_PLU_20250927", "idzone": null, "lib_idzone": "", "formdomi": null, "destoui": null, "destcdt": null, "destnon": null, "symbole": null}}, {"type": "Feature", "id": "zone_urba.3130288", "geometry": {"type": "MultiPolygon", "coordinates": [[[[-1.56276831, 43.48342284], [-1.5629419, 43.48335837], [-1.56318618, 43.48327577], [-1.56328589, 43.48324333], [-1.56337335, 43.48321761], [-1.56344665, 43.48320127], [-1.56350931, 43.48318806], [-1.56357986, 43.48317796], [-1.56362228, 43.48317575], [-1.56386868, 43.48316969], [-1.56392919, 43.48316756], [-1.5640283, 43.4831603], [-1.56416327, 43.48314071], [-1.56415619, 43.48311395], [-1.56436079, 43.48307691], [-1.5647956, 43.48299605], [-1.56488388, 43.48297966], [-1.56500631, 43.48295805], [-1.56506784, 43.48294804], [-1.56510608, 43.48294292], [-1.56515629, 43.48293723], [-1.5652043, 43.48293353], [-1.5652561, 43.48293094], [-1.5652577, 43.48291925], [-1.56538833, 43.48290461], [-1.56557368, 43.4828768], [-1.5656243, 43.48286335], [-1.5657305, 43.48282317], [-1.56580799, 43.4827884], [-1.56602113, 43.48283658], [-1.56630787, 43.48292588], [-1.56660166, 43.48299571], [-1.56689756, 43.48314167], [-1.56688378, 43.48317078], [-1.56686979, 43.48320054], [-1.5668491, 43.48324365], [-1.56665353, 43.48320082], [-1.56650563, 43.48318469], [-1.56637116, 43.48336832], [-1.56607874, 43.4832921], [-1.56608071, 43.48326705], [-1.56609229, 43.48317032], [-1.56578485, 43.48315302], [-1.56578262, 43.4831962], [-1.5657803, 43.48320152], [-1.5657711, 43.48320766], [-1.56572649, 43.48322195], [-1.56571584, 43.4832285], [-1.56570542, 43.48324325], [-1.56569466, 43.48325332], [-1.56567559, 43.48326481], [-1.56568321, 43.48327559], [-1.56571653, 43.48332231], [-1.56571093, 43.48334507], [-1.56570647, 43.48336337], [-1.56570357, 43.48336592], [-1.56569536, 43.48336867], [-1.56568665, 43.48335658], [-1.56567604, 43.48336034], [-1.56565155, 43.4833275], [-1.56564195, 43.4833232], [-1.56563774, 43.48332327], [-1.56559125, 43.48333223], [-1.56558927, 43.48333403], [-1.56558625, 43.48333667], [-1.56557736, 43.48334027], [-1.56556626, 43.4833426], [-1.56552643, 43.48334634], [-1.56546529, 43.48334489], [-1.56543172, 43.48335289], [-1.56541002, 43.48336727], [-1.56540032, 43.48337009], [-1.56499816, 43.48335925], [-1.56487563, 43.48335319], [-1.56487516, 43.48336673], [-1.56487267, 43.48336656], [-1.5648491, 43.48336587], [-1.56484215, 43.4833657], [-1.56483906, 43.48336411], [-1.56483436, 43.48335581], [-1.56481975, 43.48334089], [-1.56480071, 43.48332469], [-1.56479469, 43.48331862], [-1.56478876, 43.48330895], [-1.56478444, 43.48329911], [-1.56477751, 43.48328748], [-1.56475987, 43.48326844], [-1.5647515, 43.48327409], [-1.56473176, 43.48326829], [-1.56471101, 43.48326902], [-1.56453269, 43.48327672], [-1.56439137, 43.48328249], [-1.56403708, 43.48332591], [-1.56399905, 43.48333057], [-1.56400206, 43.48334929], [-1.56369355, 43.48333771], [-1.5636394, 43.48333706], [-1.56357491, 43.48333889], [-1.56354352, 43.48334121], [-1.56348758, 43.48334649], [-1.56343677, 43.48335238], [-1.56339559, 43.48335961], [-1.56332219, 43.48337477], [-1.56328487, 43.48338391], [-1.56325161, 43.4833928], [-1.56292825, 43.48348231], [-1.56288168, 43.48349695], [-1.56273778, 43.48354619], [-1.56271409, 43.4835556], [-1.56268848, 43.48356563], [-1.5625966, 43.4836019], [-1.56256343, 43.48360205], [-1.56260444, 43.48354435], [-1.56264497, 43.48348857], [-1.56265532, 43.48347806], [-1.56266777, 43.48347072], [-1.56273119, 43.48343963], [-1.56276831, 43.48342284]]]]}, "geometry_name": "the_geom", "properties": {"gid": 3130288, "gpu_doc_id": "6345e561e148d0d60d85340d4b826649", "gpu_status": "production", "gpu_timestamp": "2025-10-08T08:09:54.942Z", "partition": "DU_64122", "libelle": "Nd", "libelong": "Nd", "typezone": "N", "destdomi": null, "nomfic": "64122_reglement_20250927.pdf#N", "urlfic": "", "insee": null, "datappro": null, "datvalid": "20170923", "idurba": "64122_PLU_20250927", "idzone": null, "lib_idzone": "", "formdomi": null, "destoui": null, "destcdt": null, "destnon": null, "symbole": null}}, {"type": "Feature", "id": "zone_urba.3130295", "geometry": {"type": "MultiPolygon", "coordinates": [[[[-1.56216265, 43.4839198], [-1.56209141, 43.48390432], [-1.56206036, 43.48390961], [-1.56205075, 43.48391008], [-1.56203971, 43.48390817], [-1.5620301, 43.48390387], [-1.5620238, 43.48389745], [-1.56200183, 43.48385205], [-1.56215351, 43.48384963], [-1.56231819, 43.48384706], [-1.56236082, 43.48384642], [-1.56234383, 43.48385431], [-1.56233249, 43.4838617], [-1.56232462, 43.48386895], [-1.56231801, 43.48388165], [-1.56231214, 43.48389919], [-1.56230631, 43.48392556], [-1.5623001, 43.48394177], [-1.56229689, 43.48394865], [-1.56229194, 43.48395363], [-1.56228402, 43.48395692], [-1.56227618, 43.48395803], [-1.56226433, 43.48395679], [-1.56225778, 43.48395543], [-1.56223899, 43.4839459], [-1.56221812, 43.48393329], [-1.56220325, 43.48392802], [-1.56216265, 43.4839198]]]]}, "geometry_name": "the_geom", "properties": {"gid": 3130295, "gpu_doc_id": "6345e561e148d0d60d85340d4b826649", "gpu_status": "production", "gpu_timestamp": "2025-10-08T08:09:54.942Z", "partition": "DU_64122", "libelle": "Ner", "libelong": "Ner", "typezone": "N", "destdomi": null, "nomfic": "64122_reglement_20250927.pdf#Ner", "urlfic": "", "insee": null, "datappro": null, "datvalid": "20170923", "idurba": "64122_PLU_20250927", "idzone": null, "lib_idzone": "", "formdomi": null, "destoui": null, "destcdt": null, "destnon": null, "symbole": null}}, {"type": "Feature", "id": "zone_urba.3130318", "geometry": {"type": "MultiPolygon", "coordinates": [[[[-1.5654732, 43.48377051], [-1.5654713, 43.48376337], [-1.56541931, 43.48376841], [-1.56537538, 43.48377366], [-1.56536861, 43.48378403], [-1.56535408, 43.48379353], [-1.56534776, 43.48379666], [-1.5653387, 43.48379802], [-1.56532822, 43.48379861], [-1.56532229, 43.48379875], [-1.56530052, 43.48379069], [-1.56523641, 43.48376781], [-1.56522656, 43.48376847], [-1.56516844, 43.48377609], [-1.56513335, 43.48377685], [-1.56512677, 43.48377837], [-1.56512394, 43.48378019], [-1.56511941, 43.48378425], [-1.56511787, 43.48379008], [-1.56511699, 43.48381491], [-1.56508043, 43.48382591], [-1.56502344, 43.48383205], [-1.56493248, 43.48382582], [-1.56491473, 43.48382193], [-1.56487948, 43.48381233], [-1.56486776, 43.48380801], [-1.56486131, 43.48380448], [-1.56486152, 43.48380222], [-1.56486724, 43.48379595], [-1.56488892, 43.48377463], [-1.56489771, 43.48376969], [-1.56491697, 43.48376063], [-1.56492312, 43.48375858], [-1.56494671, 43.48375603], [-1.56496796, 43.48372237], [-1.5650521, 43.48366711], [-1.56511758, 43.48362558], [-1.56511382, 43.48360671], [-1.56508777, 43.48357285], [-1.56503553, 43.48355293], [-1.56500514, 43.48354557], [-1.5649868, 43.48354368], [-1.5649443, 43.48353986], [-1.56489144, 43.48352997], [-1.56487298, 43.48353142], [-1.56486676, 43.48353275], [-1.56486124, 43.48353504], [-1.56482516, 43.48353431], [-1.56476942, 43.48372789], [-1.56475775, 43.48375567], [-1.56473353, 43.48378926], [-1.56476798, 43.48381629], [-1.56475358, 43.48385553], [-1.56473991, 43.48387311], [-1.56472033, 43.48388444], [-1.5646753, 43.48389316], [-1.56455898, 43.48390885], [-1.56453176, 43.48390569], [-1.56450063, 43.48388331], [-1.56446797, 43.48387036], [-1.56443923, 43.48385356], [-1.56442266, 43.48385052], [-1.56437672, 43.48392499], [-1.56434856, 43.48392097], [-1.56431265, 43.4838976], [-1.56425346, 43.48388417], [-1.56418408, 43.48388674], [-1.56409698, 43.48390091], [-1.56396923, 43.48385793], [-1.5639406, 43.48373142], [-1.56393453, 43.48369822], [-1.56396643, 43.4837011], [-1.56394757, 43.48364253], [-1.56394864, 43.48360543], [-1.56396765, 43.48354167], [-1.56399255, 43.48348389], [-1.56399965, 43.48344638], [-1.56399541, 43.48338462], [-1.56400652, 43.48338256], [-1.56400473, 43.48336514], [-1.56400206, 43.48334929], [-1.56399905, 43.48333057], [-1.56403708, 43.48332591], [-1.56439137, 43.48328249], [-1.56453269, 43.48327672], [-1.56471101, 43.48326902], [-1.56473176, 43.48326829], [-1.5647515, 43.48327409], [-1.56475987, 43.48326844], [-1.56477751, 43.48328748], [-1.56478444, 43.48329911], [-1.56478876, 43.48330895], [-1.56479469, 43.48331862], [-1.56480071, 43.48332469], [-1.56481975, 43.48334089], [-1.56483436, 43.48335581], [-1.56483906, 43.48336411], [-1.56484215, 43.4833657], [-1.5648491, 43.48336587], [-1.56487267, 43.48336656], [-1.56487516, 43.48336673], [-1.56487563, 43.48335319], [-1.56499816, 43.48335925], [-1.56540032, 43.48337009], [-1.56541002, 43.48336727], [-1.56543172, 43.48335289], [-1.56546529, 43.48334489], [-1.56552643, 43.48334634], [-1.56556626, 43.4833426], [-1.56557736, 43.48334027], [-1.56558625, 43.48333667], [-1.56558927, 43.48333403], [-1.56559125, 43.48333223], [-1.56563774, 43.48332327], [-1.56564195, 43.4833232], [-1.56565155, 43.4833275], [-1.56567604, 43.48336034], [-1.56568665, 43.48335658], [-1.56569536, 43.48336867], [-1.56570357, 43.48336592], [-1.56575137, 43.48342911], [-1.56575527, 43.48343319], [-1.56577183, 43.48343452], [-1.56579008, 43.48343352], [-1.56580636, 43.48343432], [-1.56582046, 43.48343746], [-1.56585397, 43.48345019], [-1.56588898, 43.48346476], [-1.56592419, 43.48348203], [-1.56593842, 43.48349021], [-1.56594605, 43.48349793], [-1.56595245, 43.48350732], [-1.56595436, 43.48351464], [-1.56594919, 43.48352178], [-1.565944, 43.48352515], [-1.5659372, 43.48352695], [-1.56592698, 43.483526], [-1.56592241, 43.48352438], [-1.56591591, 43.48352365], [-1.5659098, 43.4835247], [-1.5659063, 43.48352754], [-1.56590507, 43.48353101], [-1.5659054, 43.48354038], [-1.56590815, 43.48355073], [-1.56592066, 43.48358232], [-1.56591799, 43.4835863], [-1.56591391, 43.48358808], [-1.56590909, 43.4835881], [-1.56590162, 43.48358596], [-1.56588773, 43.48357894], [-1.56584563, 43.48355239], [-1.56583341, 43.48355279], [-1.56585841, 43.48378969], [-1.5659147, 43.48400957], [-1.56590569, 43.48400993], [-1.5658344, 43.48394055], [-1.56567478, 43.48386871], [-1.56557292, 43.48382272], [-1.56546613, 43.48377873], [-1.5654732, 43.48377051]]]]}, "geometry_name": "the_geom", "properties": {"gid": 3130318, "gpu_doc_id": "6345e561e148d0d60d85340d4b826649", "gpu_status": "production", "gpu_timestamp": "2025-10-08T08:09:54.942Z", "partition": "DU_64122", "libelle": "Ner", "libelong": "Ner", "typezone": "N", "destdomi": null, "nomfic": "64122_reglement_20250927.pdf#Ner", "urlfic": "", "insee": null, "datappro": null, "datvalid": "20170923", "idurba": "64122_PLU_20250927", "idzone": null, "lib_idzone": "", "formdomi": null, "destoui": null, "destcdt": null, "destnon": null, "symbole": null}}, {"type": "Feature", "id": "zone_urba.3130340", "geometry": {"type": "MultiPolygon", "coordinates": [[[[-1.55637416, 43.48046691], [-1.55627928, 43.48043307], [-1.55627425, 43.48043526], [-1.55621905, 43.48040895], [-1.55621826, 43.48039492], [-1.55623072, 43.48038433], [-1.55619988, 43.48036932], [-1.55603855, 43.48029088], [-1.55587066, 43.48020908], [-1.55584437, 43.48019631], [-1.55577733, 43.48026073], [-1.55571197, 43.48032551], [-1.55566725, 43.48035342], [-1.55566411, 43.48035111], [-1.55565039, 43.48038131], [-1.55562482, 43.48045174], [-1.55548034, 43.48044663], [-1.55542794, 43.48045438], [-1.55542986, 43.4804205], [-1.55543464, 43.48033503], [-1.55540135, 43.48014254], [-1.55546466, 43.48011326], [-1.55560141, 43.48004971], [-1.55554486, 43.47999687], [-1.55555352, 43.4799886], [-1.55547711, 43.479925], [-1.55547498, 43.4799223], [-1.55542199, 43.47992154], [-1.555392, 43.47989753], [-1.55533683, 43.4798998], [-1.55527848, 43.47988751], [-1.55512398, 43.47984755], [-1.55510528, 43.47981917], [-1.55522903, 43.47969412], [-1.55528487, 43.47966442], [-1.55522284, 43.47960269], [-1.55518035, 43.47955424], [-1.55527318, 43.47949252], [-1.5554818, 43.47935348], [-1.55551616, 43.47933288], [-1.55569804, 43.47948434], [-1.55577954, 43.47954434], [-1.55582316, 43.47952054], [-1.55583116, 43.47951644], [-1.55582283, 43.47950271], [-1.55582541, 43.47947259], [-1.55584512, 43.47944973], [-1.55587813, 43.47943427], [-1.5559102, 43.47942759], [-1.55594852, 43.47942698], [-1.55600364, 43.47943904], [-1.5563362, 43.47952613], [-1.55643877, 43.47957013], [-1.55653175, 43.47962018], [-1.55659253, 43.47966177], [-1.55669039, 43.47974056], [-1.55706184, 43.48004706], [-1.55709392, 43.4800722], [-1.55710776, 43.48009671], [-1.55710914, 43.48012686], [-1.55709565, 43.4801584], [-1.55707373, 43.4801882], [-1.55703798, 43.48023662], [-1.5569297, 43.48038329], [-1.55689062, 43.48039487], [-1.55681868, 43.48040159], [-1.55669869, 43.48029144], [-1.55662789, 43.48033185], [-1.55661866, 43.48033763], [-1.55654887, 43.48037617], [-1.55657501, 43.48040137], [-1.55654202, 43.48042034], [-1.55649117, 43.48049393], [-1.55648302, 43.48050579], [-1.55637416, 43.48046691]]]]}, "geometry_name": "the_geom", "properties": {"gid": 3130340, "gpu_doc_id": "6345e561e148d0d60d85340d4b826649", "gpu_status": "production", "gpu_timestamp": "2025-10-08T08:09:54.942Z", "partition": "DU_64122", "libelle": "UBa", "libelong": "UBa", "typezone": "U", "destdomi": null, "nomfic": "64122_reglement_20250927.pdf#UB", "urlfic": "", "insee": null, "datappro": null, "datvalid": "20170923", "idurba": "64122_PLU_20250927", "idzone": null, "lib_idzone": "", "formdomi": null, "destoui": null, "destcdt": null, "destnon": null, "symbole": null}}, {"type": "Feature", "id": "zone_urba.3130374", "geometry": {"type": "MultiPolygon", "coordinates": [[[[-1.56230956, 43.47888157], [-1.56231066, 43.47887458], [-1.56231414, 43.47887481], [-1.56232885, 43.47878002], [-1.56233141, 43.47876289], [-1.5625173, 43.47878392], [-1.56256328, 43.47855746], [-1.56257656, 43.47851316], [-1.56384884, 43.47864047], [-1.56398207, 43.47865379], [-1.56397363, 43.47870507], [-1.56391129, 43.47905893], [-1.56381792, 43.47918946], [-1.56379946, 43.47922399], [-1.56369207, 43.47942377], [-1.56370257, 43.47942669], [-1.56367462, 43.47948026], [-1.56366048, 43.47950664], [-1.56364401, 43.47950233], [-1.56251277, 43.47920863], [-1.56226739, 43.47913604], [-1.56227505, 43.47910739], [-1.56230956, 43.47888157]]]]}, "geometry_name": "the_geom", "properties": {"gid": 3130374, "gpu_doc_id": "6345e561e148d0d60d85340d4b826649", "gpu_status": "production", "gpu_timestamp": "2025-10-08T08:09:54.942Z", "partition": "DU_64122", "libelle": "UD", "libelong": "UD", "typezone": "U", "destdomi": null, "nomfic": "64122_reglement_20250927.pdf#UD", "urlfic": "", "insee": null, "datappro": null, "datvalid": "20170923", "idurba": "64122_PLU_20250927", "idzone": null, "lib_idzone": "", "formdomi": null, "destoui": null, "destcdt": null, "destnon": null, "symbole": null}}, {"type": "Feature", "id": "zone_urba.3130378", "geometry": {"type": "MultiPolygon", "coordinates": [[[[-1.56268848, 43.48356563], [-1.56271409, 43.4835556], [-1.56284984, 43.48367075], [-1.56288175, 43.48367039], [-1.56289326, 43.48367201], [-1.56290132, 43.48367376], [-1.56290807, 43.48367629], [-1.56292369, 43.48368486], [-1.56293407, 43.48369122], [-1.56298294, 43.48372904], [-1.56300326, 43.48374239], [-1.56301905, 43.48375005], [-1.56304227, 43.48375932], [-1.56309165, 43.48377566], [-1.56320693, 43.48381067], [-1.56321312, 43.48381404], [-1.563215, 43.48381928], [-1.56321725, 43.4838328], [-1.56321823, 43.48384593], [-1.56321707, 43.48386202], [-1.56321091, 43.48388894], [-1.56320815, 43.483895], [-1.56320261, 43.48390198], [-1.56318461, 43.48392135], [-1.56318161, 43.48392598], [-1.56318026, 43.48393262], [-1.56318177, 43.48393796], [-1.56319259, 43.48396016], [-1.56320794, 43.48398669], [-1.56323998, 43.48403779], [-1.56327533, 43.48408507], [-1.56328472, 43.48409471], [-1.56329452, 43.48410171], [-1.56330629, 43.48410837], [-1.56331232, 43.48411119], [-1.56333442, 43.48411879], [-1.56336798, 43.48412882], [-1.56337341, 43.48413194], [-1.56339889, 43.48415815], [-1.56340376, 43.48416526], [-1.5634077, 43.48417331], [-1.56341008, 43.48418205], [-1.56340875, 43.48419238], [-1.56340593, 43.48419934], [-1.56340052, 43.48420649], [-1.56339082, 43.48421427], [-1.563387, 43.48421604], [-1.56337694, 43.48421564], [-1.56331696, 43.48420485], [-1.56323613, 43.48419687], [-1.56321573, 43.4841938], [-1.56319604, 43.48419035], [-1.56316886, 43.48418457], [-1.56314084, 43.48417747], [-1.56312198, 43.48417182], [-1.56309144, 43.48416077], [-1.56308407, 43.48415664], [-1.56306116, 43.48413826], [-1.56304139, 43.48412047], [-1.56301781, 43.48409491], [-1.56295249, 43.48401754], [-1.5629428, 43.48400872], [-1.56280568, 43.48391003], [-1.56279886, 43.48390489], [-1.56279287, 43.48389927], [-1.56278978, 43.48389444], [-1.56278901, 43.48388906], [-1.56278983, 43.48388182], [-1.56279508, 43.48386754], [-1.56279883, 43.48385144], [-1.56279933, 43.48383988], [-1.56279852, 43.48383072], [-1.56278607, 43.48377839], [-1.56278627, 43.48376612], [-1.56278974, 43.48374967], [-1.5628141, 43.4836929], [-1.56282689, 43.48368509], [-1.56268848, 43.48356563]]]]}, "geometry_name": "the_geom", "properties": {"gid": 3130378, "gpu_doc_id": "6345e561e148d0d60d85340d4b826649", "gpu_status": "production", "gpu_timestamp": "2025-10-08T08:09:54.942Z", "partition": "DU_64122", "libelle": "Ner", "libelong": "Ner", "typezone": "N", "destdomi": null, "nomfic": "64122_reglement_20250927.pdf#Ner", "urlfic": "", "insee": null, "datappro": null, "datvalid": "20170923", "idurba": "64122_PLU_20250927", "idzone": null, "lib_idzone": "", "formdomi": null, "destoui": null, "destcdt": null, "destnon": null, "symbole": null}}, {"type": "Feature", "id": "zone_urba.3130231", "geometry": {"type": "MultiPolygon", "coordinates": [[[[-1.55823419, 43.48214208], [-1.55805258, 43.48209734], [-1.55800334, 43.4820866], [-1.55799086, 43.48203949], [-1.55797933, 43.481885], [-1.55855032, 43.48197816], [-1.55852983, 43.48204513], [-1.55852941, 43.48205703], [-1.55852316, 43.48207449], [-1.55850596, 43.4820712], [-1.55850416, 43.48207533], [-1.55847056, 43.48216915], [-1.55846648, 43.48217922], [-1.55845984, 43.48219773], [-1.55823419, 43.48214208]]]]}, "geometry_name": "the_geom", "properties": {"gid": 3130231, "gpu_doc_id": "6345e561e148d0d60d85340d4b826649", "gpu_status": "production", "gpu_timestamp": "2025-10-08T08:09:54.942Z", "partition": "DU_64122", "libelle": "UAc", "libelong": "UAc", "typezone": "U", "destdomi": null, "nomfic": "64122_reglement_20250927.pdf#UA", "urlfic": "", "insee": null, "datappro": null, "datvalid": "20170923", "idurba": "64122_PLU_20250927", "idzone": null, "lib_idzone": "", "formdomi": null, "destoui": null, "destcdt": null, "destnon": null, "symbole": null}}, {"type": "Feature", "id": "zone_urba.3130407", "geometry": {"type": "MultiPolygon", "coordinates": [[[[-1.55898387, 43.48370872], [-1.55888227, 43.48379149], [-1.55864316, 43.48364186], [-1.55874454, 43.48355535], [-1.55898387, 43.48370872]]]]}, "geometry_name": "the_geom", "properties": {"gid": 3130407, "gpu_doc_id": "6345e561e148d0d60d85340d4b826649", "gpu_status": "production", "gpu_timestamp": "2025-10-08T08:09:54.942Z", "partition": "DU_64122", "libelle": "UAh", "libelong": "UAh", "typezone": "U", "destdomi": null, "nomfic": "64122_reglement_20250927.pdf#UA", "urlfic": "", "insee": null, "datappro": null, "datvalid": "20240323", "idurba": "64122_PLU_20250927", "idzone": null, "lib_idzone": "", "formdomi": null, "destoui": null, "destcdt": null, "destnon": null, "symbole": null}}, {"type": "Feature", "id": "zone_urba.3130239", "geometry": {"type": "MultiPolygon", "coordinates": [[[[-1.54409211, 43.48033973], [-1.54420544, 43.48011918], [-1.54423028, 43.48009132], [-1.54428271, 43.4801082], [-1.5442951, 43.48007635], [-1.54440545, 43.47986728], [-1.54444573, 43.47987949], [-1.54449582, 43.47979403], [-1.54460165, 43.47982718], [-1.54462903, 43.47983575], [-1.54472345, 43.47986529], [-1.54475552, 43.47987538], [-1.54489609, 43.47991951], [-1.54497277, 43.47994353], [-1.54500598, 43.47995394], [-1.54510124, 43.47997812], [-1.54517315, 43.47999638], [-1.54534652, 43.48004047], [-1.54540801, 43.48005491], [-1.54545009, 43.48006479], [-1.54562511, 43.48009619], [-1.54564898, 43.48010095], [-1.54577546, 43.47992381], [-1.54587796, 43.47977273], [-1.54612294, 43.47949345], [-1.54627636, 43.47935102], [-1.54656338, 43.48018304], [-1.54715334, 43.48012773], [-1.54741557, 43.48010602], [-1.54742345, 43.48015452], [-1.54742013, 43.48022974], [-1.54741791, 43.48028139], [-1.54741283, 43.4803995], [-1.54741108, 43.48044077], [-1.54740551, 43.4805689], [-1.54740248, 43.48063969], [-1.54739954, 43.48071003], [-1.54739684, 43.48077026], [-1.54738689, 43.48100079], [-1.54738266, 43.48109372], [-1.54737366, 43.48128716], [-1.54737177, 43.48132663], [-1.54736659, 43.48143843], [-1.54736631, 43.48144457], [-1.54736989, 43.48150709], [-1.54727191, 43.48157472], [-1.54719429, 43.48170241], [-1.54733876, 43.48273821], [-1.54731303, 43.48281193], [-1.54726752, 43.4827972], [-1.54696511, 43.48269609], [-1.54698913, 43.48266125], [-1.54700912, 43.48263206], [-1.54699505, 43.48262928], [-1.54704923, 43.48253385], [-1.54707488, 43.48245099], [-1.5470825, 43.48242638], [-1.54697708, 43.48239111], [-1.54676403, 43.48232299], [-1.54669895, 43.48229144], [-1.54689622, 43.48198166], [-1.54684915, 43.48196626], [-1.54667395, 43.48190755], [-1.54668314, 43.48189303], [-1.54650054, 43.48183471], [-1.5464894, 43.48185146], [-1.54638385, 43.48181208], [-1.54635279, 43.48180051], [-1.54631599, 43.48178682], [-1.54627678, 43.48177223], [-1.54617199, 43.48173327], [-1.54607382, 43.48169667], [-1.54606071, 43.48169178], [-1.54597248, 43.48165893], [-1.54593492, 43.48164499], [-1.54588522, 43.48162586], [-1.5457769, 43.48158425], [-1.54566117, 43.48153617], [-1.54562385, 43.48152061], [-1.54550405, 43.48147269], [-1.54540708, 43.48143396], [-1.54535056, 43.4814114], [-1.54527784, 43.48138227], [-1.54513532, 43.48132524], [-1.54507257, 43.48130595], [-1.54533925, 43.48081674], [-1.54456736, 43.48073819], [-1.54465473, 43.48045266], [-1.544608, 43.48044865], [-1.54434051, 43.48041728], [-1.54432328, 43.48041192], [-1.54425939, 43.48039191], [-1.54418197, 43.48036782], [-1.54409211, 43.48033973]]]]}, "geometry_name": "the_geom", "properties": {"gid": 3130239, "gpu_doc_id": "6345e561e148d0d60d85340d4b826649", "gpu_status": "production", "gpu_timestamp": "2025-10-08T08:09:54.942Z", "partition": "DU_64122", "libelle": "UBa", "libelong": "UBa", "typezone": "U", "destdomi": null, "nomfic": "64122_reglement_20250927.pdf#UB", "urlfic": "", "insee": null, "datappro": null, "datvalid": "20170923", "idurba": "64122_PLU_20250927", "idzone": null, "lib_idzone": "", "formdomi": null, "destoui": null, "destcdt": null, "destnon": null, "symbole": null}}, {"type": "Feature", "id": "zone_urba.3130276", "geometry": {"type": "MultiPolygon", "coordinates": [[[[-1.56176003, 43.48373715], [-1.56175351, 43.48373443], [-1.56174821, 43.48373473], [-1.56170787, 43.48373993], [-1.56170156, 43.48373838], [-1.56169713, 43.48373531], [-1.56168632, 43.48371501], [-1.56168263, 43.48371028], [-1.56167743, 43.48370697], [-1.56159524, 43.48367904], [-1.56158984, 43.48367627], [-1.56158379, 43.48367147], [-1.56158081, 43.48366807], [-1.56157736, 43.48366334], [-1.56158047, 43.483657], [-1.56158579, 43.48365183], [-1.56159745, 43.48364559], [-1.561625, 43.48363486], [-1.56165005, 43.48362882], [-1.56166001, 43.48362788], [-1.56167845, 43.4836295], [-1.56168073, 43.48361859], [-1.56165051, 43.48361014], [-1.56162491, 43.48355067], [-1.5616132, 43.48353319], [-1.56159384, 43.48351097], [-1.56157814, 43.48349636], [-1.56155672, 43.48348143], [-1.5615277, 43.4834641], [-1.56150012, 43.48344951], [-1.56148292, 43.48344297], [-1.56146742, 43.48343773], [-1.56143064, 43.48342918], [-1.56140523, 43.48342559], [-1.56137635, 43.48342348], [-1.5613468, 43.48342385], [-1.56132431, 43.48342446], [-1.56126941, 43.48342871], [-1.56126673, 43.48341268], [-1.56146883, 43.48339531], [-1.56148471, 43.48339567], [-1.56151155, 43.48339695], [-1.5615336, 43.48339887], [-1.56156494, 43.48340403], [-1.56158571, 43.48340871], [-1.56161415, 43.48341651], [-1.56163729, 43.48342632], [-1.56165376, 43.48343477], [-1.56166827, 43.4834434], [-1.56168241, 43.48345365], [-1.56169037, 43.48346073], [-1.56171128, 43.4834855], [-1.56172127, 43.48349989], [-1.56174063, 43.48353374], [-1.56175261, 43.48356977], [-1.56175429, 43.48358557], [-1.56175275, 43.48359816], [-1.56174939, 43.48361128], [-1.56174438, 43.48361706], [-1.56176323, 43.48362912], [-1.56188087, 43.4837197], [-1.5619125, 43.48375456], [-1.56198904, 43.48383802], [-1.56198481, 43.48383607], [-1.56197851, 43.48383469], [-1.56192252, 43.48383583], [-1.56190204, 43.48383519], [-1.56187682, 43.48383232], [-1.56186096, 43.48382718], [-1.56184292, 43.48381779], [-1.56182978, 43.48380912], [-1.56182171, 43.48380213], [-1.56176003, 43.48373715]]]]}, "geometry_name": "the_geom", "properties": {"gid": 3130276, "gpu_doc_id": "6345e561e148d0d60d85340d4b826649", "gpu_status": "production", "gpu_timestamp": "2025-10-08T08:09:54.942Z", "partition": "DU_64122", "libelle": "Ner", "libelong": "Ner", "typezone": "N", "destdomi": null, "nomfic": "64122_reglement_20250927.pdf#Ner", "urlfic": "", "insee": null, "datappro": null, "datvalid": "20170923", "idurba": "64122_PLU_20250927", "idzone": null, "lib_idzone": "", "formdomi": null, "destoui": null, "destcdt": null, "destnon": null, "symbole": null}}, {"type": "Feature", "id": "zone_urba.3130278", "geometry": {"type": "MultiPolygon", "coordinates": [[[[-1.54317061, 43.48282941], [-1.54320579, 43.48279275], [-1.54322628, 43.48280395], [-1.54336798, 43.48288319], [-1.54352194, 43.48296754], [-1.54381762, 43.48312643], [-1.54384994, 43.48316016], [-1.5436594, 43.48339757], [-1.54360493, 43.48337767], [-1.54347173, 43.48332459], [-1.54340654, 43.48329859], [-1.54326849, 43.48324354], [-1.54325714, 43.48323903], [-1.54308543, 43.48317062], [-1.54290337, 43.48309802], [-1.54317061, 43.48282941]]]]}, "geometry_name": "the_geom", "properties": {"gid": 3130278, "gpu_doc_id": "6345e561e148d0d60d85340d4b826649", "gpu_status": "production", "gpu_timestamp": "2025-10-08T08:09:54.942Z", "partition": "DU_64122", "libelle": "UC*", "libelong": "UC*", "typezone": "U", "destdomi": null, "nomfic": "64122_reglement_20250927.pdf#UC", "urlfic": "", "insee": null, "datappro": null, "datvalid": "20170923", "idurba": "64122_PLU_20250927", "idzone": null, "lib_idzone": "", "formdomi": null, "destoui": null, "destcdt": null, "destnon": null, "symbole": null}}, {"type": "Feature", "id": "zone_urba.3130287", "geometry": {"type": "MultiPolygon", "coordinates": [[[[-1.54122094, 43.48443876], [-1.54120494, 43.48440009], [-1.54102184, 43.48444443], [-1.54080866, 43.48453838], [-1.54076923, 43.48450758], [-1.54060696, 43.48441815], [-1.54046918, 43.48411502], [-1.5405602, 43.48407538], [-1.54059852, 43.48399463], [-1.54085197, 43.48389351], [-1.54096697, 43.48385763], [-1.54095716, 43.48384465], [-1.54105223, 43.48383289], [-1.54113354, 43.48381589], [-1.54135422, 43.48377348], [-1.54141474, 43.48375487], [-1.54155349, 43.48370956], [-1.54157367, 43.4837012], [-1.54159963, 43.48368566], [-1.5416066, 43.48367931], [-1.54225528, 43.48359277], [-1.54237005, 43.48355184], [-1.54240222, 43.48358246], [-1.54249088, 43.48362764], [-1.54256472, 43.48364835], [-1.5426814, 43.48368089], [-1.54274005, 43.48370743], [-1.54307253, 43.48345051], [-1.54306195, 43.48344098], [-1.54287673, 43.48327422], [-1.54295415, 43.48322988], [-1.54290859, 43.48317155], [-1.54289513, 43.48314702], [-1.54287646, 43.48310909], [-1.54286636, 43.48309813], [-1.54290337, 43.48309802], [-1.54308543, 43.48317062], [-1.54325714, 43.48323903], [-1.54326849, 43.48324354], [-1.54340654, 43.48329859], [-1.54347173, 43.48332459], [-1.54360493, 43.48337767], [-1.5436594, 43.48339757], [-1.54356923, 43.48350983], [-1.54331094, 43.48377024], [-1.54301136, 43.48396262], [-1.54294073, 43.48397973], [-1.5430363, 43.48463069], [-1.54296342, 43.48464017], [-1.54230236, 43.48474897], [-1.5422077, 43.4847646], [-1.5421591, 43.48477202], [-1.54219135, 43.48487441], [-1.54219578, 43.48488902], [-1.54214482, 43.48489797], [-1.54147253, 43.48500388], [-1.54140367, 43.484862], [-1.54139317, 43.48483573], [-1.54137379, 43.48478151], [-1.54135827, 43.4847375], [-1.54134658, 43.48470352], [-1.54130669, 43.4845715], [-1.54122094, 43.48443876]]]]}, "geometry_name": "the_geom", "properties": {"gid": 3130287, "gpu_doc_id": "6345e561e148d0d60d85340d4b826649", "gpu_status": "production", "gpu_timestamp": "2025-10-08T08:09:54.942Z", "partition": "DU_64122", "libelle": "UDa", "libelong": "UDa", "typezone": "U", "destdomi": null, "nomfic": "64122_reglement_20250927.pdf#UD", "urlfic": "", "insee": null, "datappro": null, "datvalid": "20170923", "idurba": "64122_PLU_20250927", "idzone": null, "lib_idzone": "", "formdomi": null, "destoui": null, "destcdt": null, "destnon": null, "symbole": null}}, {"type": "Feature", "id": "zone_urba.3130327", "geometry": {"type": "MultiPolygon", "coordinates": [[[[-1.54229943, 43.48784137], [-1.54305636, 43.4876671], [-1.5435069, 43.48765483], [-1.54352558, 43.48765452], [-1.5451278, 43.48762838], [-1.54530787, 43.48762544], [-1.54533563, 43.48767526], [-1.54541796, 43.48782508], [-1.54546567, 43.48791226], [-1.54548284, 43.48794493], [-1.54553753, 43.48804446], [-1.54558949, 43.48813877], [-1.54562785, 43.48820847], [-1.54570833, 43.48835494], [-1.54574792, 43.48844442], [-1.54581838, 43.48857109], [-1.54589355, 43.48870614], [-1.54590784, 43.48873181], [-1.54593091, 43.48873234], [-1.54591942, 43.48875433], [-1.54584178, 43.48887891], [-1.54583416, 43.48889129], [-1.54582408, 43.48890728], [-1.54580519, 43.48891965], [-1.54580292, 43.48892083], [-1.54578064, 43.48893318], [-1.54587102, 43.48902569], [-1.54591134, 43.48906673], [-1.54595595, 43.48911212], [-1.54617055, 43.48933568], [-1.54617872, 43.48934401], [-1.54626792, 43.48943289], [-1.54629346, 43.48945839], [-1.54632343, 43.48948831], [-1.54635944, 43.48952646], [-1.54643928, 43.48961111], [-1.54650016, 43.48967542], [-1.54653337, 43.48970917], [-1.54672866, 43.4898978], [-1.54679869, 43.48989704], [-1.54659683, 43.49010689], [-1.54632192, 43.49039511], [-1.54620573, 43.49047358], [-1.54605315, 43.49053378], [-1.5457718, 43.49060395], [-1.54480534, 43.49084497], [-1.5449014, 43.49119859], [-1.54471838, 43.49109026], [-1.54456226, 43.49099896], [-1.54448991, 43.49095674], [-1.54444345, 43.49092964], [-1.54440561, 43.4909086], [-1.54425959, 43.49082313], [-1.54420937, 43.49079383], [-1.54405016, 43.49070068], [-1.54356886, 43.49042046], [-1.5434232, 43.49033471], [-1.54302481, 43.49010062], [-1.54256385, 43.48982897], [-1.54189188, 43.48943359], [-1.54161397, 43.48927083], [-1.54020415, 43.48844522], [-1.54118242, 43.48810404], [-1.54229943, 43.48784137]]]]}, "geometry_name": "the_geom", "properties": {"gid": 3130327, "gpu_doc_id": "6345e561e148d0d60d85340d4b826649", "gpu_status": "production", "gpu_timestamp": "2025-10-08T08:09:54.942Z", "partition": "DU_64122", "libelle": "UDa", "libelong": "UDa", "typezone": "U", "destdomi": null, "nomfic": "64122_reglement_20250927.pdf#UD", "urlfic": "", "insee": null, "datappro": null, "datvalid": "20170923", "idurba": "64122_PLU_20250927", "idzone": null, "lib_idzone": "", "formdomi": null, "destoui": null, "destcdt": null, "destnon": null, "symbole": null}}, {"type": "Feature", "id": "zone_urba.3130399", "geometry": {"type": "MultiPolygon", "coordinates": [[[[-1.54026151, 43.48274987], [-1.53985583, 43.48347284], [-1.53975501, 43.48359823], [-1.5394944, 43.48389031], [-1.53929635, 43.48390919], [-1.53879467, 43.48397337], [-1.5388043, 43.4837863], [-1.53881851, 43.48378515], [-1.53880902, 43.4828322], [-1.53964291, 43.48277639], [-1.53979184, 43.482768], [-1.54007611, 43.48275402], [-1.54026151, 43.48274987]], [[-1.53912893, 43.4830985], [-1.53911131, 43.48283948], [-1.53882975, 43.48285726], [-1.53883603, 43.48301592], [-1.53884476, 43.48301608], [-1.53885623, 43.48301681], [-1.53887232, 43.48301966], [-1.53889277, 43.48302561], [-1.53891502, 43.48303426], [-1.53893912, 43.4830463], [-1.53896555, 43.48305974], [-1.53899378, 43.48307184], [-1.53901932, 43.48308], [-1.5390468, 43.48308659], [-1.53907821, 43.48309278], [-1.53910929, 43.48309679], [-1.53912893, 43.4830985]]]]}, "geometry_name": "the_geom", "properties": {"gid": 3130399, "gpu_doc_id": "6345e561e148d0d60d85340d4b826649", "gpu_status": "production", "gpu_timestamp": "2025-10-08T08:09:54.942Z", "partition": "DU_64122", "libelle": "N", "libelong": "N", "typezone": "N", "destdomi": null, "nomfic": "64122_reglement_20250927.pdf#N", "urlfic": "", "insee": null, "datappro": null, "datvalid": "20240217", "idurba": "64122_PLU_20250927", "idzone": null, "lib_idzone": "", "formdomi": null, "destoui": null, "destcdt": null, "destnon": null, "symbole": null}}, {"type": "Feature", "id": "zone_urba.3130262", "geometry": {"type": "MultiPolygon", "coordinates": [[[[-1.54176819, 43.47804924], [-1.541295, 43.47757405], [-1.54210119, 43.47699222], [-1.54276316, 43.47633716], [-1.54282294, 43.4764024], [-1.5431487, 43.47682552], [-1.54315544, 43.47722689], [-1.54316965, 43.4772976], [-1.54326622, 43.4774017], [-1.54337585, 43.47780655], [-1.54344689, 43.47784874], [-1.54339806, 43.47786517], [-1.54297973, 43.47800421], [-1.54296837, 43.4780081], [-1.54267955, 43.47800637], [-1.54258025, 43.47800575], [-1.54210746, 43.47802721], [-1.54177905, 43.4780594], [-1.54176819, 43.47804924]]]]}, "geometry_name": "the_geom", "properties": {"gid": 3130262, "gpu_doc_id": "6345e561e148d0d60d85340d4b826649", "gpu_status": "production", "gpu_timestamp": "2025-10-08T08:09:54.942Z", "partition": "DU_64122", "libelle": "UDs", "libelong": "UDs", "typezone": "U", "destdomi": null, "nomfic": "64122_reglement_20250927.pdf#UD", "urlfic": "", "insee": null, "datappro": null, "datvalid": "20170923", "idurba": "64122_PLU_20250927", "idzone": null, "lib_idzone": "", "formdomi": null, "destoui": null, "destcdt": null, "destnon": null, "symbole": null}}, {"type": "Feature", "id": "zone_urba.3130363", "geometry": {"type": "MultiPolygon", "coordinates": [[[[-1.54432672, 43.48455542], [-1.54437919, 43.48449665], [-1.54444566, 43.48453034], [-1.5445557, 43.48454958], [-1.54587017, 43.48476347], [-1.54584728, 43.48481881], [-1.54575071, 43.48505347], [-1.54574947, 43.48505676], [-1.54565743, 43.48528071], [-1.54561845, 43.48537572], [-1.54560231, 43.48539673], [-1.54558847, 43.48541053], [-1.54557028, 43.48542396], [-1.54555721, 43.48543132], [-1.54553776, 43.48543948], [-1.545535, 43.48544401], [-1.5454926, 43.48549967], [-1.54538991, 43.48551759], [-1.54491946, 43.48558413], [-1.54459165, 43.48563857], [-1.54429978, 43.48571336], [-1.5440295, 43.4858162], [-1.54381317, 43.48591213], [-1.54356397, 43.48611139], [-1.54342925, 43.48624554], [-1.54335607, 43.48641357], [-1.54334765, 43.48655862], [-1.54326204, 43.48605203], [-1.54321001, 43.48578325], [-1.54320205, 43.48573674], [-1.54325766, 43.48571112], [-1.54371615, 43.48549992], [-1.54364811, 43.48542042], [-1.54376589, 43.48539117], [-1.54380861, 43.48537948], [-1.54385151, 43.48536308], [-1.54373737, 43.48522895], [-1.54423028, 43.485166], [-1.5441655, 43.48489954], [-1.54405873, 43.48484894], [-1.54432672, 43.48455542]]]]}, "geometry_name": "the_geom", "properties": {"gid": 3130363, "gpu_doc_id": "6345e561e148d0d60d85340d4b826649", "gpu_status": "production", "gpu_timestamp": "2025-10-08T08:09:54.942Z", "partition": "DU_64122", "libelle": "UDa", "libelong": "UDa", "typezone": "U", "destdomi": null, "nomfic": "64122_reglement_20250927.pdf#UD", "urlfic": "", "insee": null, "datappro": null, "datvalid": "20170923", "idurba": "64122_PLU_20250927", "idzone": null, "lib_idzone": "", "formdomi": null, "destoui": null, "destcdt": null, "destnon": null, "symbole": null}}, {"type": "Feature", "id": "zone_urba.3130355", "geometry": {"type": "MultiPolygon", "coordinates": [[[[-1.54142496, 43.47478329], [-1.54143829, 43.47452126], [-1.54145104, 43.474268], [-1.54169244, 43.47431185], [-1.54172845, 43.4743016], [-1.54175344, 43.47408823], [-1.54177091, 43.47390185], [-1.54298532, 43.47412531], [-1.54290849, 43.47436388], [-1.54266604, 43.4743428], [-1.54252527, 43.4744338], [-1.54235166, 43.4745462], [-1.5422246, 43.47461701], [-1.54209935, 43.47468541], [-1.54196921, 43.47475644], [-1.54184253, 43.47464081], [-1.54170174, 43.47472506], [-1.54169313, 43.47477083], [-1.54168431, 43.47481706], [-1.54142496, 43.47478329]]]]}, "geometry_name": "the_geom", "properties": {"gid": 3130355, "gpu_doc_id": "6345e561e148d0d60d85340d4b826649", "gpu_status": "production", "gpu_timestamp": "2025-10-08T08:09:54.942Z", "partition": "DU_64122", "libelle": "UG", "libelong": "UG", "typezone": "U", "destdomi": null, "nomfic": "64122_reglement_20250927.pdf#UG", "urlfic": "", "insee": null, "datappro": null, "datvalid": "20170923", "idurba": "64122_PLU_20250927", "idzone": null, "lib_idzone": "", "formdomi": null, "destoui": null, "destcdt": null, "destnon": null, "symbole": null}}, {"type": "Feature", "id": "zone_urba.3130322", "geometry": {"type": "MultiPolygon", "coordinates": [[[[-1.53713455, 43.48667505], [-1.53695505, 43.48657016], [-1.53670324, 43.48642359], [-1.53665073, 43.48639329], [-1.53579231, 43.48589496], [-1.5355175, 43.4857354], [-1.53539225, 43.48566416], [-1.53537963, 43.48523044], [-1.53535751, 43.48468387], [-1.53532737, 43.48401593], [-1.53530524, 43.48347271], [-1.53649089, 43.48330879], [-1.53664482, 43.48328751], [-1.53665411, 43.48342805], [-1.53671634, 43.48342653], [-1.53702899, 43.48343072], [-1.53702238, 43.48368852], [-1.53671889, 43.483691], [-1.53667046, 43.48369252], [-1.53668529, 43.48390704], [-1.5367016, 43.48419009], [-1.53671942, 43.4844151], [-1.5369551, 43.48435634], [-1.5370914, 43.48432303], [-1.53744082, 43.48423869], [-1.53742917, 43.48428387], [-1.53737988, 43.48447501], [-1.53733959, 43.48463101], [-1.53729268, 43.48481296], [-1.53728212, 43.4848525], [-1.53723045, 43.48504852], [-1.53719406, 43.48504707], [-1.53718463, 43.48508341], [-1.53713998, 43.48525409], [-1.53712134, 43.48532487], [-1.53711106, 43.48536476], [-1.53708023, 43.48548478], [-1.53705015, 43.48560153], [-1.53703074, 43.48567702], [-1.5370216, 43.48571731], [-1.53699565, 43.48583137], [-1.53699563, 43.48586778], [-1.53704628, 43.48587634], [-1.53707828, 43.48588365], [-1.53745948, 43.4859706], [-1.5375758, 43.48600461], [-1.53766791, 43.48603153], [-1.53769369, 43.48603691], [-1.5377448, 43.48604834], [-1.53776321, 43.48605284], [-1.5380262, 43.48611496], [-1.5383676, 43.48618954], [-1.5383503, 43.48623138], [-1.53834118, 43.4863056], [-1.53833086, 43.48638684], [-1.53850737, 43.48636266], [-1.53861061, 43.48634579], [-1.53875197, 43.48633049], [-1.53887823, 43.48631678], [-1.53903257, 43.48629952], [-1.53916284, 43.48628493], [-1.5392715, 43.48627272], [-1.53931632, 43.4862678], [-1.53938262, 43.48626031], [-1.53962929, 43.48623266], [-1.54010986, 43.48617894], [-1.54011919, 43.48617785], [-1.54023121, 43.48612584], [-1.54032149, 43.48609119], [-1.54041214, 43.4860649], [-1.54059368, 43.48601214], [-1.54061464, 43.48600608], [-1.54074395, 43.48596854], [-1.54093131, 43.48591419], [-1.54111778, 43.48585952], [-1.54153597, 43.48573938], [-1.54177295, 43.48567127], [-1.54181387, 43.48566056], [-1.54199931, 43.48561205], [-1.54219447, 43.485561], [-1.54238489, 43.48551122], [-1.54245847, 43.48574819], [-1.54247003, 43.48578551], [-1.5423783, 43.48580733], [-1.54244961, 43.48604529], [-1.54243787, 43.48604738], [-1.54250685, 43.48628579], [-1.54257222, 43.48651074], [-1.54257739, 43.48656002], [-1.54287023, 43.48653813], [-1.54334765, 43.48655862], [-1.5435069, 43.48765483], [-1.54305636, 43.4876671], [-1.54229943, 43.48784137], [-1.54118242, 43.48810404], [-1.54020415, 43.48844522], [-1.54015929, 43.48841895], [-1.53955754, 43.48806999], [-1.53909502, 43.487802], [-1.53901408, 43.48775579], [-1.53833233, 43.4873614], [-1.53800278, 43.48717164], [-1.53792953, 43.48713729], [-1.53713455, 43.48667505]]]]}, "geometry_name": "the_geom", "properties": {"gid": 3130322, "gpu_doc_id": "6345e561e148d0d60d85340d4b826649", "gpu_status": "production", "gpu_timestamp": "2025-10-08T08:09:54.942Z", "partition": "DU_64122", "libelle": "UD", "libelong": "UD", "typezone": "U", "destdomi": null, "nomfic": "64122_reglement_20250927.pdf#UD", "urlfic": "", "insee": null, "datappro": null, "datvalid": "20170923", "idurba": "64122_PLU_20250927", "idzone": null, "lib_idzone": "", "formdomi": null, "destoui": null, "destcdt": null, "destnon": null, "symbole": null}}, {"type": "Feature", "id": "zone_urba.3130328", "geometry": {"type": "MultiPolygon", "coordinates": [[[[-1.54257739, 43.48656002], [-1.54257222, 43.48651074], [-1.54250685, 43.48628579], [-1.54243787, 43.48604738], [-1.54244961, 43.48604529], [-1.5423783, 43.48580733], [-1.54247003, 43.48578551], [-1.54245847, 43.48574819], [-1.54238489, 43.48551122], [-1.54219447, 43.485561], [-1.54199931, 43.48561205], [-1.54181387, 43.48566056], [-1.54177295, 43.48567127], [-1.54153597, 43.48573938], [-1.54111778, 43.48585952], [-1.54093131, 43.48591419], [-1.54074395, 43.48596854], [-1.54061464, 43.48600608], [-1.54059368, 43.48601214], [-1.54041214, 43.4860649], [-1.54032149, 43.48609119], [-1.54023121, 43.48612584], [-1.54011919, 43.48617785], [-1.54010986, 43.48617894], [-1.53962929, 43.48623266], [-1.53938262, 43.48626031], [-1.53931632, 43.4862678], [-1.5392715, 43.48627272], [-1.53916284, 43.48628493], [-1.53903257, 43.48629952], [-1.53887823, 43.48631678], [-1.53875197, 43.48633049], [-1.53861061, 43.48634579], [-1.53850737, 43.48636266], [-1.53833086, 43.48638684], [-1.53834118, 43.4863056], [-1.5383503, 43.48623138], [-1.5383676, 43.48618954], [-1.5380262, 43.48611496], [-1.53776321, 43.48605284], [-1.5377448, 43.48604834], [-1.53769369, 43.48603691], [-1.53766791, 43.48603153], [-1.5375758, 43.48600461], [-1.53768247, 43.48588797], [-1.53889206, 43.48456539], [-1.5394944, 43.48389031], [-1.53975501, 43.48359823], [-1.53985583, 43.48347284], [-1.54026151, 43.48274987], [-1.54067704, 43.48166729], [-1.540834, 43.48169553], [-1.54116597, 43.48175826], [-1.54130865, 43.48183747], [-1.5413699, 43.48187039], [-1.54159645, 43.4820038], [-1.54175817, 43.48209928], [-1.54199086, 43.48223687], [-1.54232432, 43.48243277], [-1.542377, 43.48246378], [-1.54249596, 43.48253355], [-1.5426904, 43.48264785], [-1.5427911, 43.48245206], [-1.54306921, 43.48254945], [-1.54311008, 43.48256535], [-1.54307, 43.48263593], [-1.54302659, 43.48271298], [-1.54320579, 43.48279275], [-1.54317061, 43.48282941], [-1.54290337, 43.48309802], [-1.54286636, 43.48309813], [-1.54287646, 43.48310909], [-1.54289513, 43.48314702], [-1.54290859, 43.48317155], [-1.54295415, 43.48322988], [-1.54287673, 43.48327422], [-1.54306195, 43.48344098], [-1.54307253, 43.48345051], [-1.54274005, 43.48370743], [-1.5426814, 43.48368089], [-1.54256472, 43.48364835], [-1.54249088, 43.48362764], [-1.54240222, 43.48358246], [-1.54237005, 43.48355184], [-1.54225528, 43.48359277], [-1.5416066, 43.48367931], [-1.54159963, 43.48368566], [-1.54157367, 43.4837012], [-1.54155349, 43.48370956], [-1.54141474, 43.48375487], [-1.54135422, 43.48377348], [-1.54113354, 43.48381589], [-1.54105223, 43.48383289], [-1.54095716, 43.48384465], [-1.54096697, 43.48385763], [-1.54085197, 43.48389351], [-1.54059852, 43.48399463], [-1.5405602, 43.48407538], [-1.54046918, 43.48411502], [-1.54060696, 43.48441815], [-1.54076923, 43.48450758], [-1.54080866, 43.48453838], [-1.54102184, 43.48444443], [-1.54120494, 43.48440009], [-1.54122094, 43.48443876], [-1.54130669, 43.4845715], [-1.54134658, 43.48470352], [-1.54135827, 43.4847375], [-1.54137379, 43.48478151], [-1.54139317, 43.48483573], [-1.54140367, 43.484862], [-1.54147253, 43.48500388], [-1.54214482, 43.48489797], [-1.54219578, 43.48488902], [-1.54219135, 43.48487441], [-1.5421591, 43.48477202], [-1.5422077, 43.4847646], [-1.54230236, 43.48474897], [-1.54296342, 43.48464017], [-1.5430363, 43.48463069], [-1.54294073, 43.48397973], [-1.54301136, 43.48396262], [-1.54331094, 43.48377024], [-1.54356923, 43.48350983], [-1.5436594, 43.48339757], [-1.54384994, 43.48316016], [-1.54392709, 43.48307268], [-1.54397101, 43.48308649], [-1.54403016, 43.48310787], [-1.5441888, 43.48316508], [-1.54419431, 43.48315774], [-1.54439811, 43.48322794], [-1.54439532, 43.48323202], [-1.54445968, 43.48325346], [-1.54463622, 43.48331186], [-1.54449243, 43.4834924], [-1.54433595, 43.48369229], [-1.54417932, 43.48389174], [-1.5441592, 43.48388308], [-1.54410629, 43.48395519], [-1.54408806, 43.48397799], [-1.54405515, 43.4840215], [-1.54415561, 43.48412371], [-1.54423709, 43.48424232], [-1.54437919, 43.48449665], [-1.54432672, 43.48455542], [-1.54405873, 43.48484894], [-1.5441655, 43.48489954], [-1.54423028, 43.485166], [-1.54373737, 43.48522895], [-1.54385151, 43.48536308], [-1.54380861, 43.48537948], [-1.54376589, 43.48539117], [-1.54364811, 43.48542042], [-1.54371615, 43.48549992], [-1.54325766, 43.48571112], [-1.54320205, 43.48573674], [-1.54321001, 43.48578325], [-1.54326204, 43.48605203], [-1.54334765, 43.48655862], [-1.54287023, 43.48653813], [-1.54257739, 43.48656002]], [[-1.53956294, 43.48501465], [-1.53917691, 43.48501444], [-1.5388222, 43.48501407], [-1.5388203, 43.48483521], [-1.53854821, 43.48512384], [-1.53823085, 43.4854649], [-1.53846751, 43.48546244], [-1.53846844, 43.48569506], [-1.53846948, 43.48591912], [-1.53847012, 43.48621611], [-1.53847027, 43.48624486], [-1.53847029, 43.48628002], [-1.53851293, 43.4862741], [-1.53855503, 43.48626749], [-1.53861167, 43.48625434], [-1.53865666, 43.48624392], [-1.53874464, 43.48621837], [-1.53880666, 43.48619835], [-1.53883857, 43.48618457], [-1.53883569, 43.48599745], [-1.53883486, 43.48594466], [-1.53901988, 43.48606871], [-1.53913909, 43.48597478], [-1.53928409, 43.48586054], [-1.53929531, 43.48586162], [-1.53948236, 43.48568136], [-1.53958484, 43.48558268], [-1.53959442, 43.48554327], [-1.53988826, 43.48525577], [-1.53991561, 43.48522909], [-1.53995927, 43.48521682], [-1.54016812, 43.48501515], [-1.53956294, 43.48501465]]]]}, "geometry_name": "the_geom", "properties": {"gid": 3130328, "gpu_doc_id": "6345e561e148d0d60d85340d4b826649", "gpu_status": "production", "gpu_timestamp": "2025-10-08T08:09:54.942Z", "partition": "DU_64122", "libelle": "UH", "libelong": "UH", "typezone": "U", "destdomi": null, "nomfic": "64122_reglement_20250927.pdf#UH", "urlfic": "", "insee": null, "datappro": null, "datvalid": "20170923", "idurba": "64122_PLU_20250927", "idzone": null, "lib_idzone": "", "formdomi": null, "destoui": null, "destcdt": null, "destnon": null, "symbole": null}}, {"type": "Feature", "id": "zone_urba.3130365", "geometry": {"type": "MultiPolygon", "coordinates": [[[[-1.54283486, 43.47631449], [-1.54276316, 43.47633716], [-1.5427383, 43.47622822], [-1.54048194, 43.47544659], [-1.54005059, 43.47577513], [-1.53955607, 43.47612675], [-1.53949325, 43.47610176], [-1.53890256, 43.4759085], [-1.53878014, 43.47586861], [-1.53848242, 43.47576973], [-1.53845222, 43.47575983], [-1.53815118, 43.47565981], [-1.53785384, 43.47556119], [-1.53779413, 43.47554404], [-1.53802452, 43.47510737], [-1.53807813, 43.47512102], [-1.53853996, 43.47521119], [-1.53875055, 43.47524003], [-1.5390877, 43.47529959], [-1.53911556, 43.47530462], [-1.5392179, 43.47498599], [-1.53927501, 43.47480832], [-1.53932939, 43.47463887], [-1.53937241, 43.47449304], [-1.53938923, 43.47443622], [-1.53942277, 43.47433781], [-1.53954175, 43.47398823], [-1.53987142, 43.47404051], [-1.54005592, 43.47406975], [-1.54016026, 43.47408637], [-1.5401737, 43.47390898], [-1.54018915, 43.47370708], [-1.5402041, 43.47351179], [-1.54021915, 43.47331278], [-1.54023397, 43.47311911], [-1.5402477, 43.47293892], [-1.54053212, 43.47280214], [-1.54065653, 43.47268218], [-1.54044928, 43.47262339], [-1.5408369, 43.47264067], [-1.54088447, 43.47264314], [-1.54110007, 43.47265271], [-1.54121086, 43.47266546], [-1.5413839, 43.47268611], [-1.54156727, 43.47270727], [-1.54174741, 43.47272851], [-1.54181874, 43.4727369], [-1.54193262, 43.47274791], [-1.5420763, 43.47276152], [-1.54211614, 43.47276549], [-1.54220113, 43.47277344], [-1.54228783, 43.47278131], [-1.54250098, 43.47280179], [-1.54271674, 43.47282205], [-1.54289724, 43.47283948], [-1.54310142, 43.47285865], [-1.54329451, 43.4728768], [-1.54348855, 43.47289529], [-1.54359286, 43.47314647], [-1.54362271, 43.47321831], [-1.54362948, 43.47323453], [-1.54372193, 43.47343417], [-1.54379537, 43.47357591], [-1.54382929, 43.47356966], [-1.54403905, 43.47359573], [-1.54424506, 43.47362123], [-1.5442984, 43.47362787], [-1.54443296, 43.47364465], [-1.54471911, 43.47367916], [-1.54477769, 43.47368632], [-1.54478006, 43.47368658], [-1.54493756, 43.47370561], [-1.54495042, 43.47370708], [-1.54492461, 43.47393085], [-1.54490381, 43.47398242], [-1.54489929, 43.47401316], [-1.54489302, 43.47406015], [-1.54467912, 43.47405509], [-1.54443607, 43.47405105], [-1.5444301, 43.47414885], [-1.54440711, 43.47456712], [-1.54439007, 43.47488564], [-1.54424041, 43.4749038], [-1.54413391, 43.47491656], [-1.54380524, 43.47495611], [-1.54380947, 43.47497505], [-1.54373076, 43.4749833], [-1.54319244, 43.47504662], [-1.54308986, 43.4750556], [-1.54301852, 43.47506316], [-1.54283486, 43.47631449]], [[-1.54169313, 43.47477083], [-1.54170174, 43.47472506], [-1.54184253, 43.47464081], [-1.54196921, 43.47475644], [-1.54209935, 43.47468541], [-1.5422246, 43.47461701], [-1.54235166, 43.4745462], [-1.54252527, 43.4744338], [-1.54266604, 43.4743428], [-1.54290849, 43.47436388], [-1.54298532, 43.47412531], [-1.54177091, 43.47390185], [-1.54175344, 43.47408823], [-1.54172845, 43.4743016], [-1.54169244, 43.47431185], [-1.54145104, 43.474268], [-1.54143829, 43.47452126], [-1.54142496, 43.47478329], [-1.54168431, 43.47481706], [-1.54169313, 43.47477083]]]]}, "geometry_name": "the_geom", "properties": {"gid": 3130365, "gpu_doc_id": "6345e561e148d0d60d85340d4b826649", "gpu_status": "production", "gpu_timestamp": "2025-10-08T08:09:54.942Z", "partition": "DU_64122", "libelle": "UD", "libelong": "UD", "typezone": "U", "destdomi": null, "nomfic": "64122_reglement_20250927.pdf#UD", "urlfic": "", "insee": null, "datappro": null, "datvalid": "20170923", "idurba": "64122_PLU_20250927", "idzone": null, "lib_idzone": "", "formdomi": null, "destoui": null, "destcdt": null, "destnon": null, "symbole": null}}, {"type": "Feature", "id": "zone_urba.3130383", "geometry": {"type": "MultiPolygon", "coordinates": [[[[-1.5369551, 43.48435634], [-1.53671942, 43.4844151], [-1.5367016, 43.48419009], [-1.53668529, 43.48390704], [-1.53667046, 43.48369252], [-1.53671889, 43.483691], [-1.53702238, 43.48368852], [-1.53702899, 43.48343072], [-1.53671634, 43.48342653], [-1.53665411, 43.48342805], [-1.53664482, 43.48328751], [-1.53649089, 43.48330879], [-1.53648686, 43.48322339], [-1.53648824, 43.48320324], [-1.53678489, 43.48319848], [-1.53678542, 43.48321936], [-1.53690353, 43.4832182], [-1.53690514, 43.48319632], [-1.53705505, 43.48319356], [-1.53704859, 43.48284706], [-1.53696659, 43.48284779], [-1.53696603, 43.48281879], [-1.53684354, 43.48281915], [-1.53684193, 43.48284886], [-1.53649093, 43.48285185], [-1.53648842, 43.48266505], [-1.53650251, 43.48266473], [-1.53650019, 43.4825383], [-1.53647805, 43.48253842], [-1.53647775, 43.4825205], [-1.53655442, 43.48251972], [-1.53655073, 43.48218626], [-1.53524838, 43.48219246], [-1.5352237, 43.48160146], [-1.53518344, 43.48110541], [-1.53614283, 43.4807688], [-1.53615221, 43.4808216], [-1.53618697, 43.48100638], [-1.53619064, 43.4810483], [-1.53745577, 43.48111161], [-1.53826629, 43.48114173], [-1.53877328, 43.48114262], [-1.53875875, 43.48283496], [-1.53880902, 43.4828322], [-1.53881851, 43.48378515], [-1.5388043, 43.4837863], [-1.53879467, 43.48397337], [-1.53929635, 43.48390919], [-1.5394944, 43.48389031], [-1.53889206, 43.48456539], [-1.53768247, 43.48588797], [-1.53778899, 43.48500616], [-1.53823692, 43.48501282], [-1.53829597, 43.48436921], [-1.53837461, 43.48437145], [-1.53837565, 43.48435176], [-1.53827332, 43.48434893], [-1.53827683, 43.48428057], [-1.53808829, 43.48427369], [-1.53808395, 43.48433785], [-1.53764463, 43.48432588], [-1.53764486, 43.48428812], [-1.53742917, 43.48428387], [-1.53744082, 43.48423869], [-1.5370914, 43.48432303], [-1.5369551, 43.48435634]]]]}, "geometry_name": "the_geom", "properties": {"gid": 3130383, "gpu_doc_id": "6345e561e148d0d60d85340d4b826649", "gpu_status": "production", "gpu_timestamp": "2025-10-08T08:09:54.942Z", "partition": "DU_64122", "libelle": "UP", "libelong": "UP", "typezone": "U", "destdomi": null, "nomfic": "64122_reglement_20250927.pdf#UP", "urlfic": "", "insee": null, "datappro": null, "datvalid": "20240217", "idurba": "64122_PLU_20250927", "idzone": null, "lib_idzone": "", "formdomi": null, "destoui": null, "destcdt": null, "destnon": null, "symbole": null}}, {"type": "Feature", "id": "zone_urba.3130391", "geometry": {"type": "MultiPolygon", "coordinates": [[[[-1.54019801, 43.47835959], [-1.541295, 43.47757405], [-1.54176819, 43.47804924], [-1.54177905, 43.4780594], [-1.54210746, 43.47802721], [-1.54258025, 43.47800575], [-1.54267955, 43.47800637], [-1.54296837, 43.4780081], [-1.54297973, 43.47800421], [-1.54339806, 43.47786517], [-1.54344689, 43.47784874], [-1.54353572, 43.47785588], [-1.54354122, 43.47784013], [-1.54353045, 43.47777529], [-1.543637, 43.47756673], [-1.54388114, 43.4775754], [-1.54406828, 43.47757848], [-1.54414883, 43.47744487], [-1.54419249, 43.47737608], [-1.544263, 43.47724557], [-1.54437454, 43.47706755], [-1.54443896, 43.47695333], [-1.54453369, 43.47677236], [-1.54457651, 43.4766891], [-1.54464091, 43.47654801], [-1.54438182, 43.47662439], [-1.54413984, 43.47656803], [-1.54380341, 43.47653992], [-1.54396739, 43.47604668], [-1.54400547, 43.47580287], [-1.54413391, 43.47491656], [-1.54424041, 43.4749038], [-1.54439007, 43.47488564], [-1.54481467, 43.47483455], [-1.54482204, 43.47483372], [-1.54504303, 43.47480761], [-1.5451116, 43.47525211], [-1.54514058, 43.47544036], [-1.54527014, 43.47550559], [-1.54539286, 43.47553194], [-1.54550462, 43.47556447], [-1.54538481, 43.47635425], [-1.54529441, 43.47661175], [-1.54516559, 43.47690089], [-1.54506906, 43.47722938], [-1.54499189, 43.4774606], [-1.54481815, 43.47801878], [-1.5447795, 43.4781439], [-1.54478388, 43.47815261], [-1.54457719, 43.47822525], [-1.54352108, 43.47856274], [-1.54328384, 43.47866429], [-1.54301643, 43.47880118], [-1.54258595, 43.47904012], [-1.54211368, 43.47936595], [-1.5416418, 43.47980044], [-1.54137209, 43.48007321], [-1.54121434, 43.47994478], [-1.54073171, 43.47932556], [-1.54006247, 43.47848688], [-1.54019801, 43.47835959]]]]}, "geometry_name": "the_geom", "properties": {"gid": 3130391, "gpu_doc_id": "6345e561e148d0d60d85340d4b826649", "gpu_status": "production", "gpu_timestamp": "2025-10-08T08:09:54.942Z", "partition": "DU_64122", "libelle": "Nh", "libelong": "Nh", "typezone": "N", "destdomi": null, "nomfic": "64122_reglement_20250927.pdf#N", "urlfic": "", "insee": null, "datappro": null, "datvalid": "20170923", "idurba": "64122_PLU_20250927", "idzone": null, "lib_idzone": "", "formdomi": null, "destoui": null, "destcdt": null, "destnon": null, "symbole": null}}, {"type": "Feature", "id": "zone_urba.3130400", "geometry": {"type": "MultiPolygon", "coordinates": [[[[-1.53912893, 43.4830985], [-1.53910929, 43.48309679], [-1.53907821, 43.48309278], [-1.5390468, 43.48308659], [-1.53901932, 43.48308], [-1.53899378, 43.48307184], [-1.53896555, 43.48305974], [-1.53893912, 43.4830463], [-1.53891502, 43.48303426], [-1.53889277, 43.48302561], [-1.53887232, 43.48301966], [-1.53885623, 43.48301681], [-1.53884476, 43.48301608], [-1.53883603, 43.48301592], [-1.53882975, 43.48285726], [-1.53911131, 43.48283948], [-1.53912893, 43.4830985]]]]}, "geometry_name": "the_geom", "properties": {"gid": 3130400, "gpu_doc_id": "6345e561e148d0d60d85340d4b826649", "gpu_status": "production", "gpu_timestamp": "2025-10-08T08:09:54.942Z", "partition": "DU_64122", "libelle": "Ng", "libelong": "Ng", "typezone": "N", "destdomi": null, "nomfic": "64122_reglement_20250927.pdf#N", "urlfic": "", "insee": null, "datappro": null, "datvalid": "20240217", "idurba": "64122_PLU_20250927", "idzone": null, "lib_idzone": "", "formdomi": null, "destoui": null, "destcdt": null, "destnon": null, "symbole": null}}, {"type": "Feature", "id": "zone_urba.3130401", "geometry": {"type": "MultiPolygon", "coordinates": [[[[-1.53742917, 43.48428387], [-1.53764486, 43.48428812], [-1.53764463, 43.48432588], [-1.53808395, 43.48433785], [-1.53808829, 43.48427369], [-1.53827683, 43.48428057], [-1.53827332, 43.48434893], [-1.53837565, 43.48435176], [-1.53837461, 43.48437145], [-1.53829597, 43.48436921], [-1.53823692, 43.48501282], [-1.53778899, 43.48500616], [-1.53768247, 43.48588797], [-1.5375758, 43.48600461], [-1.53745948, 43.4859706], [-1.53707828, 43.48588365], [-1.53704628, 43.48587634], [-1.53699563, 43.48586778], [-1.53699565, 43.48583137], [-1.5370216, 43.48571731], [-1.53703074, 43.48567702], [-1.53705015, 43.48560153], [-1.53708023, 43.48548478], [-1.53711106, 43.48536476], [-1.53712134, 43.48532487], [-1.53713998, 43.48525409], [-1.53718463, 43.48508341], [-1.53719406, 43.48504707], [-1.53723045, 43.48504852], [-1.53728212, 43.4848525], [-1.53729268, 43.48481296], [-1.53733959, 43.48463101], [-1.53737988, 43.48447501], [-1.53742917, 43.48428387]]]]}, "geometry_name": "the_geom", "properties": {"gid": 3130401, "gpu_doc_id": "6345e561e148d0d60d85340d4b826649", "gpu_status": "production", "gpu_timestamp": "2025-10-08T08:09:54.942Z", "partition": "DU_64122", "libelle": "Na", "libelong": "Na", "typezone": "N", "destdomi": null, "nomfic": "64122_reglement_20250927.pdf#N", "urlfic": "", "insee": null, "datappro": null, "datvalid": "20240217", "idurba": "64122_PLU_20250927", "idzone": null, "lib_idzone": "", "formdomi": null, "destoui": null, "destcdt": null, "destnon": null, "symbole": null}}, {"type": "Feature", "id": "zone_urba.3130402", "geometry": {"type": "MultiPolygon", "coordinates": [[[[-1.53530524, 43.48347271], [-1.53524838, 43.48219246], [-1.53655073, 43.48218626], [-1.53655442, 43.48251972], [-1.53647775, 43.4825205], [-1.53647805, 43.48253842], [-1.53650019, 43.4825383], [-1.53650251, 43.48266473], [-1.53648842, 43.48266505], [-1.53649093, 43.48285185], [-1.53684193, 43.48284886], [-1.53684354, 43.48281915], [-1.53696603, 43.48281879], [-1.53696659, 43.48284779], [-1.53704859, 43.48284706], [-1.53705505, 43.48319356], [-1.53690514, 43.48319632], [-1.53690353, 43.4832182], [-1.53678542, 43.48321936], [-1.53678489, 43.48319848], [-1.53648824, 43.48320324], [-1.53648686, 43.48322339], [-1.53649089, 43.48330879], [-1.53530524, 43.48347271]]]]}, "geometry_name": "the_geom", "properties": {"gid": 3130402, "gpu_doc_id": "6345e561e148d0d60d85340d4b826649", "gpu_status": "production", "gpu_timestamp": "2025-10-08T08:09:54.942Z", "partition": "DU_64122", "libelle": "Na", "libelong": "Na", "typezone": "N", "destdomi": null, "nomfic": "64122_reglement_20250927.pdf#N", "urlfic": "", "insee": null, "datappro": null, "datvalid": "20240217", "idurba": "64122_PLU_20250927", "idzone": null, "lib_idzone": "", "formdomi": null, "destoui": null, "destcdt": null, "destnon": null, "symbole": null}}, {"type": "Feature", "id": "zone_urba.3130351", "geometry": {"type": "MultiPolygon", "coordinates": [[[[-1.5474227, 43.47612665], [-1.54688465, 43.47581606], [-1.54676052, 43.47580806], [-1.54633855, 43.47544977], [-1.54624308, 43.47534699], [-1.54611978, 43.47517705], [-1.54604182, 43.47506299], [-1.54581071, 43.47461562], [-1.54566009, 43.47407876], [-1.54565649, 43.47406754], [-1.54633588, 43.47408413], [-1.54700988, 43.47433648], [-1.54734142, 43.47440306], [-1.54937194, 43.47444996], [-1.54983957, 43.47443854], [-1.54943224, 43.47577738], [-1.54932579, 43.47586743], [-1.54920736, 43.4758715], [-1.54910828, 43.47587725], [-1.54899276, 43.47642167], [-1.5489902, 43.47643112], [-1.54894654, 43.47642682], [-1.54886536, 43.47641884], [-1.54829861, 43.47636306], [-1.5479127, 43.47632212], [-1.54775907, 43.47627203], [-1.5474227, 43.47612665]]]]}, "geometry_name": "the_geom", "properties": {"gid": 3130351, "gpu_doc_id": "6345e561e148d0d60d85340d4b826649", "gpu_status": "production", "gpu_timestamp": "2025-10-08T08:09:54.942Z", "partition": "DU_64122", "libelle": "UG", "libelong": "UG", "typezone": "U", "destdomi": null, "nomfic": "64122_reglement_20250927.pdf#UG", "urlfic": "", "insee": null, "datappro": null, "datvalid": "20170923", "idurba": "64122_PLU_20250927", "idzone": null, "lib_idzone": "", "formdomi": null, "destoui": null, "destcdt": null, "destnon": null, "symbole": null}}, {"type": "Feature", "id": "zone_urba.3130323", "geometry": {"type": "MultiPolygon", "coordinates": [[[[-1.55434578, 43.48172257], [-1.55350011, 43.48065721], [-1.5534583, 43.48055372], [-1.55360625, 43.48053826], [-1.55388644, 43.48047906], [-1.55398823, 43.48045753], [-1.55401791, 43.48052056], [-1.55403516, 43.48055774], [-1.55412064, 43.48074132], [-1.55427034, 43.4807052], [-1.55436986, 43.4806818], [-1.55426981, 43.48046886], [-1.55424276, 43.48040369], [-1.55426644, 43.48039869], [-1.55445011, 43.48034167], [-1.55446916, 43.48037968], [-1.55457116, 43.48034473], [-1.55463116, 43.48032424], [-1.55469356, 43.48030284], [-1.55480479, 43.48025382], [-1.5548491, 43.48023215], [-1.55488374, 43.48021528], [-1.55497103, 43.48016396], [-1.55507599, 43.48009725], [-1.55506497, 43.48005234], [-1.55504602, 43.48003236], [-1.5550243, 43.47994695], [-1.55503601, 43.47994451], [-1.5550192, 43.47987179], [-1.55500937, 43.47981792], [-1.55512398, 43.47984755], [-1.55527848, 43.47988751], [-1.55533683, 43.4798998], [-1.555392, 43.47989753], [-1.55542199, 43.47992154], [-1.55547498, 43.4799223], [-1.55547711, 43.479925], [-1.55555352, 43.4799886], [-1.55554486, 43.47999687], [-1.55560141, 43.48004971], [-1.55546466, 43.48011326], [-1.55540135, 43.48014254], [-1.55543464, 43.48033503], [-1.55542986, 43.4804205], [-1.55542794, 43.48045438], [-1.55548034, 43.48044663], [-1.55562482, 43.48045174], [-1.55565039, 43.48038131], [-1.55566411, 43.48035111], [-1.55566725, 43.48035342], [-1.55571197, 43.48032551], [-1.55577733, 43.48026073], [-1.55584437, 43.48019631], [-1.55587066, 43.48020908], [-1.55603855, 43.48029088], [-1.55619988, 43.48036932], [-1.55623072, 43.48038433], [-1.55621826, 43.48039492], [-1.55621905, 43.48040895], [-1.55627425, 43.48043526], [-1.55627928, 43.48043307], [-1.55637416, 43.48046691], [-1.55648302, 43.48050579], [-1.55654814, 43.48052899], [-1.55662153, 43.48054872], [-1.55665356, 43.48055964], [-1.55659528, 43.48104518], [-1.55655924, 43.48104653], [-1.55625464, 43.48104063], [-1.55617926, 43.48103919], [-1.55617964, 43.48072881], [-1.5561011, 43.48072813], [-1.55608983, 43.48072804], [-1.5559916, 43.48072714], [-1.55597362, 43.48073182], [-1.5559075, 43.48075147], [-1.55579001, 43.48078126], [-1.55573607, 43.48079494], [-1.55568152, 43.48080881], [-1.55540425, 43.48087899], [-1.55533137, 43.48113193], [-1.55531753, 43.48117205], [-1.55530889, 43.48118907], [-1.55529101, 43.48121655], [-1.55527637, 43.48123606], [-1.55522961, 43.48128803], [-1.55519857, 43.48132658], [-1.55513691, 43.48142294], [-1.55514413, 43.48143834], [-1.55509875, 43.48150215], [-1.55503344, 43.48150446], [-1.55494968, 43.48151192], [-1.55484081, 43.48152938], [-1.55483281, 43.48153178], [-1.55466364, 43.48158236], [-1.55462395, 43.48159465], [-1.55454391, 43.48162684], [-1.55454434, 43.48175556], [-1.55454667, 43.48180662], [-1.55434569, 43.48180858], [-1.55434365, 43.48177722], [-1.55434578, 43.48172257]]]]}, "geometry_name": "the_geom", "properties": {"gid": 3130323, "gpu_doc_id": "6345e561e148d0d60d85340d4b826649", "gpu_status": "production", "gpu_timestamp": "2025-10-08T08:09:54.942Z", "partition": "DU_64122", "libelle": "UGA", "libelong": "UGa", "typezone": "U", "destdomi": null, "nomfic": "64122_reglement_20250927.pdf#UG", "urlfic": "", "insee": null, "datappro": null, "datvalid": "20170923", "idurba": "64122_PLU_20250927", "idzone": null, "lib_idzone": "", "formdomi": null, "destoui": null, "destcdt": null, "destnon": null, "symbole": null}}, {"type": "Feature", "id": "zone_urba.3130326", "geometry": {"type": "MultiPolygon", "coordinates": [[[[-1.5485966, 43.47746304], [-1.54857339, 43.47742889], [-1.54874302, 43.4773664], [-1.54875917, 43.47736044], [-1.54880896, 43.47734253], [-1.5487864, 43.47731042], [-1.54873271, 43.47722943], [-1.54870964, 43.47718896], [-1.54866658, 43.47710439], [-1.54865629, 43.47708416], [-1.54859251, 43.47695903], [-1.5487992, 43.47689868], [-1.54891914, 43.47686374], [-1.54896582, 43.47685379], [-1.54899213, 43.47684815], [-1.54903564, 43.47683895], [-1.54905891, 43.47683389], [-1.54910555, 43.47682529], [-1.54916404, 43.47681441], [-1.54919285, 43.47680904], [-1.5492204, 43.47680391], [-1.54923291, 43.4765739], [-1.54904634, 43.47654529], [-1.54905553, 43.47649167], [-1.54898082, 43.47647795], [-1.5489902, 43.47643112], [-1.54899276, 43.47642167], [-1.54910828, 43.47587725], [-1.54920736, 43.4758715], [-1.54932579, 43.47586743], [-1.54943224, 43.47577738], [-1.54983957, 43.47443854], [-1.55099083, 43.4743632], [-1.55097369, 43.47444095], [-1.55089207, 43.47481089], [-1.55086821, 43.47491955], [-1.55084136, 43.47504266], [-1.55082772, 43.47510549], [-1.55080939, 43.47519005], [-1.55079731, 43.4752457], [-1.55076902, 43.47537599], [-1.55084518, 43.47539984], [-1.55135085, 43.47555801], [-1.55136727, 43.47551922], [-1.55136842, 43.47551638], [-1.55147837, 43.47525567], [-1.55166404, 43.47531712], [-1.55182357, 43.47537004], [-1.55197942, 43.47542158], [-1.55213578, 43.47547345], [-1.55215647, 43.4754803], [-1.55229632, 43.47552652], [-1.55238337, 43.47555526], [-1.55241764, 43.47556653], [-1.55246903, 43.47558352], [-1.55255405, 43.47561144], [-1.55271493, 43.47566413], [-1.5527682, 43.47568564], [-1.55191599, 43.47657561], [-1.55178091, 43.47691649], [-1.55179622, 43.47710276], [-1.55188357, 43.47736127], [-1.551999, 43.47754358], [-1.55189887, 43.47754754], [-1.55139127, 43.47758603], [-1.550216, 43.47737197], [-1.55008262, 43.4773929], [-1.54942495, 43.47783815], [-1.54919099, 43.47791828], [-1.54867067, 43.47809647], [-1.54865573, 43.47805124], [-1.54863768, 43.47800499], [-1.54862312, 43.47788252], [-1.54861214, 43.47784311], [-1.54861008, 43.47783543], [-1.54858988, 43.47776195], [-1.54875533, 43.47770467], [-1.5485966, 43.47746304]]]]}, "geometry_name": "the_geom", "properties": {"gid": 3130326, "gpu_doc_id": "6345e561e148d0d60d85340d4b826649", "gpu_status": "production", "gpu_timestamp": "2025-10-08T08:09:54.942Z", "partition": "DU_64122", "libelle": "UBa", "libelong": "UBa", "typezone": "U", "destdomi": null, "nomfic": "64122_reglement_20250927.pdf#UB", "urlfic": "", "insee": null, "datappro": null, "datvalid": "20170923", "idurba": "64122_PLU_20250927", "idzone": null, "lib_idzone": "", "formdomi": null, "destoui": null, "destcdt": null, "destnon": null, "symbole": null}}, {"type": "Feature", "id": "zone_urba.3130331", "geometry": {"type": "MultiPolygon", "coordinates": [[[[-1.54537838, 43.47838044], [-1.54541597, 43.47837084], [-1.54585418, 43.47822394], [-1.54582917, 43.47818471], [-1.54598834, 43.4781318], [-1.54581247, 43.47784188], [-1.54597734, 43.47778517], [-1.54603865, 43.477764], [-1.54626414, 43.47769002], [-1.54648454, 43.47761768], [-1.54671037, 43.47754171], [-1.54691176, 43.4774749], [-1.54709333, 43.47741464], [-1.54743757, 43.47729974], [-1.54782965, 43.47716897], [-1.54783765, 43.47717181], [-1.54785452, 43.47729203], [-1.54786129, 43.47733142], [-1.54789107, 43.47756859], [-1.54790337, 43.47766402], [-1.54793075, 43.47786216], [-1.54820509, 43.47776957], [-1.54856039, 43.47765504], [-1.54858988, 43.47776195], [-1.54861008, 43.47783543], [-1.54861214, 43.47784311], [-1.54862312, 43.47788252], [-1.54863768, 43.47800499], [-1.54865573, 43.47805124], [-1.54867067, 43.47809647], [-1.54803487, 43.47838452], [-1.54675585, 43.47899494], [-1.54676615, 43.4790569], [-1.54677158, 43.4790849], [-1.54679248, 43.47919279], [-1.54681338, 43.47929238], [-1.54683691, 43.47940567], [-1.54700449, 43.47968139], [-1.54705714, 43.47984328], [-1.54713573, 43.480086], [-1.54715334, 43.48012773], [-1.54656338, 43.48018304], [-1.54627636, 43.47935102], [-1.54631359, 43.47931645], [-1.54655748, 43.47916892], [-1.54628979, 43.4789493], [-1.54607205, 43.47880734], [-1.54573043, 43.47858559], [-1.54543986, 43.47840878], [-1.54537838, 43.47838044]]]]}, "geometry_name": "the_geom", "properties": {"gid": 3130331, "gpu_doc_id": "6345e561e148d0d60d85340d4b826649", "gpu_status": "production", "gpu_timestamp": "2025-10-08T08:09:54.942Z", "partition": "DU_64122", "libelle": "UDa", "libelong": "UDa", "typezone": "U", "destdomi": null, "nomfic": "64122_reglement_20250927.pdf#UD", "urlfic": "", "insee": null, "datappro": null, "datvalid": "20240323", "idurba": "64122_PLU_20250927", "idzone": null, "lib_idzone": "", "formdomi": null, "destoui": null, "destcdt": null, "destnon": null, "symbole": null}}, {"type": "Feature", "id": "zone_urba.3130232", "geometry": {"type": "MultiPolygon", "coordinates": [[[[-1.55117865, 43.48888602], [-1.55116911, 43.48873277], [-1.55112496, 43.48874048], [-1.55092711, 43.48877209], [-1.55090827, 43.48877509], [-1.55084635, 43.48878493], [-1.55080683, 43.48879117], [-1.55074124, 43.48880161], [-1.55057178, 43.48880703], [-1.5504648, 43.48881035], [-1.55039452, 43.4888125], [-1.55039639, 43.48883433], [-1.55034793, 43.48883697], [-1.55034875, 43.48884459], [-1.55033779, 43.4888471], [-1.55026827, 43.48886291], [-1.55011096, 43.48889851], [-1.54983478, 43.48896061], [-1.54967125, 43.48863831], [-1.54964673, 43.48858947], [-1.54915992, 43.48859498], [-1.54908274, 43.48859586], [-1.54897915, 43.48855932], [-1.54865915, 43.48829339], [-1.54910527, 43.4879137], [-1.54920706, 43.48809245], [-1.54925016, 43.4880809], [-1.54945055, 43.48801863], [-1.54946633, 43.48804605], [-1.54960448, 43.48801254], [-1.5495579, 43.48790149], [-1.54970084, 43.4878684], [-1.54986965, 43.48782919], [-1.5499358, 43.48777322], [-1.55015978, 43.48770849], [-1.55024729, 43.48768322], [-1.55029777, 43.4876696], [-1.55032338, 43.48766273], [-1.55073894, 43.48757367], [-1.55077681, 43.48756553], [-1.55100558, 43.48816384], [-1.55141635, 43.48810583], [-1.55151167, 43.48809237], [-1.55151666, 43.48812673], [-1.55155621, 43.48829698], [-1.55157598, 43.48829476], [-1.55164866, 43.48828657], [-1.55169401, 43.48829037], [-1.5517225, 43.48829231], [-1.55174367, 43.48829382], [-1.55183758, 43.48830129], [-1.55188577, 43.48830506], [-1.55183533, 43.48851213], [-1.55181374, 43.48860295], [-1.55181863, 43.48860375], [-1.55180543, 43.48866917], [-1.55179903, 43.48866807], [-1.55178647, 43.48871049], [-1.55176102, 43.48877753], [-1.55170086, 43.4889454], [-1.551689, 43.48897984], [-1.55117865, 43.48888602]]]]}, "geometry_name": "the_geom", "properties": {"gid": 3130232, "gpu_doc_id": "6345e561e148d0d60d85340d4b826649", "gpu_status": "production", "gpu_timestamp": "2025-10-08T08:09:54.942Z", "partition": "DU_64122", "libelle": "UD", "libelong": "UD", "typezone": "U", "destdomi": null, "nomfic": "64122_reglement_20250927.pdf#UD", "urlfic": "", "insee": null, "datappro": null, "datvalid": "20170923", "idurba": "64122_PLU_20250927", "idzone": null, "lib_idzone": "", "formdomi": null, "destoui": null, "destcdt": null, "destnon": null, "symbole": null}}, {"type": "Feature", "id": "zone_urba.3130237", "geometry": {"type": "MultiPolygon", "coordinates": [[[[-1.54970082, 43.48594419], [-1.54966844, 43.48593826], [-1.54961736, 43.48592785], [-1.54961628, 43.48593121], [-1.5495002, 43.4859101], [-1.54939879, 43.48589157], [-1.5494238, 43.48580844], [-1.54948647, 43.48580839], [-1.54943104, 43.48578438], [-1.54936323, 43.48575487], [-1.54931512, 43.48573388], [-1.54919996, 43.48568379], [-1.54914444, 43.48599734], [-1.54913534, 43.48602506], [-1.54852573, 43.48592599], [-1.54852373, 43.48589644], [-1.54853328, 43.48525623], [-1.54853438, 43.48522322], [-1.54844864, 43.48521072], [-1.54847781, 43.48513483], [-1.54855196, 43.48495008], [-1.5485624, 43.48488405], [-1.54857107, 43.48487081], [-1.54870172, 43.48467176], [-1.54874921, 43.48460717], [-1.54881013, 43.48462979], [-1.54896864, 43.48438952], [-1.54908261, 43.48444431], [-1.54943517, 43.48464227], [-1.54959894, 43.48474478], [-1.5498823, 43.4849235], [-1.55014959, 43.48511871], [-1.55011683, 43.4851207], [-1.5500008, 43.48512448], [-1.54993502, 43.48512726], [-1.54983547, 43.48513056], [-1.54985436, 43.48529432], [-1.54985879, 43.48534634], [-1.54997742, 43.48534226], [-1.54997789, 43.48540032], [-1.54999594, 43.48566283], [-1.54999739, 43.48571542], [-1.55009908, 43.48571193], [-1.55023468, 43.48570768], [-1.55023491, 43.48575129], [-1.55024351, 43.48595982], [-1.55024517, 43.4860005], [-1.55011599, 43.4859781], [-1.54994717, 43.48594889], [-1.5498511, 43.48593222], [-1.54984265, 43.48595509], [-1.54981877, 43.48601859], [-1.54972293, 43.48600327], [-1.54974202, 43.48595212], [-1.54970082, 43.48594419]]]]}, "geometry_name": "the_geom", "properties": {"gid": 3130237, "gpu_doc_id": "6345e561e148d0d60d85340d4b826649", "gpu_status": "production", "gpu_timestamp": "2025-10-08T08:09:54.942Z", "partition": "DU_64122", "libelle": "UD", "libelong": "UD", "typezone": "U", "destdomi": null, "nomfic": "64122_reglement_20250927.pdf#UD", "urlfic": "", "insee": null, "datappro": null, "datvalid": "20170923", "idurba": "64122_PLU_20250927", "idzone": null, "lib_idzone": "", "formdomi": null, "destoui": null, "destcdt": null, "destnon": null, "symbole": null}}, {"type": "Feature", "id": "zone_urba.3130241", "geometry": {"type": "MultiPolygon", "coordinates": [[[[-1.5463917, 43.49207336], [-1.54616303, 43.49193887], [-1.54586261, 43.49176358], [-1.54583334, 43.49174788], [-1.54558383, 43.49159943], [-1.54504748, 43.49128506], [-1.5449014, 43.49119859], [-1.54480534, 43.49084497], [-1.5457718, 43.49060395], [-1.54605315, 43.49053378], [-1.54620573, 43.49047358], [-1.54632192, 43.49039511], [-1.54659683, 43.49010689], [-1.54679869, 43.48989704], [-1.54684856, 43.48992165], [-1.54696428, 43.490001], [-1.54724375, 43.4898316], [-1.54749064, 43.48968195], [-1.54769819, 43.48955613], [-1.54799423, 43.48937661], [-1.54814492, 43.48928529], [-1.54830984, 43.48918549], [-1.548645, 43.4889826], [-1.54886168, 43.48885146], [-1.54908157, 43.48871838], [-1.54910892, 43.48870161], [-1.54911724, 43.48872517], [-1.54919445, 43.4889391], [-1.54923909, 43.48907148], [-1.54937247, 43.48944941], [-1.54938944, 43.4894729], [-1.54940033, 43.48947941], [-1.54942347, 43.48948093], [-1.54946394, 43.48946573], [-1.54962832, 43.4896498], [-1.54979134, 43.48983213], [-1.54994309, 43.49000282], [-1.54998903, 43.49005446], [-1.55011578, 43.49019702], [-1.55015687, 43.49024336], [-1.55020027, 43.4902923], [-1.55033489, 43.49044411], [-1.55047379, 43.49060016], [-1.5505862, 43.49072643], [-1.55071267, 43.49086847], [-1.55082253, 43.49087549], [-1.55087555, 43.49088421], [-1.55092849, 43.4908971], [-1.5507863, 43.49111264], [-1.54994418, 43.49207516], [-1.54980063, 43.49220477], [-1.54875188, 43.49191533], [-1.54863677, 43.49189779], [-1.54857598, 43.49193673], [-1.54846854, 43.49216767], [-1.54849755, 43.49228951], [-1.54853697, 43.4924417], [-1.54828586, 43.4924749], [-1.54731169, 43.49261568], [-1.54727166, 43.4925925], [-1.54691072, 43.49237939], [-1.54663035, 43.49221386], [-1.5463917, 43.49207336]]]]}, "geometry_name": "the_geom", "properties": {"gid": 3130241, "gpu_doc_id": "6345e561e148d0d60d85340d4b826649", "gpu_status": "production", "gpu_timestamp": "2025-10-08T08:09:54.942Z", "partition": "DU_64122", "libelle": "Ncu", "libelong": "Ncu", "typezone": "N", "destdomi": null, "nomfic": "64122_reglement_20250927.pdf#Ncu", "urlfic": "", "insee": null, "datappro": null, "datvalid": "20170923", "idurba": "64122_PLU_20250927", "idzone": null, "lib_idzone": "", "formdomi": null, "destoui": null, "destcdt": null, "destnon": null, "symbole": null}}, {"type": "Feature", "id": "zone_urba.3130256", "geometry": {"type": "MultiPolygon", "coordinates": [[[[-1.551999, 43.47754358], [-1.55188357, 43.47736127], [-1.55179622, 43.47710276], [-1.55178091, 43.47691649], [-1.55191599, 43.47657561], [-1.5527682, 43.47568564], [-1.55278186, 43.47567137], [-1.55317755, 43.47527142], [-1.55323559, 43.47529569], [-1.55338168, 43.47534257], [-1.55389121, 43.47550587], [-1.5543014, 43.47563841], [-1.55440783, 43.47567296], [-1.55483505, 43.4758114], [-1.55489226, 43.47582888], [-1.55464788, 43.4763155], [-1.55463963, 43.47633193], [-1.55453669, 43.47653515], [-1.5544419, 43.47673144], [-1.55437118, 43.47670765], [-1.55431991, 43.47679549], [-1.55422104, 43.47701024], [-1.55417224, 43.4771162], [-1.55414874, 43.47715301], [-1.55408477, 43.47730787], [-1.55406971, 43.47733993], [-1.55404021, 43.47735949], [-1.5537655, 43.47734916], [-1.5539354, 43.47745801], [-1.55441212, 43.47776874], [-1.55444554, 43.47781186], [-1.55432954, 43.47791556], [-1.55423633, 43.47798442], [-1.55417189, 43.47803365], [-1.55451585, 43.47833012], [-1.55475132, 43.47859509], [-1.55481679, 43.47873996], [-1.55412064, 43.4789047], [-1.55371318, 43.47898912], [-1.55360535, 43.47899013], [-1.55348905, 43.47897518], [-1.5533945, 43.47895137], [-1.55288927, 43.47873326], [-1.55275109, 43.47868152], [-1.551999, 43.47754358]]]]}, "geometry_name": "the_geom", "properties": {"gid": 3130256, "gpu_doc_id": "6345e561e148d0d60d85340d4b826649", "gpu_status": "production", "gpu_timestamp": "2025-10-08T08:09:54.942Z", "partition": "DU_64122", "libelle": "UH", "libelong": "UH", "typezone": "U", "destdomi": null, "nomfic": "64122_reglement_20250927.pdf#UH", "urlfic": "", "insee": null, "datappro": null, "datvalid": "20170923", "idurba": "64122_PLU_20250927", "idzone": null, "lib_idzone": "", "formdomi": null, "destoui": null, "destcdt": null, "destnon": null, "symbole": null}}, {"type": "Feature", "id": "zone_urba.3130264", "geometry": {"type": "MultiPolygon", "coordinates": [[[[-1.55182357, 43.47537004], [-1.55166404, 43.47531712], [-1.55147837, 43.47525567], [-1.55136842, 43.47551638], [-1.55136727, 43.47551922], [-1.55135085, 43.47555801], [-1.55084518, 43.47539984], [-1.55076902, 43.47537599], [-1.55079731, 43.4752457], [-1.55080939, 43.47519005], [-1.55082772, 43.47510549], [-1.55084136, 43.47504266], [-1.55086821, 43.47491955], [-1.55089207, 43.47481089], [-1.55097369, 43.47444095], [-1.55099083, 43.4743632], [-1.55100766, 43.4743621], [-1.55207802, 43.4743186], [-1.55257341, 43.47431164], [-1.55305992, 43.4742747], [-1.5531637, 43.47427112], [-1.55345429, 43.4743141], [-1.55394418, 43.47443601], [-1.5541254, 43.47450014], [-1.55414338, 43.47451341], [-1.55391834, 43.47470045], [-1.55354411, 43.47501055], [-1.5533577, 43.47516683], [-1.55335418, 43.47517617], [-1.55323559, 43.47529569], [-1.55317755, 43.47527142], [-1.55278186, 43.47567137], [-1.5527682, 43.47568564], [-1.55271493, 43.47566413], [-1.55255405, 43.47561144], [-1.55246903, 43.47558352], [-1.55241764, 43.47556653], [-1.55238337, 43.47555526], [-1.55229632, 43.47552652], [-1.55215647, 43.4754803], [-1.55213578, 43.47547345], [-1.55197942, 43.47542158], [-1.55182357, 43.47537004]]]]}, "geometry_name": "the_geom", "properties": {"gid": 3130264, "gpu_doc_id": "6345e561e148d0d60d85340d4b826649", "gpu_status": "production", "gpu_timestamp": "2025-10-08T08:09:54.942Z", "partition": "DU_64122", "libelle": "UC", "libelong": "UC", "typezone": "U", "destdomi": null, "nomfic": "64122_reglement_20250927.pdf#UC", "urlfic": "", "insee": null, "datappro": null, "datvalid": "20170923", "idurba": "64122_PLU_20250927", "idzone": null, "lib_idzone": "", "formdomi": null, "destoui": null, "destcdt": null, "destnon": null, "symbole": null}}, {"type": "Feature", "id": "zone_urba.3130270", "geometry": {"type": "MultiPolygon", "coordinates": [[[[-1.54706654, 43.48499782], [-1.54705686, 43.48492836], [-1.54716623, 43.48493087], [-1.54715078, 43.48484365], [-1.54714381, 43.48475829], [-1.54713169, 43.48467376], [-1.54712205, 43.48462898], [-1.54709645, 43.48454787], [-1.54707318, 43.48448794], [-1.54704252, 43.48441694], [-1.54697791, 43.48425321], [-1.54717086, 43.48426206], [-1.54874921, 43.48460717], [-1.54870172, 43.48467176], [-1.54857107, 43.48487081], [-1.5485624, 43.48488405], [-1.54855196, 43.48495008], [-1.54847781, 43.48513483], [-1.54844864, 43.48521072], [-1.54853438, 43.48522322], [-1.54853328, 43.48525623], [-1.54852373, 43.48589644], [-1.54852573, 43.48592599], [-1.54711205, 43.48569748], [-1.54708612, 43.48513851], [-1.54706654, 43.48499782]]]]}, "geometry_name": "the_geom", "properties": {"gid": 3130270, "gpu_doc_id": "6345e561e148d0d60d85340d4b826649", "gpu_status": "production", "gpu_timestamp": "2025-10-08T08:09:54.942Z", "partition": "DU_64122", "libelle": "UH", "libelong": "UH", "typezone": "U", "destdomi": null, "nomfic": "64122_reglement_20250927.pdf#UH", "urlfic": "", "insee": null, "datappro": null, "datvalid": "20170923", "idurba": "64122_PLU_20250927", "idzone": null, "lib_idzone": "", "formdomi": null, "destoui": null, "destcdt": null, "destnon": null, "symbole": null}}, {"type": "Feature", "id": "zone_urba.3130272", "geometry": {"type": "MultiPolygon", "coordinates": [[[[-1.54945769, 43.48395719], [-1.54924532, 43.48382017], [-1.54918826, 43.48388688], [-1.54918342, 43.48388499], [-1.54916427, 43.48390387], [-1.54894691, 43.48377119], [-1.5487359, 43.48364232], [-1.54872524, 43.48363048], [-1.54869768, 43.48359957], [-1.54870086, 43.48357754], [-1.54871983, 43.48349972], [-1.54843649, 43.48344698], [-1.54824492, 43.48340461], [-1.54776356, 43.48331272], [-1.54781917, 43.48316917], [-1.54789954, 43.48296152], [-1.54761502, 43.48282892], [-1.54762964, 43.48278571], [-1.54764399, 43.48274232], [-1.54769461, 43.48258915], [-1.54775354, 43.48241114], [-1.54782629, 43.4824272], [-1.54799041, 43.48246345], [-1.54819519, 43.48250856], [-1.54826869, 43.48252476], [-1.54857896, 43.48259329], [-1.54868769, 43.48232118], [-1.54874323, 43.48218242], [-1.54875095, 43.4821631], [-1.54882285, 43.48198313], [-1.54884913, 43.48191486], [-1.54967182, 43.48205614], [-1.55003345, 43.48212492], [-1.55018687, 43.48213859], [-1.55048966, 43.48216065], [-1.5510382, 43.48217269], [-1.55020007, 43.48367185], [-1.55015927, 43.48370013], [-1.54966134, 43.4840543], [-1.54962542, 43.48403846], [-1.54945769, 43.48395719]]]]}, "geometry_name": "the_geom", "properties": {"gid": 3130272, "gpu_doc_id": "6345e561e148d0d60d85340d4b826649", "gpu_status": "production", "gpu_timestamp": "2025-10-08T08:09:54.942Z", "partition": "DU_64122", "libelle": "UH", "libelong": "UH", "typezone": "U", "destdomi": null, "nomfic": "64122_reglement_20250927.pdf#UH", "urlfic": "", "insee": null, "datappro": null, "datvalid": "20170923", "idurba": "64122_PLU_20250927", "idzone": null, "lib_idzone": "", "formdomi": null, "destoui": null, "destcdt": null, "destnon": null, "symbole": null}}, {"type": "Feature", "id": "zone_urba.3130284", "geometry": {"type": "MultiPolygon", "coordinates": [[[[-1.5533577, 43.47516683], [-1.55354411, 43.47501055], [-1.55391834, 43.47470045], [-1.55414338, 43.47451341], [-1.5543431, 43.47434742], [-1.55490362, 43.47451079], [-1.55515187, 43.4745831], [-1.55544697, 43.4744071], [-1.55552602, 43.4743749], [-1.55598377, 43.47444075], [-1.55594881, 43.47449732], [-1.55576209, 43.47474719], [-1.55560217, 43.47495824], [-1.55543595, 43.47517773], [-1.55530497, 43.47512422], [-1.5552422, 43.47509596], [-1.55496036, 43.47497486], [-1.55466326, 43.47534988], [-1.55453204, 43.47551589], [-1.55451462, 43.47553794], [-1.5544955, 43.47556214], [-1.55481969, 43.4756684], [-1.55490153, 43.47569519], [-1.55500633, 43.47572954], [-1.55508597, 43.47575391], [-1.55489226, 43.47582888], [-1.55483505, 43.4758114], [-1.55440783, 43.47567296], [-1.5543014, 43.47563841], [-1.55389121, 43.47550587], [-1.55338168, 43.47534257], [-1.55323559, 43.47529569], [-1.55335418, 43.47517617], [-1.5533577, 43.47516683]]]]}, "geometry_name": "the_geom", "properties": {"gid": 3130284, "gpu_doc_id": "6345e561e148d0d60d85340d4b826649", "gpu_status": "production", "gpu_timestamp": "2025-10-08T08:09:54.942Z", "partition": "DU_64122", "libelle": "Na", "libelong": "Na", "typezone": "N", "destdomi": null, "nomfic": "64122_reglement_20250927.pdf#N", "urlfic": "", "insee": null, "datappro": null, "datvalid": "20170923", "idurba": "64122_PLU_20250927", "idzone": null, "lib_idzone": "", "formdomi": null, "destoui": null, "destcdt": null, "destnon": null, "symbole": null}}, {"type": "Feature", "id": "zone_urba.3130316", "geometry": {"type": "MultiPolygon", "coordinates": [[[[-1.5525351, 43.49374016], [-1.55252681, 43.49374021], [-1.55249371, 43.49375802], [-1.55247926, 43.49376183], [-1.55246133, 43.49376047], [-1.55236251, 43.49373696], [-1.55237418, 43.49372749], [-1.55236817, 43.49371826], [-1.55233556, 43.49369774], [-1.5519236, 43.49342843], [-1.55153444, 43.4932046], [-1.55118658, 43.49298318], [-1.55116081, 43.49278139], [-1.55107645, 43.49265224], [-1.55086053, 43.49251227], [-1.55083713, 43.49252959], [-1.55068162, 43.49264607], [-1.55050671, 43.49252199], [-1.55036314, 43.49260085], [-1.55024664, 43.49266237], [-1.55011723, 43.49267556], [-1.5499355, 43.49269598], [-1.54969111, 43.49274147], [-1.54928821, 43.49281804], [-1.54927572, 43.4928192], [-1.54905549, 43.49284888], [-1.5488977, 43.4928479], [-1.54877054, 43.49271816], [-1.54856375, 43.49268134], [-1.54833646, 43.49271023], [-1.54819417, 43.4927446], [-1.54785563, 43.49282763], [-1.5477319, 43.49286105], [-1.54746256, 43.4927035], [-1.54737104, 43.49265006], [-1.5473451, 43.49263422], [-1.54731169, 43.49261568], [-1.54828586, 43.4924749], [-1.54853697, 43.4924417], [-1.55121883, 43.49211276], [-1.55152545, 43.49178514], [-1.55164419, 43.4916721], [-1.55170759, 43.4916074], [-1.55178893, 43.49152423], [-1.5518548, 43.49146439], [-1.55194627, 43.49132772], [-1.55197985, 43.49124824], [-1.55198454, 43.49106696], [-1.55198167, 43.4910184], [-1.55197794, 43.49093669], [-1.55198274, 43.49086826], [-1.55198904, 43.49083818], [-1.55202502, 43.49070614], [-1.55210282, 43.49071358], [-1.55294123, 43.48896144], [-1.55306208, 43.48891752], [-1.55314602, 43.48889101], [-1.55320442, 43.48888278], [-1.5532619, 43.48888717], [-1.55328844, 43.48889177], [-1.55382173, 43.48907525], [-1.55388332, 43.48907917], [-1.55387771, 43.48909547], [-1.55382464, 43.48917247], [-1.55369723, 43.48941828], [-1.55366908, 43.48947249], [-1.55364219, 43.48951657], [-1.55326278, 43.48941114], [-1.55306495, 43.49004172], [-1.55276548, 43.49016686], [-1.55238452, 43.49117617], [-1.55221098, 43.49111156], [-1.55212894, 43.49107406], [-1.55212287, 43.49120519], [-1.55209808, 43.49129964], [-1.55198099, 43.49155946], [-1.55194914, 43.49167863], [-1.55193966, 43.49167783], [-1.55191428, 43.49182739], [-1.55191122, 43.49187439], [-1.55191161, 43.49191124], [-1.55192065, 43.49195109], [-1.55193761, 43.49198765], [-1.55195849, 43.49202198], [-1.55197844, 43.49205031], [-1.55200834, 43.492086], [-1.55208549, 43.49216435], [-1.55221062, 43.49227678], [-1.55223469, 43.49229566], [-1.55241741, 43.49241978], [-1.55247669, 43.49246774], [-1.5525173, 43.4925076], [-1.55255824, 43.49256846], [-1.55258646, 43.49265298], [-1.55261864, 43.49292538], [-1.55264968, 43.49302963], [-1.55270331, 43.49311297], [-1.55279168, 43.49318546], [-1.55283832, 43.49320994], [-1.55295115, 43.49325354], [-1.5533676, 43.4933988], [-1.55338302, 43.49340126], [-1.55339999, 43.49339969], [-1.55341472, 43.49339469], [-1.55389099, 43.49345196], [-1.55431543, 43.49375574], [-1.55439351, 43.49380765], [-1.554343, 43.49383659], [-1.55414019, 43.49397126], [-1.55413368, 43.49397864], [-1.55408449, 43.49400312], [-1.55402808, 43.4940387], [-1.55394865, 43.49408423], [-1.55389915, 43.49406317], [-1.55368488, 43.49391048], [-1.55281214, 43.49386389], [-1.55278962, 43.49385252], [-1.55268141, 43.49378937], [-1.55266137, 43.4937797], [-1.55259498, 43.49376781], [-1.55255905, 43.49374579], [-1.5525351, 43.49374016]]]]}, "geometry_name": "the_geom", "properties": {"gid": 3130316, "gpu_doc_id": "6345e561e148d0d60d85340d4b826649", "gpu_status": "production", "gpu_timestamp": "2025-10-08T08:09:54.942Z", "partition": "DU_64122", "libelle": "N", "libelong": "N", "typezone": "N", "destdomi": null, "nomfic": "64122_reglement_20250927.pdf#N", "urlfic": "", "insee": null, "datappro": null, "datvalid": "20170923", "idurba": "64122_PLU_20250927", "idzone": null, "lib_idzone": "", "formdomi": null, "destoui": null, "destcdt": null, "destnon": null, "symbole": null}}, {"type": "Feature", "id": "zone_urba.3130332", "geometry": {"type": "MultiPolygon", "coordinates": [[[[-1.55315814, 43.49413373], [-1.55302974, 43.49407227], [-1.55270103, 43.49394472], [-1.55240647, 43.49384511], [-1.55227758, 43.49380712], [-1.55224685, 43.49379508], [-1.5520626, 43.49368355], [-1.55187672, 43.49358361], [-1.55171048, 43.49350112], [-1.55142194, 43.49338099], [-1.55134374, 43.49335667], [-1.55120025, 43.493327], [-1.55113822, 43.49331043], [-1.55106234, 43.49328404], [-1.55103598, 43.49327273], [-1.55084979, 43.49317172], [-1.55076331, 43.49311114], [-1.55069638, 43.49305861], [-1.55059824, 43.49294124], [-1.55057737, 43.49292873], [-1.55052629, 43.49291452], [-1.55051001, 43.49291201], [-1.55041139, 43.49290454], [-1.55039405, 43.49290621], [-1.55036049, 43.4929161], [-1.5501411, 43.49300941], [-1.54996132, 43.49308763], [-1.54983682, 43.49314158], [-1.54975646, 43.49317486], [-1.54967323, 43.49320284], [-1.54962885, 43.4932155], [-1.54959339, 43.49321969], [-1.5495722, 43.49321792], [-1.54945916, 43.49319957], [-1.54941689, 43.49319737], [-1.54938609, 43.49319948], [-1.54925035, 43.49320736], [-1.54920084, 43.4932058], [-1.54914877, 43.4931983], [-1.54907321, 43.49319119], [-1.54897106, 43.49319459], [-1.54890494, 43.49320125], [-1.54884642, 43.49321186], [-1.54881199, 43.49322331], [-1.54873169, 43.49315265], [-1.54866531, 43.49309749], [-1.5484048, 43.49287303], [-1.54828101, 43.4928817], [-1.54808417, 43.49289542], [-1.54782192, 43.4929137], [-1.5477319, 43.49286105], [-1.54785563, 43.49282763], [-1.54819417, 43.4927446], [-1.54833646, 43.49271023], [-1.54856375, 43.49268134], [-1.54877054, 43.49271816], [-1.5488977, 43.4928479], [-1.54905549, 43.49284888], [-1.54927572, 43.4928192], [-1.54928821, 43.49281804], [-1.54969111, 43.49274147], [-1.5499355, 43.49269598], [-1.55011723, 43.49267556], [-1.55024664, 43.49266237], [-1.55036314, 43.49260085], [-1.55050671, 43.49252199], [-1.55068162, 43.49264607], [-1.55083713, 43.49252959], [-1.55086053, 43.49251227], [-1.55107645, 43.49265224], [-1.55116081, 43.49278139], [-1.55118658, 43.49298318], [-1.55153444, 43.4932046], [-1.5519236, 43.49342843], [-1.55233556, 43.49369774], [-1.55236817, 43.49371826], [-1.55237418, 43.49372749], [-1.55236251, 43.49373696], [-1.55246133, 43.49376047], [-1.55247926, 43.49376183], [-1.55249371, 43.49375802], [-1.55252681, 43.49374021], [-1.5525351, 43.49374016], [-1.55255905, 43.49374579], [-1.55259498, 43.49376781], [-1.55266137, 43.4937797], [-1.55268141, 43.49378937], [-1.55278962, 43.49385252], [-1.55281214, 43.49386389], [-1.55368488, 43.49391048], [-1.55389915, 43.49406317], [-1.55394865, 43.49408423], [-1.55402808, 43.4940387], [-1.55408449, 43.49400312], [-1.55413368, 43.49397864], [-1.55414019, 43.49397126], [-1.554343, 43.49383659], [-1.55439351, 43.49380765], [-1.55431543, 43.49375574], [-1.55389099, 43.49345196], [-1.55341472, 43.49339469], [-1.55339999, 43.49339969], [-1.55338302, 43.49340126], [-1.5533676, 43.4933988], [-1.55295115, 43.49325354], [-1.55283832, 43.49320994], [-1.55279168, 43.49318546], [-1.55270331, 43.49311297], [-1.55264968, 43.49302963], [-1.55261864, 43.49292538], [-1.55258646, 43.49265298], [-1.55255824, 43.49256846], [-1.5525173, 43.4925076], [-1.55247669, 43.49246774], [-1.55241741, 43.49241978], [-1.55223469, 43.49229566], [-1.55221062, 43.49227678], [-1.55208549, 43.49216435], [-1.55200834, 43.492086], [-1.55197844, 43.49205031], [-1.55195849, 43.49202198], [-1.55193761, 43.49198765], [-1.55192065, 43.49195109], [-1.55191161, 43.49191124], [-1.55191122, 43.49187439], [-1.55191428, 43.49182739], [-1.55193966, 43.49167783], [-1.55194914, 43.49167863], [-1.55198099, 43.49155946], [-1.55209808, 43.49129964], [-1.55212287, 43.49120519], [-1.55212894, 43.49107406], [-1.55221098, 43.49111156], [-1.55238452, 43.49117617], [-1.55276548, 43.49016686], [-1.55306495, 43.49004172], [-1.55326278, 43.48941114], [-1.55364219, 43.48951657], [-1.55366908, 43.48947249], [-1.55369723, 43.48941828], [-1.55382464, 43.48917247], [-1.55387771, 43.48909547], [-1.55388332, 43.48907917], [-1.5539499, 43.48906462], [-1.55399069, 43.48904201], [-1.55401255, 43.48902091], [-1.5540534, 43.48899919], [-1.55406747, 43.48899692], [-1.5540766, 43.48899818], [-1.55415125, 43.48907285], [-1.55406821, 43.48926111], [-1.5540948, 43.48927232], [-1.55413429, 43.48930041], [-1.55406817, 43.4893618], [-1.55403456, 43.48939918], [-1.55401376, 43.48942741], [-1.55392206, 43.48959428], [-1.55388985, 43.48965379], [-1.55386409, 43.48969186], [-1.55379465, 43.48978691], [-1.55366663, 43.48997297], [-1.55361083, 43.49005991], [-1.55348725, 43.49025409], [-1.55347304, 43.49026935], [-1.55345442, 43.49028036], [-1.55341048, 43.49029716], [-1.55330231, 43.49032432], [-1.5532734, 43.49033349], [-1.55317751, 43.49036927], [-1.55304842, 43.49043144], [-1.55292596, 43.49048937], [-1.55270854, 43.49061578], [-1.55268749, 43.49063058], [-1.55267432, 43.49064336], [-1.55264011, 43.49071592], [-1.55263454, 43.49073741], [-1.5526324, 43.49078852], [-1.55263418, 43.49082739], [-1.55264117, 43.49089968], [-1.55264535, 43.49094242], [-1.552656, 43.49099555], [-1.55268009, 43.49104814], [-1.55271673, 43.49113928], [-1.55274215, 43.49121462], [-1.55271953, 43.49133811], [-1.55268906, 43.49148093], [-1.55268671, 43.49150581], [-1.5526931, 43.49153351], [-1.55274771, 43.49163664], [-1.55278846, 43.49170165], [-1.55283003, 43.49176428], [-1.55283751, 43.4918415], [-1.55283689, 43.49186136], [-1.5528275, 43.49193304], [-1.5528325, 43.49195528], [-1.55286228, 43.49199774], [-1.5529238, 43.49206895], [-1.5530383, 43.49217648], [-1.55305449, 43.49219441], [-1.55306563, 43.49221101], [-1.55306729, 43.49222825], [-1.55302278, 43.49251657], [-1.5530015, 43.49271952], [-1.55300254, 43.49274012], [-1.55301913, 43.49277669], [-1.55306698, 43.49284223], [-1.55311575, 43.49289863], [-1.55317874, 43.49296789], [-1.55327478, 43.49304037], [-1.55332133, 43.49306692], [-1.55336242, 43.49308333], [-1.5534405, 43.49309097], [-1.55350093, 43.49308768], [-1.55363969, 43.49307391], [-1.55377757, 43.49306476], [-1.5538268, 43.49305741], [-1.55407381, 43.49300096], [-1.55420101, 43.49297646], [-1.5543187, 43.49296072], [-1.55446321, 43.49294429], [-1.55449544, 43.49293481], [-1.55453157, 43.4929278], [-1.5545487, 43.49292838], [-1.55460723, 43.49294455], [-1.55469073, 43.4929801], [-1.55474081, 43.49300742], [-1.55479156, 43.4930421], [-1.55481965, 43.49307669], [-1.55485007, 43.49312768], [-1.55488228, 43.49319771], [-1.55494517, 43.49340184], [-1.55495812, 43.49343108], [-1.55498722, 43.49346761], [-1.55501333, 43.49349073], [-1.55511273, 43.49355837], [-1.55515809, 43.49360544], [-1.55520432, 43.49363931], [-1.55528506, 43.49374736], [-1.55530337, 43.49378044], [-1.5553348, 43.49386322], [-1.5553558, 43.49394045], [-1.55536182, 43.49397807], [-1.55536801, 43.49406112], [-1.55536231, 43.49410597], [-1.55535175, 43.49413865], [-1.55533955, 43.49416437], [-1.55528149, 43.49422103], [-1.55525308, 43.49424189], [-1.55522303, 43.49425904], [-1.55516683, 43.49428406], [-1.55507566, 43.49431678], [-1.55492942, 43.49436484], [-1.55480972, 43.49439688], [-1.55452243, 43.49446295], [-1.55438297, 43.49448576], [-1.55430294, 43.49448352], [-1.55407706, 43.49446323], [-1.55398651, 43.49445275], [-1.55387051, 43.49443479], [-1.55378778, 43.49441958], [-1.55372999, 43.49440672], [-1.5535212, 43.49435151], [-1.55342644, 43.49432109], [-1.55340859, 43.4943126], [-1.55330638, 43.4942337], [-1.55322065, 43.49417335], [-1.55315814, 43.49413373]]]]}, "geometry_name": "the_geom", "properties": {"gid": 3130332, "gpu_doc_id": "6345e561e148d0d60d85340d4b826649", "gpu_status": "production", "gpu_timestamp": "2025-10-08T08:09:54.942Z", "partition": "DU_64122", "libelle": "Ner", "libelong": "Ner", "typezone": "N", "destdomi": null, "nomfic": "64122_reglement_20250927.pdf#Ner", "urlfic": "", "insee": null, "datappro": null, "datvalid": "20170923", "idurba": "64122_PLU_20250927", "idzone": null, "lib_idzone": "", "formdomi": null, "destoui": null, "destcdt": null, "destnon": null, "symbole": null}}, {"type": "Feature", "id": "zone_urba.3130335", "geometry": {"type": "MultiPolygon", "coordinates": [[[[-1.55306388, 43.48353535], [-1.55304434, 43.48332951], [-1.5530438, 43.48332232], [-1.55304273, 43.48329042], [-1.55278676, 43.4833861], [-1.55274692, 43.48338534], [-1.55266623, 43.48327278], [-1.55262066, 43.48320941], [-1.55260104, 43.48318206], [-1.55253431, 43.48308905], [-1.55251636, 43.48306407], [-1.5524886, 43.48301883], [-1.55267363, 43.48295491], [-1.55269564, 43.48294645], [-1.55220365, 43.48202857], [-1.55323433, 43.48190835], [-1.55271756, 43.48077489], [-1.55350011, 43.48065721], [-1.55434578, 43.48172257], [-1.55434365, 43.48177722], [-1.55434569, 43.48180858], [-1.55454667, 43.48180662], [-1.55454434, 43.48175556], [-1.55454391, 43.48162684], [-1.55462395, 43.48159465], [-1.55466364, 43.48158236], [-1.55483281, 43.48153178], [-1.55484081, 43.48152938], [-1.55494968, 43.48151192], [-1.55503344, 43.48150446], [-1.55509875, 43.48150215], [-1.55514413, 43.48143834], [-1.55513691, 43.48142294], [-1.55519857, 43.48132658], [-1.55522961, 43.48128803], [-1.55527637, 43.48123606], [-1.55529101, 43.48121655], [-1.55530889, 43.48118907], [-1.55531753, 43.48117205], [-1.55533137, 43.48113193], [-1.55540425, 43.48087899], [-1.55568152, 43.48080881], [-1.55573607, 43.48079494], [-1.55579001, 43.48078126], [-1.5559075, 43.48075147], [-1.55597362, 43.48073182], [-1.5559916, 43.48072714], [-1.55608983, 43.48072804], [-1.5561011, 43.48072813], [-1.55617964, 43.48072881], [-1.55617926, 43.48103919], [-1.55625464, 43.48104063], [-1.55655924, 43.48104653], [-1.55659528, 43.48104518], [-1.55658231, 43.48134516], [-1.55657311, 43.48181568], [-1.55575931, 43.48181236], [-1.55540345, 43.48285866], [-1.55537673, 43.48295886], [-1.55535625, 43.48300106], [-1.55536102, 43.48329328], [-1.55530445, 43.48329682], [-1.5550496, 43.48329418], [-1.5550499, 43.48326839], [-1.55495143, 43.48326597], [-1.55487292, 43.48326411], [-1.55478574, 43.48326378], [-1.55468508, 43.4832719], [-1.55459797, 43.48327912], [-1.55455441, 43.48328265], [-1.55451331, 43.48328608], [-1.5544318, 43.4833103], [-1.55437404, 43.48332755], [-1.55430573, 43.48334791], [-1.55424553, 43.4833658], [-1.55418958, 43.48338253], [-1.5540881, 43.48341277], [-1.553963, 43.48345007], [-1.55394264, 43.4834561], [-1.55393575, 43.48346331], [-1.55392752, 43.48346752], [-1.55391863, 43.48346787], [-1.55390944, 43.48346571], [-1.55375255, 43.48351346], [-1.5537034, 43.48352839], [-1.55350227, 43.4835888], [-1.55340358, 43.48361838], [-1.55323987, 43.48366758], [-1.55306803, 43.48371908], [-1.55306432, 43.48355291], [-1.55306388, 43.48353535]]]]}, "geometry_name": "the_geom", "properties": {"gid": 3130335, "gpu_doc_id": "6345e561e148d0d60d85340d4b826649", "gpu_status": "production", "gpu_timestamp": "2025-10-08T08:09:54.942Z", "partition": "DU_64122", "libelle": "UBa", "libelong": "UBa", "typezone": "U", "destdomi": null, "nomfic": "64122_reglement_20250927.pdf#UB", "urlfic": "", "insee": null, "datappro": null, "datvalid": "20170923", "idurba": "64122_PLU_20250927", "idzone": null, "lib_idzone": "", "formdomi": null, "destoui": null, "destcdt": null, "destnon": null, "symbole": null}}, {"type": "Feature", "id": "zone_urba.3130336", "geometry": {"type": "MultiPolygon", "coordinates": [[[[-1.54970112, 43.48198903], [-1.54980405, 43.48179512], [-1.54984554, 43.48172389], [-1.54987905, 43.48167515], [-1.54992404, 43.4816293], [-1.5499733, 43.48159255], [-1.55003519, 43.48155748], [-1.55009679, 43.48153522], [-1.55013236, 43.48152588], [-1.55020877, 43.48151457], [-1.5502628, 43.48151027], [-1.55031482, 43.48151237], [-1.55037146, 43.48151815], [-1.55044815, 43.48153396], [-1.55053552, 43.48155846], [-1.55061247, 43.48158607], [-1.55073295, 43.48162801], [-1.55081073, 43.48165505], [-1.55091393, 43.481691], [-1.55106057, 43.48174181], [-1.55117004, 43.48178554], [-1.55122149, 43.48179979], [-1.55179936, 43.4809529], [-1.55195389, 43.48062248], [-1.55248057, 43.47950909], [-1.55264851, 43.47912766], [-1.55275109, 43.47868152], [-1.55288927, 43.47873326], [-1.5533945, 43.47895137], [-1.55348905, 43.47897518], [-1.55360535, 43.47899013], [-1.55371318, 43.47898912], [-1.55412064, 43.4789047], [-1.55481679, 43.47873996], [-1.55496644, 43.47886745], [-1.55551616, 43.47933288], [-1.5554818, 43.47935348], [-1.55527318, 43.47949252], [-1.55518035, 43.47955424], [-1.55522284, 43.47960269], [-1.55528487, 43.47966442], [-1.55522903, 43.47969412], [-1.55510528, 43.47981917], [-1.55512398, 43.47984755], [-1.55500937, 43.47981792], [-1.55476691, 43.47975512], [-1.55446719, 43.47971516], [-1.55411114, 43.47969764], [-1.55390274, 43.4796967], [-1.55310943, 43.47974026], [-1.5534583, 43.48055372], [-1.55350011, 43.48065721], [-1.55271756, 43.48077489], [-1.55323433, 43.48190835], [-1.55220365, 43.48202857], [-1.55212427, 43.48206649], [-1.55143129, 43.48216614], [-1.5510382, 43.48217269], [-1.55048966, 43.48216065], [-1.55018687, 43.48213859], [-1.55003345, 43.48212492], [-1.54967182, 43.48205614], [-1.54969476, 43.48199829], [-1.54970112, 43.48198903]]]]}, "geometry_name": "the_geom", "properties": {"gid": 3130336, "gpu_doc_id": "6345e561e148d0d60d85340d4b826649", "gpu_status": "production", "gpu_timestamp": "2025-10-08T08:09:54.942Z", "partition": "DU_64122", "libelle": "UC", "libelong": "UC", "typezone": "U", "destdomi": null, "nomfic": "64122_reglement_20250927.pdf#UC", "urlfic": "", "insee": null, "datappro": null, "datvalid": "20170923", "idurba": "64122_PLU_20250927", "idzone": null, "lib_idzone": "", "formdomi": null, "destoui": null, "destcdt": null, "destnon": null, "symbole": null}}, {"type": "Feature", "id": "zone_urba.3130341", "geometry": {"type": "MultiPolygon", "coordinates": [[[[-1.55401791, 43.48052056], [-1.55398823, 43.48045753], [-1.55388644, 43.48047906], [-1.55360625, 43.48053826], [-1.5534583, 43.48055372], [-1.55310943, 43.47974026], [-1.55390274, 43.4796967], [-1.55411114, 43.47969764], [-1.55446719, 43.47971516], [-1.55476691, 43.47975512], [-1.55500937, 43.47981792], [-1.5550192, 43.47987179], [-1.55503601, 43.47994451], [-1.5550243, 43.47994695], [-1.55504602, 43.48003236], [-1.55506497, 43.48005234], [-1.55507599, 43.48009725], [-1.55497103, 43.48016396], [-1.55488374, 43.48021528], [-1.5548491, 43.48023215], [-1.55480479, 43.48025382], [-1.55469356, 43.48030284], [-1.55463116, 43.48032424], [-1.55457116, 43.48034473], [-1.55446916, 43.48037968], [-1.55445011, 43.48034167], [-1.55426644, 43.48039869], [-1.55424276, 43.48040369], [-1.55426981, 43.48046886], [-1.55436986, 43.4806818], [-1.55427034, 43.4807052], [-1.55412064, 43.48074132], [-1.55403516, 43.48055774], [-1.55401791, 43.48052056]]]]}, "geometry_name": "the_geom", "properties": {"gid": 3130341, "gpu_doc_id": "6345e561e148d0d60d85340d4b826649", "gpu_status": "production", "gpu_timestamp": "2025-10-08T08:09:54.942Z", "partition": "DU_64122", "libelle": "UBa", "libelong": "UBa", "typezone": "U", "destdomi": null, "nomfic": "64122_reglement_20250927.pdf#UB", "urlfic": "", "insee": null, "datappro": null, "datvalid": "20170923", "idurba": "64122_PLU_20250927", "idzone": null, "lib_idzone": "", "formdomi": null, "destoui": null, "destcdt": null, "destnon": null, "symbole": null}}, {"type": "Feature", "id": "zone_urba.3130359", "geometry": {"type": "MultiPolygon", "coordinates": [[[[-1.55615131, 43.48414143], [-1.55587554, 43.48291958], [-1.55537673, 43.48295886], [-1.55540345, 43.48285866], [-1.55575931, 43.48181236], [-1.55657311, 43.48181568], [-1.55658231, 43.48134516], [-1.55659528, 43.48104518], [-1.55665356, 43.48055964], [-1.55680073, 43.48060947], [-1.55723659, 43.48084676], [-1.55724566, 43.48085365], [-1.55718958, 43.48090009], [-1.5571055, 43.48096129], [-1.55709652, 43.48096524], [-1.55713264, 43.48106127], [-1.55711418, 43.48106281], [-1.55712107, 43.48110526], [-1.55713954, 43.4811038], [-1.55715623, 43.4812198], [-1.5571123, 43.48122343], [-1.55711374, 43.48125439], [-1.55719036, 43.48125099], [-1.55720515, 43.48148666], [-1.55720346, 43.48150793], [-1.55723118, 43.48150782], [-1.55723362, 43.48154559], [-1.55722478, 43.48154657], [-1.55724081, 43.48177139], [-1.5572411, 43.48180127], [-1.55707846, 43.48180312], [-1.55708114, 43.48284177], [-1.55709791, 43.48408812], [-1.55670017, 43.48409513], [-1.55615131, 43.48414143]]]]}, "geometry_name": "the_geom", "properties": {"gid": 3130359, "gpu_doc_id": "6345e561e148d0d60d85340d4b826649", "gpu_status": "production", "gpu_timestamp": "2025-10-08T08:09:54.942Z", "partition": "DU_64122", "libelle": "UB", "libelong": "UB", "typezone": "U", "destdomi": null, "nomfic": "64122_reglement_20250927.pdf#UB", "urlfic": "", "insee": null, "datappro": null, "datvalid": "20170923", "idurba": "64122_PLU_20250927", "idzone": null, "lib_idzone": "", "formdomi": null, "destoui": null, "destcdt": null, "destnon": null, "symbole": null}}, {"type": "Feature", "id": "zone_urba.3130366", "geometry": {"type": "MultiPolygon", "coordinates": [[[[-1.55490362, 43.47451079], [-1.5543431, 43.47434742], [-1.55414338, 43.47451341], [-1.5541254, 43.47450014], [-1.55394418, 43.47443601], [-1.55345429, 43.4743141], [-1.5531637, 43.47427112], [-1.55305992, 43.4742747], [-1.55257341, 43.47431164], [-1.55207802, 43.4743186], [-1.55100766, 43.4743621], [-1.55099083, 43.4743632], [-1.54983957, 43.47443854], [-1.54937194, 43.47444996], [-1.54734142, 43.47440306], [-1.54700988, 43.47433648], [-1.54633588, 43.47408413], [-1.54565649, 43.47406754], [-1.54540219, 43.4740639], [-1.54538964, 43.47402411], [-1.54542149, 43.47376123], [-1.54495042, 43.47370708], [-1.54493756, 43.47370561], [-1.54478006, 43.47368658], [-1.54477769, 43.47368632], [-1.54471911, 43.47367916], [-1.54443296, 43.47364465], [-1.5442984, 43.47362787], [-1.54424506, 43.47362123], [-1.54403905, 43.47359573], [-1.54382929, 43.47356966], [-1.54379537, 43.47357591], [-1.54372193, 43.47343417], [-1.54362948, 43.47323453], [-1.54362271, 43.47321831], [-1.54359286, 43.47314647], [-1.54348855, 43.47289529], [-1.54351663, 43.47289795], [-1.54363901, 43.47290959], [-1.54382775, 43.47292748], [-1.54397412, 43.47295633], [-1.54421619, 43.47300406], [-1.54434818, 43.47303004], [-1.54456365, 43.47307252], [-1.54507264, 43.47317284], [-1.54520274, 43.47319843], [-1.54588315, 43.4732977], [-1.54591991, 43.47330306], [-1.54627062, 43.47335421], [-1.5464432, 43.47337936], [-1.5466296, 43.47340659], [-1.54679026, 43.47342997], [-1.54692109, 43.47344916], [-1.54706091, 43.4734695], [-1.54707488, 43.47347116], [-1.54729167, 43.4734963], [-1.54754346, 43.47352553], [-1.54774073, 43.47354846], [-1.54789547, 43.47356641], [-1.54792522, 43.47356542], [-1.54806234, 43.47356065], [-1.54820353, 43.47355581], [-1.54826277, 43.47355378], [-1.54833102, 43.47353804], [-1.54836454, 43.47353022], [-1.54848016, 43.4735035], [-1.54860279, 43.47347509], [-1.54865473, 43.47344682], [-1.54877046, 43.47338389], [-1.54884819, 43.47334152], [-1.54898058, 43.4732695], [-1.54898991, 43.47326513], [-1.54902655, 43.47324807], [-1.54927033, 43.47313486], [-1.54934666, 43.4730994], [-1.54957885, 43.47334333], [-1.54958554, 43.47340737], [-1.54958489, 43.47342677], [-1.54958034, 43.47357028], [-1.54959284, 43.47357024], [-1.54967318, 43.4735704], [-1.54972852, 43.47357047], [-1.54986408, 43.47357079], [-1.55006687, 43.47357127], [-1.55028389, 43.4735718], [-1.55029048, 43.47357217], [-1.55034172, 43.47357104], [-1.55034083, 43.4735442], [-1.5503216, 43.47270057], [-1.55038494, 43.47268195], [-1.55086667, 43.47253678], [-1.55084173, 43.47270521], [-1.55083753, 43.47273359], [-1.55082171, 43.47283536], [-1.55096581, 43.47284725], [-1.55119847, 43.47311255], [-1.55124326, 43.47309582], [-1.55130107, 43.47308082], [-1.55133099, 43.4730754], [-1.55135806, 43.47307497], [-1.5513912, 43.47307942], [-1.55141664, 43.47308536], [-1.55150677, 43.47311714], [-1.55156349, 43.47314753], [-1.55165814, 43.47320184], [-1.55168677, 43.47322054], [-1.55222603, 43.47321006], [-1.55255566, 43.47320353], [-1.5526302, 43.47320221], [-1.55263691, 43.47319428], [-1.55269241, 43.47314675], [-1.55272288, 43.47312381], [-1.55285058, 43.47304513], [-1.5529212, 43.47300276], [-1.55320972, 43.47286732], [-1.55323059, 43.47280267], [-1.55331148, 43.47252274], [-1.55340341, 43.47220486], [-1.55340887, 43.47217428], [-1.55526674, 43.47203702], [-1.55527632, 43.47209921], [-1.55529522, 43.47212857], [-1.555354, 43.47222306], [-1.55536476, 43.47224032], [-1.55539284, 43.47230475], [-1.55542534, 43.47235668], [-1.55553049, 43.47233246], [-1.55549371, 43.47252808], [-1.55548429, 43.47256956], [-1.55557127, 43.47256668], [-1.55557479, 43.47260799], [-1.55557466, 43.47275565], [-1.55543735, 43.47276008], [-1.55544663, 43.47290287], [-1.55544711, 43.47290943], [-1.55544913, 43.4729382], [-1.55545327, 43.47300194], [-1.55545933, 43.47309654], [-1.55546967, 43.4732519], [-1.55547083, 43.47326582], [-1.55552335, 43.47329875], [-1.55481638, 43.47390515], [-1.55530467, 43.47425509], [-1.55552602, 43.4743749], [-1.55544697, 43.4744071], [-1.55515187, 43.4745831], [-1.55490362, 43.47451079]]]]}, "geometry_name": "the_geom", "properties": {"gid": 3130366, "gpu_doc_id": "6345e561e148d0d60d85340d4b826649", "gpu_status": "production", "gpu_timestamp": "2025-10-08T08:09:54.942Z", "partition": "DU_64122", "libelle": "UDa", "libelong": "UDa", "typezone": "U", "destdomi": null, "nomfic": "64122_reglement_20250927.pdf#UD", "urlfic": "", "insee": null, "datappro": null, "datvalid": "20170923", "idurba": "64122_PLU_20250927", "idzone": null, "lib_idzone": "", "formdomi": null, "destoui": null, "destcdt": null, "destnon": null, "symbole": null}}, {"type": "Feature", "id": "zone_urba.3130367", "geometry": {"type": "MultiPolygon", "coordinates": [[[[-1.54733876, 43.48273821], [-1.54719429, 43.48170241], [-1.54727191, 43.48157472], [-1.54736989, 43.48150709], [-1.54761888, 43.48159147], [-1.5479498, 43.4817079], [-1.54819368, 43.48177504], [-1.54853715, 43.48183875], [-1.54873995, 43.48176497], [-1.54876512, 43.48153753], [-1.54883099, 43.48144522], [-1.54894631, 43.48131519], [-1.54897235, 43.48122425], [-1.54895592, 43.4810941], [-1.54890725, 43.48095925], [-1.54910664, 43.4808943], [-1.54932252, 43.48083749], [-1.54966, 43.48077974], [-1.54968556, 43.48077558], [-1.54969714, 43.48081803], [-1.5496883, 43.48081901], [-1.54968172, 43.4809818], [-1.54965943, 43.4809816], [-1.54964759, 43.48113694], [-1.54963975, 43.48132754], [-1.54963635, 43.4814116], [-1.54969579, 43.48139023], [-1.5500765, 43.4812527], [-1.55039067, 43.48113942], [-1.55072304, 43.48101948], [-1.55071719, 43.48086773], [-1.55070778, 43.48061831], [-1.5507052, 43.48056054], [-1.55069585, 43.4802537], [-1.55069365, 43.48018248], [-1.55068901, 43.48002383], [-1.55068783, 43.47999962], [-1.55057932, 43.4800287], [-1.55033039, 43.48009541], [-1.54999891, 43.48018404], [-1.54959777, 43.48029146], [-1.54953364, 43.48030822], [-1.54949051, 43.48021754], [-1.54928639, 43.48023425], [-1.54903378, 43.48025486], [-1.54888858, 43.48026672], [-1.54884473, 43.48026628], [-1.54876625, 43.47998554], [-1.54897609, 43.4799682], [-1.54897593, 43.47992009], [-1.54895612, 43.47945609], [-1.54900616, 43.47936334], [-1.54937208, 43.47868634], [-1.54936712, 43.47866472], [-1.54931734, 43.47845331], [-1.54926533, 43.47823181], [-1.54919819, 43.47796006], [-1.54919099, 43.47791828], [-1.54942495, 43.47783815], [-1.55008262, 43.4773929], [-1.550216, 43.47737197], [-1.55139127, 43.47758603], [-1.55189887, 43.47754754], [-1.551999, 43.47754358], [-1.55275109, 43.47868152], [-1.55264851, 43.47912766], [-1.55248057, 43.47950909], [-1.55195389, 43.48062248], [-1.55179936, 43.4809529], [-1.55122149, 43.48179979], [-1.55117004, 43.48178554], [-1.55106057, 43.48174181], [-1.55091393, 43.481691], [-1.55081073, 43.48165505], [-1.55073295, 43.48162801], [-1.55061247, 43.48158607], [-1.55053552, 43.48155846], [-1.55044815, 43.48153396], [-1.55037146, 43.48151815], [-1.55031482, 43.48151237], [-1.5502628, 43.48151027], [-1.55020877, 43.48151457], [-1.55013236, 43.48152588], [-1.55009679, 43.48153522], [-1.55003519, 43.48155748], [-1.5499733, 43.48159255], [-1.54992404, 43.4816293], [-1.54987905, 43.48167515], [-1.54984554, 43.48172389], [-1.54980405, 43.48179512], [-1.54970112, 43.48198903], [-1.54969476, 43.48199829], [-1.54967182, 43.48205614], [-1.54884913, 43.48191486], [-1.54882285, 43.48198313], [-1.54875095, 43.4821631], [-1.54874323, 43.48218242], [-1.54868769, 43.48232118], [-1.54857896, 43.48259329], [-1.54826869, 43.48252476], [-1.54819519, 43.48250856], [-1.54799041, 43.48246345], [-1.54782629, 43.4824272], [-1.54775354, 43.48241114], [-1.54769461, 43.48258915], [-1.54764399, 43.48274232], [-1.54762964, 43.48278571], [-1.54761502, 43.48282892], [-1.54789954, 43.48296152], [-1.54781917, 43.48316917], [-1.54777725, 43.48315398], [-1.54764631, 43.48310957], [-1.54757114, 43.48308423], [-1.54725491, 43.48297717], [-1.54721425, 43.48296525], [-1.54731303, 43.48281193], [-1.54733876, 43.48273821]]]]}, "geometry_name": "the_geom", "properties": {"gid": 3130367, "gpu_doc_id": "6345e561e148d0d60d85340d4b826649", "gpu_status": "production", "gpu_timestamp": "2025-10-08T08:09:54.942Z", "partition": "DU_64122", "libelle": "UDa", "libelong": "UDa", "typezone": "U", "destdomi": null, "nomfic": "64122_reglement_20250927.pdf#UD", "urlfic": "", "insee": null, "datappro": null, "datvalid": "20170923", "idurba": "64122_PLU_20250927", "idzone": null, "lib_idzone": "", "formdomi": null, "destoui": null, "destcdt": null, "destnon": null, "symbole": null}}, {"type": "Feature", "id": "zone_urba.3130388", "geometry": {"type": "MultiPolygon", "coordinates": [[[[-1.55289233, 43.48469551], [-1.55280372, 43.48466411], [-1.55242348, 43.48472611], [-1.55241083, 43.48467141], [-1.55240538, 43.48463876], [-1.5523962, 43.48460189], [-1.55238655, 43.48456585], [-1.55249683, 43.48455014], [-1.55249544, 43.48451153], [-1.55249093, 43.48439109], [-1.55248914, 43.48434222], [-1.55248594, 43.48425761], [-1.55248027, 43.48410188], [-1.55247675, 43.48400467], [-1.55247514, 43.48396317], [-1.55247184, 43.48387397], [-1.55247067, 43.48382498], [-1.55228548, 43.48382626], [-1.55228117, 43.48380731], [-1.55225905, 43.48370975], [-1.55225665, 43.48368436], [-1.5523778, 43.48366576], [-1.55236866, 43.48362726], [-1.5523383, 43.48351227], [-1.55237905, 43.48349416], [-1.55242554, 43.48347349], [-1.5527521, 43.48342498], [-1.55275156, 43.48342104], [-1.55274692, 43.48338534], [-1.55278676, 43.4833861], [-1.55304273, 43.48329042], [-1.5530438, 43.48332232], [-1.55304434, 43.48332951], [-1.55306388, 43.48353535], [-1.55306432, 43.48355291], [-1.55306803, 43.48371908], [-1.55323987, 43.48366758], [-1.55340358, 43.48361838], [-1.55350227, 43.4835888], [-1.5537034, 43.48352839], [-1.55375255, 43.48351346], [-1.55390944, 43.48346571], [-1.55391863, 43.48346787], [-1.55392752, 43.48346752], [-1.55393575, 43.48346331], [-1.55394264, 43.4834561], [-1.553963, 43.48345007], [-1.5540881, 43.48341277], [-1.55418958, 43.48338253], [-1.55424553, 43.4833658], [-1.55430573, 43.48334791], [-1.55437404, 43.48332755], [-1.5544318, 43.4833103], [-1.55451331, 43.48328608], [-1.55455441, 43.48328265], [-1.55459797, 43.48327912], [-1.55468508, 43.4832719], [-1.55478574, 43.48326378], [-1.55487292, 43.48326411], [-1.55495143, 43.48326597], [-1.5550499, 43.48326839], [-1.5550496, 43.48329418], [-1.55530445, 43.48329682], [-1.55536102, 43.48329328], [-1.55535625, 43.48300106], [-1.55537673, 43.48295886], [-1.55587554, 43.48291958], [-1.55615131, 43.48414143], [-1.55575988, 43.48420937], [-1.55505986, 43.48437785], [-1.55456627, 43.48456809], [-1.55418789, 43.48473511], [-1.5539349, 43.48481119], [-1.55360713, 43.48485616], [-1.55338687, 43.48482525], [-1.55289233, 43.48469551]]]]}, "geometry_name": "the_geom", "properties": {"gid": 3130388, "gpu_doc_id": "6345e561e148d0d60d85340d4b826649", "gpu_status": "production", "gpu_timestamp": "2025-10-08T08:09:54.942Z", "partition": "DU_64122", "libelle": "UD", "libelong": "UD", "typezone": "U", "destdomi": null, "nomfic": "64122_reglement_20250927.pdf#UD", "urlfic": "", "insee": null, "datappro": null, "datvalid": "20170923", "idurba": "64122_PLU_20250927", "idzone": null, "lib_idzone": "", "formdomi": null, "destoui": null, "destcdt": null, "destnon": null, "symbole": null}}, {"type": "Feature", "id": "zone_urba.3130279", "geometry": {"type": "MultiPolygon", "coordinates": [[[[-1.54437919, 43.48449665], [-1.54423709, 43.48424232], [-1.54431932, 43.48424102], [-1.54447639, 43.48425223], [-1.54467876, 43.48426669], [-1.54473028, 43.48427034], [-1.54492183, 43.48428406], [-1.54509433, 43.48429628], [-1.54530566, 43.48431138], [-1.54539816, 43.4843199], [-1.54581501, 43.48435845], [-1.54593989, 43.48436957], [-1.54620372, 43.48439306], [-1.54660038, 43.48438481], [-1.54657214, 43.48464256], [-1.5465532, 43.48481548], [-1.54655215, 43.48482481], [-1.54655013, 43.48487819], [-1.54587017, 43.48476347], [-1.5445557, 43.48454958], [-1.54444566, 43.48453034], [-1.54437919, 43.48449665]]]]}, "geometry_name": "the_geom", "properties": {"gid": 3130279, "gpu_doc_id": "6345e561e148d0d60d85340d4b826649", "gpu_status": "production", "gpu_timestamp": "2025-10-08T08:09:54.942Z", "partition": "DU_64122", "libelle": "UG", "libelong": "UG", "typezone": "U", "destdomi": null, "nomfic": "64122_reglement_20250927.pdf#UG", "urlfic": "", "insee": null, "datappro": null, "datvalid": "20170923", "idurba": "64122_PLU_20250927", "idzone": null, "lib_idzone": "", "formdomi": null, "destoui": null, "destcdt": null, "destnon": null, "symbole": null}}, {"type": "Feature", "id": "zone_urba.3130242", "geometry": {"type": "MultiPolygon", "coordinates": [[[[-1.54679869, 43.48989704], [-1.54672866, 43.4898978], [-1.54653337, 43.48970917], [-1.54650016, 43.48967542], [-1.54643928, 43.48961111], [-1.54635944, 43.48952646], [-1.54632343, 43.48948831], [-1.54629346, 43.48945839], [-1.54626792, 43.48943289], [-1.54617872, 43.48934401], [-1.54617055, 43.48933568], [-1.54595595, 43.48911212], [-1.54591134, 43.48906673], [-1.54587102, 43.48902569], [-1.54578064, 43.48893318], [-1.54580292, 43.48892083], [-1.54580519, 43.48891965], [-1.54582408, 43.48890728], [-1.54583416, 43.48889129], [-1.54584178, 43.48887891], [-1.54591942, 43.48875433], [-1.54593091, 43.48873234], [-1.54590784, 43.48873181], [-1.54589355, 43.48870614], [-1.54581838, 43.48857109], [-1.54574792, 43.48844442], [-1.54570833, 43.48835494], [-1.54562785, 43.48820847], [-1.54558949, 43.48813877], [-1.54553753, 43.48804446], [-1.54548284, 43.48794493], [-1.54546567, 43.48791226], [-1.54541796, 43.48782508], [-1.54533563, 43.48767526], [-1.54530787, 43.48762544], [-1.5451278, 43.48762838], [-1.54513837, 43.48704153], [-1.54562207, 43.48710677], [-1.54571989, 43.48760735], [-1.54591946, 43.48758984], [-1.54686757, 43.48742247], [-1.54718415, 43.48732049], [-1.54718437, 43.48732544], [-1.54720004, 43.48734524], [-1.54721779, 43.48736794], [-1.54731019, 43.48748144], [-1.54740176, 43.48759703], [-1.54753165, 43.48769331], [-1.5476808, 43.48778174], [-1.5482229, 43.4880126], [-1.5481898, 43.48805189], [-1.5481866, 43.48805535], [-1.54804525, 43.48820732], [-1.54792064, 43.48834132], [-1.54779626, 43.48847496], [-1.5476759, 43.48860446], [-1.54760163, 43.48857476], [-1.54746816, 43.48852152], [-1.54723559, 43.48864707], [-1.5471894, 43.48866957], [-1.54772912, 43.48921009], [-1.54701903, 43.48971987], [-1.54685724, 43.48983588], [-1.54679869, 43.48989704]]]]}, "geometry_name": "the_geom", "properties": {"gid": 3130242, "gpu_doc_id": "6345e561e148d0d60d85340d4b826649", "gpu_status": "production", "gpu_timestamp": "2025-10-08T08:09:54.942Z", "partition": "DU_64122", "libelle": "UD", "libelong": "UD", "typezone": "U", "destdomi": null, "nomfic": "64122_reglement_20250927.pdf#UD", "urlfic": "", "insee": null, "datappro": null, "datvalid": "20170923", "idurba": "64122_PLU_20250927", "idzone": null, "lib_idzone": "", "formdomi": null, "destoui": null, "destcdt": null, "destnon": null, "symbole": null}}, {"type": "Feature", "id": "zone_urba.3130408", "geometry": {"type": "MultiPolygon", "coordinates": [[[[-1.54581247, 43.47784188], [-1.54598834, 43.4781318], [-1.54582917, 43.47818471], [-1.54585418, 43.47822394], [-1.54541597, 43.47837084], [-1.54537838, 43.47838044], [-1.54506286, 43.47823495], [-1.54490244, 43.47819877], [-1.54478388, 43.47815261], [-1.54506661, 43.47809107], [-1.5450663, 43.47808684], [-1.54570517, 43.47787721], [-1.54581247, 43.47784188]]]]}, "geometry_name": "the_geom", "properties": {"gid": 3130408, "gpu_doc_id": "6345e561e148d0d60d85340d4b826649", "gpu_status": "production", "gpu_timestamp": "2025-10-08T08:09:54.942Z", "partition": "DU_64122", "libelle": "UDc", "libelong": "UDc", "typezone": "U", "destdomi": null, "nomfic": "64122_reglement_20250927.pdf#UD", "urlfic": "", "insee": null, "datappro": null, "datvalid": "20240323", "idurba": "64122_PLU_20250927", "idzone": null, "lib_idzone": "", "formdomi": null, "destoui": null, "destcdt": null, "destnon": null, "symbole": null}}, {"type": "Feature", "id": "zone_urba.3130245", "geometry": {"type": "MultiPolygon", "coordinates": [[[[-1.55839025, 43.44934911], [-1.55850063, 43.44932627], [-1.55858351, 43.44933454], [-1.55865476, 43.44936533], [-1.55863665, 43.44938462], [-1.55953811, 43.44976568], [-1.55994342, 43.44997967], [-1.55941349, 43.45014571], [-1.55885968, 43.45030092], [-1.55788255, 43.45057618], [-1.55788942, 43.45049301], [-1.55789752, 43.45039428], [-1.55777255, 43.44946641], [-1.55839025, 43.44934911]]]]}, "geometry_name": "the_geom", "properties": {"gid": 3130245, "gpu_doc_id": "6345e561e148d0d60d85340d4b826649", "gpu_status": "production", "gpu_timestamp": "2025-10-08T08:09:54.942Z", "partition": "DU_64122", "libelle": "IIAUg", "libelong": "IIAUg", "typezone": "AUs", "destdomi": null, "nomfic": "64122_reglement_20250927.pdf#IIAU", "urlfic": "", "insee": null, "datappro": null, "datvalid": "20170923", "idurba": "64122_PLU_20250927", "idzone": null, "lib_idzone": "", "formdomi": null, "destoui": null, "destcdt": null, "destnon": null, "symbole": null}}, {"type": "Feature", "id": "zone_urba.3130305", "geometry": {"type": "MultiPolygon", "coordinates": [[[[-1.55264059, 43.45511991], [-1.55367303, 43.45413715], [-1.55604835, 43.45178184], [-1.55610375, 43.45181228], [-1.5561918, 43.45185973], [-1.55631395, 43.45190322], [-1.55645162, 43.45194818], [-1.55686833, 43.45208475], [-1.55697154, 43.45215297], [-1.55710224, 43.45240246], [-1.55763749, 43.45246418], [-1.55765099, 43.45246211], [-1.55819293, 43.45235167], [-1.55811088, 43.45209959], [-1.55840643, 43.45208231], [-1.55839045, 43.45201732], [-1.55827765, 43.45202286], [-1.55773938, 43.45202929], [-1.5574268, 43.45177338], [-1.55780917, 43.45161267], [-1.55813471, 43.45143834], [-1.55847188, 43.45121828], [-1.55842714, 43.45119825], [-1.558385, 43.4511513], [-1.55861607, 43.45088257], [-1.5587742, 43.45077913], [-1.55905228, 43.45049011], [-1.55910902, 43.45051915], [-1.55912798, 43.45052896], [-1.55914661, 43.45060395], [-1.55912803, 43.45099565], [-1.55981376, 43.45080235], [-1.56025706, 43.45068077], [-1.5608104, 43.4505389], [-1.56071287, 43.45035293], [-1.56069205, 43.45031973], [-1.56193376, 43.45088456], [-1.56203713, 43.45093167], [-1.56225079, 43.45100596], [-1.5622629, 43.45103054], [-1.5622808, 43.45106652], [-1.56240898, 43.45132503], [-1.56269885, 43.45190986], [-1.56270176, 43.4519157], [-1.56286852, 43.45225182], [-1.56261914, 43.45228748], [-1.56249052, 43.45232494], [-1.56236165, 43.45236231], [-1.56213583, 43.45245852], [-1.56205691, 43.45248201], [-1.56185685, 43.4525735], [-1.56182083, 43.45259161], [-1.56173367, 43.4526358], [-1.56177045, 43.45267428], [-1.56175104, 43.45268812], [-1.56161629, 43.45278567], [-1.56161977, 43.4528124], [-1.56119476, 43.45291892], [-1.56119176, 43.45307564], [-1.56117297, 43.45307303], [-1.56115845, 43.45304927], [-1.56099257, 43.45294045], [-1.56072235, 43.452969], [-1.5603399, 43.45307059], [-1.56042203, 43.45327413], [-1.56029491, 43.45329349], [-1.56005284, 43.45334445], [-1.55998253, 43.45336067], [-1.55992704, 43.45337323], [-1.55985388, 43.45338938], [-1.55979761, 43.45340143], [-1.55973195, 43.4534153], [-1.55967852, 43.45342553], [-1.55965029, 43.45343034], [-1.55961263, 43.45343634], [-1.55956315, 43.45344317], [-1.55945475, 43.45345485], [-1.55941626, 43.4534597], [-1.5593854, 43.45346408], [-1.55932227, 43.4534737], [-1.55927398, 43.45348156], [-1.55921093, 43.45349226], [-1.55914318, 43.45350459], [-1.55907733, 43.45351765], [-1.55899903, 43.45353463], [-1.55896545, 43.45354227], [-1.55890018, 43.45355811], [-1.55885232, 43.45357001], [-1.55881117, 43.45358083], [-1.55883346, 43.45365567], [-1.55886299, 43.45377124], [-1.55883316, 43.45391728], [-1.55876163, 43.45390884], [-1.55872976, 43.45389622], [-1.55861471, 43.45391484], [-1.55852369, 43.45394206], [-1.55843918, 43.4539372], [-1.55836498, 43.453956], [-1.55824854, 43.4539826], [-1.55811733, 43.4540152], [-1.55803108, 43.45404007], [-1.55795447, 43.45407961], [-1.55791813, 43.45412665], [-1.55788944, 43.45414681], [-1.55786766, 43.45416012], [-1.55780193, 43.45418795], [-1.55777171, 43.45420087], [-1.55759895, 43.45426711], [-1.55741694, 43.45431541], [-1.55731008, 43.45434434], [-1.55717636, 43.4543664], [-1.55708606, 43.45438503], [-1.5569121, 43.45443031], [-1.55680041, 43.45447574], [-1.55677197, 43.45444451], [-1.55668152, 43.45448108], [-1.55657522, 43.45452575], [-1.55650822, 43.45453336], [-1.55647433, 43.45459663], [-1.55645083, 43.45463488], [-1.55639047, 43.45466855], [-1.55626392, 43.45470889], [-1.55622302, 43.45473124], [-1.55611019, 43.45478799], [-1.55601127, 43.45482553], [-1.55594635, 43.45472804], [-1.55590311, 43.45465662], [-1.55585168, 43.45467814], [-1.55571805, 43.45474139], [-1.55560147, 43.45478936], [-1.55537159, 43.45487444], [-1.55527487, 43.45490666], [-1.55501409, 43.45499567], [-1.55479353, 43.45507966], [-1.55465382, 43.45511935], [-1.55460493, 43.45514751], [-1.55401287, 43.45548868], [-1.55388015, 43.45559903], [-1.55377629, 43.45570311], [-1.55373124, 43.45573139], [-1.55369377, 43.45574333], [-1.55355993, 43.45585697], [-1.55350939, 43.45592775], [-1.5533991, 43.45604029], [-1.55306754, 43.45639847], [-1.55295119, 43.45649447], [-1.55272022, 43.45664819], [-1.55244261, 43.45681538], [-1.55211823, 43.4570175], [-1.55181147, 43.45721207], [-1.55174708, 43.45725635], [-1.55133424, 43.45754022], [-1.55110681, 43.45767693], [-1.55062406, 43.45795761], [-1.55036571, 43.45809446], [-1.55000699, 43.45826106], [-1.54993269, 43.45829194], [-1.54980948, 43.45834747], [-1.54969989, 43.45839128], [-1.54965446, 43.45841101], [-1.54945804, 43.45849052], [-1.54926579, 43.45856194], [-1.5492181, 43.45841941], [-1.54919076, 43.45833902], [-1.5494646, 43.45822851], [-1.54981979, 43.45792517], [-1.55001062, 43.4578294], [-1.55120677, 43.45655953], [-1.55264059, 43.45511991]]]]}, "geometry_name": "the_geom", "properties": {"gid": 3130305, "gpu_doc_id": "6345e561e148d0d60d85340d4b826649", "gpu_status": "production", "gpu_timestamp": "2025-10-08T08:09:54.942Z", "partition": "DU_64122", "libelle": "Ncu", "libelong": "Ncu", "typezone": "N", "destdomi": null, "nomfic": "64122_reglement_20250927.pdf#Ncu", "urlfic": "", "insee": null, "datappro": null, "datvalid": "20170923", "idurba": "64122_PLU_20250927", "idzone": null, "lib_idzone": "", "formdomi": null, "destoui": null, "destcdt": null, "destnon": null, "symbole": null}}, {"type": "Feature", "id": "zone_urba.3130309", "geometry": {"type": "MultiPolygon", "coordinates": [[[[-1.55788255, 43.45057618], [-1.55885968, 43.45030092], [-1.55941349, 43.45014571], [-1.55994342, 43.44997967], [-1.55994345, 43.44997969], [-1.56008647, 43.45004416], [-1.56019893, 43.45009542], [-1.56069205, 43.45031973], [-1.56071287, 43.45035293], [-1.5608104, 43.4505389], [-1.56025706, 43.45068077], [-1.55981376, 43.45080235], [-1.55912803, 43.45099565], [-1.55914661, 43.45060395], [-1.55912798, 43.45052896], [-1.55910902, 43.45051915], [-1.55905228, 43.45049011], [-1.5587742, 43.45077913], [-1.55861607, 43.45088257], [-1.558385, 43.4511513], [-1.55832459, 43.45108404], [-1.55802664, 43.4507521], [-1.55790878, 43.45062001], [-1.55786517, 43.45058108], [-1.55788255, 43.45057618]]]]}, "geometry_name": "the_geom", "properties": {"gid": 3130309, "gpu_doc_id": "6345e561e148d0d60d85340d4b826649", "gpu_status": "production", "gpu_timestamp": "2025-10-08T08:09:54.942Z", "partition": "DU_64122", "libelle": "Nh", "libelong": "Nh", "typezone": "N", "destdomi": null, "nomfic": "64122_reglement_20250927.pdf#N", "urlfic": "", "insee": null, "datappro": null, "datvalid": "20170923", "idurba": "64122_PLU_20250927", "idzone": null, "lib_idzone": "", "formdomi": null, "destoui": null, "destcdt": null, "destnon": null, "symbole": null}}, {"type": "Feature", "id": "zone_urba.3130311", "geometry": {"type": "MultiPolygon", "coordinates": [[[[-1.55539271, 43.45828866], [-1.55477966, 43.45798821], [-1.55456195, 43.45785875], [-1.55424029, 43.45760353], [-1.55399548, 43.45743985], [-1.55377748, 43.45729539], [-1.55371535, 43.45725477], [-1.55364578, 43.45732366], [-1.55334154, 43.45761181], [-1.55326725, 43.45766603], [-1.55327267, 43.45769566], [-1.55318358, 43.45771021], [-1.55310019, 43.45770922], [-1.55298464, 43.45765191], [-1.5529212, 43.45762044], [-1.55294718, 43.45758547], [-1.55295977, 43.45755856], [-1.55294042, 43.45748468], [-1.5529009, 43.45736617], [-1.55289819, 43.45735799], [-1.55285518, 43.45729111], [-1.55289298, 43.45727643], [-1.5529516, 43.45725209], [-1.55302385, 43.45731733], [-1.55329483, 43.45716183], [-1.55334559, 43.45689478], [-1.55324576, 43.45668536], [-1.55331078, 43.45650372], [-1.55333427, 43.45651385], [-1.55349137, 43.45637497], [-1.55349816, 43.45636842], [-1.55347382, 43.4563523], [-1.55350871, 43.45631078], [-1.55337277, 43.45623], [-1.55344431, 43.4561638], [-1.55351676, 43.45608981], [-1.55358232, 43.45602133], [-1.55412822, 43.45631958], [-1.55414069, 43.45626933], [-1.55416799, 43.45621552], [-1.55437881, 43.45603059], [-1.55448233, 43.45596844], [-1.554633, 43.45586152], [-1.55472125, 43.45575879], [-1.55485054, 43.45572699], [-1.55499932, 43.45569262], [-1.55503537, 43.45570147], [-1.55517592, 43.45562137], [-1.55514276, 43.45556003], [-1.55520493, 43.45548428], [-1.55524164, 43.45546219], [-1.55525559, 43.45540863], [-1.55532908, 43.45534524], [-1.55536756, 43.45531703], [-1.55540543, 43.45529706], [-1.55539886, 43.45529037], [-1.55540599, 43.45528477], [-1.55541895, 43.45527768], [-1.55543434, 43.45526823], [-1.55544678, 43.45525756], [-1.5554504, 43.45524633], [-1.55546184, 43.45523551], [-1.55550382, 43.45520771], [-1.55551653, 43.45520225], [-1.55553071, 43.45520159], [-1.55554106, 43.45520082], [-1.55555559, 43.45519169], [-1.55558345, 43.45516697], [-1.55559438, 43.45515418], [-1.55559759, 43.45513756], [-1.55573484, 43.45502658], [-1.55574675, 43.45503196], [-1.55580125, 43.45500114], [-1.55578821, 43.45499048], [-1.55589158, 43.45491806], [-1.55591268, 43.4549056], [-1.55598489, 43.45486497], [-1.55601127, 43.45482553], [-1.55611019, 43.45478799], [-1.55622302, 43.45473124], [-1.55626392, 43.45470889], [-1.55639047, 43.45466855], [-1.55645083, 43.45463488], [-1.55647433, 43.45459663], [-1.55650822, 43.45453336], [-1.55657522, 43.45452575], [-1.55668152, 43.45448108], [-1.55677197, 43.45444451], [-1.55680041, 43.45447574], [-1.5569121, 43.45443031], [-1.55708606, 43.45438503], [-1.55717636, 43.4543664], [-1.55731008, 43.45434434], [-1.55741694, 43.45431541], [-1.55759895, 43.45426711], [-1.55777171, 43.45420087], [-1.55780193, 43.45418795], [-1.55786766, 43.45416012], [-1.55788944, 43.45414681], [-1.55791813, 43.45412665], [-1.55795447, 43.45407961], [-1.55803108, 43.45404007], [-1.55811733, 43.4540152], [-1.55824854, 43.4539826], [-1.55836498, 43.453956], [-1.55843918, 43.4539372], [-1.55852369, 43.45394206], [-1.55861471, 43.45391484], [-1.55872976, 43.45389622], [-1.55876163, 43.45390884], [-1.55883316, 43.45391728], [-1.55890096, 43.45392533], [-1.55891401, 43.45393274], [-1.5589278, 43.45394013], [-1.55894347, 43.4539478], [-1.55895834, 43.45395478], [-1.558972, 43.45396037], [-1.55899063, 43.45396631], [-1.55900541, 43.45397041], [-1.55902639, 43.45397616], [-1.55905125, 43.45398275], [-1.55908024, 43.4539898], [-1.55910083, 43.45399377], [-1.55912201, 43.45399744], [-1.5591383, 43.45400013], [-1.55915507, 43.45400262], [-1.55919103, 43.45400697], [-1.5592223, 43.45400978], [-1.55925477, 43.4540121], [-1.55926608, 43.45401274], [-1.55928966, 43.4540137], [-1.55933099, 43.45401369], [-1.5593617, 43.45401409], [-1.55938017, 43.45401453], [-1.55940897, 43.45401574], [-1.55944606, 43.45401869], [-1.55947638, 43.45402209], [-1.5595118, 43.45402735], [-1.55955127, 43.45403391], [-1.55958795, 43.45403795], [-1.55961572, 43.45404037], [-1.55964279, 43.45404155], [-1.5596281, 43.4539857], [-1.56003149, 43.45392088], [-1.56047332, 43.45422061], [-1.56062459, 43.45419813], [-1.56126634, 43.45410231], [-1.56151868, 43.45406465], [-1.56177173, 43.45402659], [-1.56185078, 43.45401463], [-1.56218472, 43.45396436], [-1.56212865, 43.45388626], [-1.56226581, 43.4538307], [-1.56257618, 43.45370501], [-1.5629078, 43.45357072], [-1.56289013, 43.4531682], [-1.56323179, 43.45317828], [-1.56330555, 43.45317518], [-1.5633163, 43.45321298], [-1.56335529, 43.4533508], [-1.56345206, 43.45343215], [-1.56346205, 43.45349134], [-1.56353618, 43.45356449], [-1.56362041, 43.45364354], [-1.56365509, 43.45366218], [-1.56434133, 43.45471945], [-1.56434999, 43.45473272], [-1.56496401, 43.45560453], [-1.56501648, 43.45561948], [-1.56506178, 43.45560137], [-1.56516303, 43.45556698], [-1.56530165, 43.4555458], [-1.56542656, 43.45553824], [-1.56549084, 43.45552568], [-1.56555264, 43.45550493], [-1.56560212, 43.45552948], [-1.56562553, 43.45554649], [-1.56565556, 43.45556901], [-1.56568472, 43.45560166], [-1.56571116, 43.45563414], [-1.56572208, 43.45564453], [-1.56573473, 43.45566639], [-1.56575198, 43.45570518], [-1.56577311, 43.45574464], [-1.56579244, 43.45577146], [-1.56581913, 43.45580412], [-1.56582599, 43.45581962], [-1.56583589, 43.45584627], [-1.56584003, 43.45586846], [-1.5658426, 43.45588305], [-1.56586261, 43.45591733], [-1.56587934, 43.45593758], [-1.56589847, 43.45595845], [-1.56592578, 43.45599442], [-1.56595106, 43.45603137], [-1.56600224, 43.45609964], [-1.56599204, 43.45610114], [-1.56540651, 43.45618286], [-1.56531395, 43.45616193], [-1.56524436, 43.45614528], [-1.56520559, 43.45613581], [-1.5651059, 43.45609922], [-1.56500515, 43.45606196], [-1.5648764, 43.45603505], [-1.56483109, 43.45604308], [-1.56466965, 43.45607225], [-1.56446132, 43.45611705], [-1.56417345, 43.45621015], [-1.56402778, 43.45626101], [-1.56370297, 43.45636547], [-1.56343923, 43.45645256], [-1.56324415, 43.45652999], [-1.56307546, 43.45661011], [-1.5629254, 43.45669256], [-1.56284396, 43.45676903], [-1.56275004, 43.45683187], [-1.56261784, 43.45688587], [-1.56251701, 43.45690655], [-1.56242204, 43.45690558], [-1.56225136, 43.45689196], [-1.56212744, 43.45684721], [-1.56188145, 43.45680119], [-1.56166572, 43.45674361], [-1.56108462, 43.4566207], [-1.56100355, 43.4566044], [-1.56084885, 43.45660477], [-1.56068828, 43.45662682], [-1.56035392, 43.45672365], [-1.56002474, 43.45681764], [-1.55960063, 43.45696507], [-1.55920354, 43.45712737], [-1.55901119, 43.45722905], [-1.55884509, 43.45733197], [-1.55868346, 43.45745185], [-1.55854691, 43.457575], [-1.55836226, 43.45770092], [-1.55828882, 43.45775098], [-1.55801728, 43.45787696], [-1.55765451, 43.4580565], [-1.55727018, 43.45811303], [-1.5569516, 43.45813777], [-1.55652048, 43.45816649], [-1.55644334, 43.45814781], [-1.55640791, 43.45813896], [-1.55637066, 43.45815013], [-1.55631317, 43.45816816], [-1.55631359, 43.45820503], [-1.55599254, 43.4582168], [-1.55572929, 43.45825639], [-1.5555784, 43.45827909], [-1.55539271, 43.45828866]]]]}, "geometry_name": "the_geom", "properties": {"gid": 3130311, "gpu_doc_id": "6345e561e148d0d60d85340d4b826649", "gpu_status": "production", "gpu_timestamp": "2025-10-08T08:09:54.942Z", "partition": "DU_64122", "libelle": "Ner", "libelong": "Ner", "typezone": "N", "destdomi": null, "nomfic": "64122_reglement_20250927.pdf#Ner", "urlfic": "", "insee": null, "datappro": null, "datvalid": "20170923", "idurba": "64122_PLU_20250927", "idzone": null, "lib_idzone": "", "formdomi": null, "destoui": null, "destcdt": null, "destnon": null, "symbole": null}}, {"type": "Feature", "id": "zone_urba.3130394", "geometry": {"type": "MultiPolygon", "coordinates": [[[[-1.56047332, 43.45422061], [-1.56003149, 43.45392088], [-1.5596281, 43.4539857], [-1.55964279, 43.45404155], [-1.55961572, 43.45404037], [-1.55958795, 43.45403795], [-1.55955127, 43.45403391], [-1.5595118, 43.45402735], [-1.55947638, 43.45402209], [-1.55944606, 43.45401869], [-1.55940897, 43.45401574], [-1.55938017, 43.45401453], [-1.5593617, 43.45401409], [-1.55933099, 43.45401369], [-1.55928966, 43.4540137], [-1.55926608, 43.45401274], [-1.55925477, 43.4540121], [-1.5592223, 43.45400978], [-1.55919103, 43.45400697], [-1.55915507, 43.45400262], [-1.5591383, 43.45400013], [-1.55912201, 43.45399744], [-1.55910083, 43.45399377], [-1.55908024, 43.4539898], [-1.55905125, 43.45398275], [-1.55902639, 43.45397616], [-1.55900541, 43.45397041], [-1.55899063, 43.45396631], [-1.558972, 43.45396037], [-1.55895834, 43.45395478], [-1.55894347, 43.4539478], [-1.5589278, 43.45394013], [-1.55891401, 43.45393274], [-1.55890096, 43.45392533], [-1.55883316, 43.45391728], [-1.55886299, 43.45377124], [-1.55883346, 43.45365567], [-1.55881117, 43.45358083], [-1.55885232, 43.45357001], [-1.55890018, 43.45355811], [-1.55896545, 43.45354227], [-1.55899903, 43.45353463], [-1.55907733, 43.45351765], [-1.55914318, 43.45350459], [-1.55921093, 43.45349226], [-1.55927398, 43.45348156], [-1.55932227, 43.4534737], [-1.5593854, 43.45346408], [-1.55941626, 43.4534597], [-1.55945475, 43.45345485], [-1.55956315, 43.45344317], [-1.55961263, 43.45343634], [-1.55965029, 43.45343034], [-1.55967852, 43.45342553], [-1.55973195, 43.4534153], [-1.55979761, 43.45340143], [-1.55985388, 43.45338938], [-1.55992704, 43.45337323], [-1.55998253, 43.45336067], [-1.56005284, 43.45334445], [-1.56029491, 43.45329349], [-1.56042203, 43.45327413], [-1.5603399, 43.45307059], [-1.56072235, 43.452969], [-1.56099257, 43.45294045], [-1.56115845, 43.45304927], [-1.56117297, 43.45307303], [-1.56119176, 43.45307564], [-1.56119476, 43.45291892], [-1.56161977, 43.4528124], [-1.56161629, 43.45278567], [-1.56175104, 43.45268812], [-1.56177045, 43.45267428], [-1.56173367, 43.4526358], [-1.56182083, 43.45259161], [-1.56185685, 43.4525735], [-1.56205691, 43.45248201], [-1.56213583, 43.45245852], [-1.56236165, 43.45236231], [-1.56249052, 43.45232494], [-1.56261914, 43.45228748], [-1.56286852, 43.45225182], [-1.56318306, 43.45287183], [-1.56329159, 43.45308595], [-1.56330555, 43.45317518], [-1.56323179, 43.45317828], [-1.56289013, 43.4531682], [-1.5629078, 43.45357072], [-1.56257618, 43.45370501], [-1.56226581, 43.4538307], [-1.56212865, 43.45388626], [-1.56218472, 43.45396436], [-1.56185078, 43.45401463], [-1.56177173, 43.45402659], [-1.56151868, 43.45406465], [-1.56126634, 43.45410231], [-1.56062459, 43.45419813], [-1.56047332, 43.45422061]]]]}, "geometry_name": "the_geom", "properties": {"gid": 3130394, "gpu_doc_id": "6345e561e148d0d60d85340d4b826649", "gpu_status": "production", "gpu_timestamp": "2025-10-08T08:09:54.942Z", "partition": "DU_64122", "libelle": "UDa", "libelong": "UDa", "typezone": "U", "destdomi": null, "nomfic": "64122_reglement_20250927.pdf#UD", "urlfic": "", "insee": null, "datappro": null, "datvalid": "20170923", "idurba": "64122_PLU_20250927", "idzone": null, "lib_idzone": "", "formdomi": null, "destoui": null, "destcdt": null, "destnon": null, "symbole": null}}, {"type": "Feature", "id": "zone_urba.3130260", "geometry": {"type": "MultiPolygon", "coordinates": [[[[-1.5467689, 43.45316549], [-1.54762386, 43.45240088], [-1.547655, 43.45244945], [-1.54783899, 43.45274057], [-1.54778689, 43.45311817], [-1.54762979, 43.45324508], [-1.54741475, 43.45341997], [-1.54732068, 43.45350292], [-1.54697684, 43.45347493], [-1.54667147, 43.45338255], [-1.54661648, 43.45330442], [-1.5467689, 43.45316549]]]]}, "geometry_name": "the_geom", "properties": {"gid": 3130260, "gpu_doc_id": "6345e561e148d0d60d85340d4b826649", "gpu_status": "production", "gpu_timestamp": "2025-10-08T08:09:54.942Z", "partition": "DU_64122", "libelle": "Nh", "libelong": "Nh", "typezone": "N", "destdomi": null, "nomfic": "64122_reglement_20250927.pdf#N", "urlfic": "", "insee": null, "datappro": null, "datvalid": "20170923", "idurba": "64122_PLU_20250927", "idzone": null, "lib_idzone": "", "formdomi": null, "destoui": null, "destcdt": null, "destnon": null, "symbole": null}}, {"type": "Feature", "id": "zone_urba.3130233", "geometry": {"type": "MultiPolygon", "coordinates": [[[[-1.5559729, 43.45142451], [-1.555702, 43.45098541], [-1.55455761, 43.45126819], [-1.55436063, 43.45080632], [-1.55386302, 43.4506658], [-1.55382826, 43.45064679], [-1.55344394, 43.45049146], [-1.55323992, 43.45041008], [-1.55272854, 43.45020194], [-1.55266267, 43.45017581], [-1.55253475, 43.45012411], [-1.55151523, 43.44971135], [-1.54960567, 43.44893864], [-1.54954284, 43.44889252], [-1.54948849, 43.44889702], [-1.54943538, 43.44890164], [-1.54933761, 43.44889631], [-1.54920408, 43.44889257], [-1.54894169, 43.44889815], [-1.54879943, 43.44891179], [-1.54867494, 43.4489049], [-1.54847718, 43.44892262], [-1.54821069, 43.44889141], [-1.54804704, 43.44887858], [-1.54787236, 43.44886898], [-1.54774285, 43.44886616], [-1.54766143, 43.44886441], [-1.54766201, 43.44860928], [-1.54766232, 43.44849237], [-1.54709892, 43.44838727], [-1.54673476, 43.44840592], [-1.54654799, 43.44841491], [-1.54657489, 43.44829315], [-1.54495376, 43.44800347], [-1.54476376, 43.44802116], [-1.5447077, 43.44802265], [-1.54458742, 43.44802578], [-1.54445049, 43.44803118], [-1.54447048, 43.44788459], [-1.54433075, 43.44785839], [-1.54381867, 43.44776272], [-1.54373357, 43.44774613], [-1.54331188, 43.4477635], [-1.54232585, 43.4478058], [-1.54132949, 43.44813207], [-1.54066163, 43.44834994], [-1.54016414, 43.4478885], [-1.53995133, 43.44788411], [-1.53993022, 43.44788391], [-1.53990057, 43.4476846], [-1.53989263, 43.447631], [-1.54115138, 43.44761889], [-1.54149584, 43.44761567], [-1.54198124, 43.44760771], [-1.54219393, 43.44760428], [-1.54236079, 43.44760212], [-1.54326308, 43.44759313], [-1.54328063, 43.44759298], [-1.54438643, 43.44758199], [-1.54446075, 43.4475833], [-1.54453968, 43.44758145], [-1.54477466, 43.44758011], [-1.54747757, 43.44756502], [-1.54896117, 43.44755665], [-1.549233, 43.44755512], [-1.54979802, 43.44757292], [-1.55113196, 43.44761496], [-1.55186018, 43.44763784], [-1.5537811, 43.44787959], [-1.55400126, 43.44791343], [-1.55496671, 43.44806132], [-1.55570141, 43.44817434], [-1.55575143, 43.44817804], [-1.55608744, 43.44820252], [-1.55637004, 43.44832206], [-1.55724843, 43.44871604], [-1.55722763, 43.44873264], [-1.55761222, 43.44890573], [-1.55813685, 43.44914153], [-1.55858351, 43.44933454], [-1.55850063, 43.44932627], [-1.55839025, 43.44934911], [-1.55777255, 43.44946641], [-1.5575211, 43.44951421], [-1.5572787, 43.44945764], [-1.5572286, 43.4494213], [-1.55707181, 43.44930635], [-1.55644431, 43.44937697], [-1.55630969, 43.44939194], [-1.55534943, 43.44964113], [-1.55535372, 43.4496589], [-1.55547945, 43.45019056], [-1.55548111, 43.4501978], [-1.55550001, 43.45027719], [-1.55552738, 43.45039221], [-1.55613002, 43.45052911], [-1.55638968, 43.45055319], [-1.55658803, 43.45057166], [-1.55675212, 43.45058689], [-1.55698646, 43.4505751], [-1.55706103, 43.45075224], [-1.5571119, 43.45087164], [-1.55675392, 43.451118], [-1.55604835, 43.45178184], [-1.55595533, 43.45173412], [-1.55586401, 43.45168634], [-1.5558898, 43.45165758], [-1.55592698, 43.45160365], [-1.55595456, 43.45155027], [-1.55599989, 43.45145951], [-1.5559729, 43.45142451]]]]}, "geometry_name": "the_geom", "properties": {"gid": 3130233, "gpu_doc_id": "6345e561e148d0d60d85340d4b826649", "gpu_status": "production", "gpu_timestamp": "2025-10-08T08:09:54.942Z", "partition": "DU_64122", "libelle": "Nr", "libelong": "Nr", "typezone": "N", "destdomi": null, "nomfic": "64122_reglement_20250927.pdf#N", "urlfic": "", "insee": null, "datappro": null, "datvalid": "20170923", "idurba": "64122_PLU_20250927", "idzone": null, "lib_idzone": "", "formdomi": null, "destoui": null, "destcdt": null, "destnon": null, "symbole": null}}, {"type": "Feature", "id": "zone_urba.3130281", "geometry": {"type": "MultiPolygon", "coordinates": [[[[-1.54010054, 43.45341413], [-1.54021507, 43.4527869], [-1.54022184, 43.45274976], [-1.54022561, 43.45272879], [-1.54029747, 43.45233509], [-1.54030136, 43.4523143], [-1.54037364, 43.45191788], [-1.54046301, 43.45142857], [-1.5404727, 43.45137572], [-1.54049053, 43.45127748], [-1.54048842, 43.45126242], [-1.54043812, 43.45101497], [-1.54023193, 43.44975955], [-1.53998676, 43.44826398], [-1.53993022, 43.44788391], [-1.53995133, 43.44788411], [-1.54016414, 43.4478885], [-1.54066163, 43.44834994], [-1.54099038, 43.44865488], [-1.54067372, 43.4491866], [-1.54066173, 43.44929515], [-1.54072061, 43.44936522], [-1.54086771, 43.44939621], [-1.54103635, 43.4494428], [-1.54129201, 43.44951344], [-1.54142199, 43.4495339], [-1.54143184, 43.44955432], [-1.54148602, 43.4497523], [-1.54154648, 43.44984836], [-1.54162554, 43.44996161], [-1.5417927, 43.45014649], [-1.54189751, 43.45034654], [-1.54188163, 43.45066582], [-1.54175829, 43.45108914], [-1.54143411, 43.45108082], [-1.54119935, 43.45112848], [-1.54125842, 43.45128598], [-1.54128652, 43.45145271], [-1.54229488, 43.45142847], [-1.54223348, 43.45206271], [-1.54249501, 43.45241343], [-1.54260624, 43.45241165], [-1.54353257, 43.4523973], [-1.54351342, 43.45243429], [-1.54334888, 43.45275106], [-1.54329432, 43.45285607], [-1.54328292, 43.45290484], [-1.54321665, 43.4528932], [-1.54313902, 43.45294422], [-1.54300653, 43.4530395], [-1.54285192, 43.4531636], [-1.54269632, 43.45327772], [-1.54264858, 43.45330476], [-1.5426158, 43.45332309], [-1.54260133, 43.4533315], [-1.54258778, 43.45334069], [-1.5422934, 43.45354548], [-1.54224252, 43.45358678], [-1.5422286, 43.45359933], [-1.54217791, 43.45363819], [-1.54210644, 43.45368879], [-1.54198524, 43.45375622], [-1.54188012, 43.453802], [-1.54187144, 43.45380677], [-1.54181196, 43.45383895], [-1.54167398, 43.45391046], [-1.54143883, 43.45402475], [-1.54133032, 43.45406815], [-1.54123241, 43.45409283], [-1.54113722, 43.4541056], [-1.54103584, 43.45410842], [-1.54086348, 43.45411017], [-1.5407946, 43.45410739], [-1.54073341, 43.45410484], [-1.54043507, 43.45407811], [-1.54041104, 43.45407617], [-1.54026274, 43.45406209], [-1.54010949, 43.45404785], [-1.53994091, 43.45403061], [-1.54001032, 43.45389211], [-1.54003601, 43.45376985], [-1.54010054, 43.45341413]]]]}, "geometry_name": "the_geom", "properties": {"gid": 3130281, "gpu_doc_id": "6345e561e148d0d60d85340d4b826649", "gpu_status": "production", "gpu_timestamp": "2025-10-08T08:09:54.942Z", "partition": "DU_64122", "libelle": "Nh", "libelong": "Nh", "typezone": "N", "destdomi": null, "nomfic": "64122_reglement_20250927.pdf#N", "urlfic": "", "insee": null, "datappro": null, "datvalid": "20170923", "idurba": "64122_PLU_20250927", "idzone": null, "lib_idzone": "", "formdomi": null, "destoui": null, "destcdt": null, "destnon": null, "symbole": null}}, {"type": "Feature", "id": "zone_urba.3130300", "geometry": {"type": "MultiPolygon", "coordinates": [[[[-1.54223348, 43.45206271], [-1.54229488, 43.45142847], [-1.54128652, 43.45145271], [-1.54125842, 43.45128598], [-1.54119935, 43.45112848], [-1.54143411, 43.45108082], [-1.54175829, 43.45108914], [-1.54188163, 43.45066582], [-1.54189751, 43.45034654], [-1.5417927, 43.45014649], [-1.54162554, 43.44996161], [-1.54154648, 43.44984836], [-1.54148602, 43.4497523], [-1.54143184, 43.44955432], [-1.54142199, 43.4495339], [-1.54129201, 43.44951344], [-1.54103635, 43.4494428], [-1.54086771, 43.44939621], [-1.54072061, 43.44936522], [-1.54066173, 43.44929515], [-1.54067372, 43.4491866], [-1.54099038, 43.44865488], [-1.54066163, 43.44834994], [-1.54132949, 43.44813207], [-1.54232585, 43.4478058], [-1.54331188, 43.4477635], [-1.54373357, 43.44774613], [-1.54381867, 43.44776272], [-1.54433075, 43.44785839], [-1.54447048, 43.44788459], [-1.54445049, 43.44803118], [-1.54428717, 43.44807832], [-1.54421481, 43.44809936], [-1.54400699, 43.44806669], [-1.5437985, 43.44807466], [-1.54357814, 43.44813834], [-1.5433762, 43.44817141], [-1.54334368, 43.44816485], [-1.54306405, 43.44813884], [-1.5427627, 43.44812401], [-1.54264574, 43.44813619], [-1.54255962, 43.44815852], [-1.54274291, 43.44848473], [-1.54299092, 43.44892612], [-1.54282375, 43.44938128], [-1.54243441, 43.44952375], [-1.54250127, 43.44971633], [-1.54256386, 43.4497327], [-1.54261191, 43.44974658], [-1.54262766, 43.44975551], [-1.54264512, 43.44978394], [-1.5426696, 43.449812], [-1.54271475, 43.4498635], [-1.54275273, 43.4499068], [-1.54278563, 43.44995653], [-1.54279072, 43.44998346], [-1.54279062, 43.45002205], [-1.54278556, 43.45004381], [-1.54278172, 43.45006044], [-1.54275988, 43.45012125], [-1.54273762, 43.4501763], [-1.54272053, 43.45021105], [-1.54270585, 43.45024002], [-1.54269722, 43.45024875], [-1.5426843, 43.45025809], [-1.54267818, 43.4502623], [-1.54386684, 43.45025182], [-1.5438417, 43.45062771], [-1.54375091, 43.45113544], [-1.54397303, 43.45112783], [-1.54417136, 43.45113429], [-1.54420518, 43.4511356], [-1.54414885, 43.45141519], [-1.54408129, 43.45140273], [-1.5437736, 43.45195104], [-1.54368981, 43.45210047], [-1.54353257, 43.4523973], [-1.54260624, 43.45241165], [-1.54249501, 43.45241343], [-1.54223348, 43.45206271]]]]}, "geometry_name": "the_geom", "properties": {"gid": 3130300, "gpu_doc_id": "6345e561e148d0d60d85340d4b826649", "gpu_status": "production", "gpu_timestamp": "2025-10-08T08:09:54.942Z", "partition": "DU_64122", "libelle": "Ncu", "libelong": "Ncu", "typezone": "N", "destdomi": null, "nomfic": "64122_reglement_20250927.pdf#Ncu", "urlfic": "", "insee": null, "datappro": null, "datvalid": "20170923", "idurba": "64122_PLU_20250927", "idzone": null, "lib_idzone": "", "formdomi": null, "destoui": null, "destcdt": null, "destnon": null, "symbole": null}}, {"type": "Feature", "id": "zone_urba.3130307", "geometry": {"type": "MultiPolygon", "coordinates": [[[[-1.55076029, 43.45118269], [-1.55068427, 43.45102329], [-1.5503936, 43.45068102], [-1.55010874, 43.45053479], [-1.55006872, 43.45051898], [-1.55004158, 43.4505068], [-1.55003142, 43.45050008], [-1.54998642, 43.45046895], [-1.54986661, 43.45039021], [-1.54979867, 43.45035855], [-1.54974128, 43.4503189], [-1.54967634, 43.45028585], [-1.54963127, 43.45025716], [-1.54958589, 43.45023101], [-1.5495128, 43.45019153], [-1.54946629, 43.45016678], [-1.54923576, 43.45003344], [-1.54905177, 43.45000242], [-1.54901815, 43.44998485], [-1.54900143, 43.45000881], [-1.54898845, 43.45002401], [-1.54894423, 43.45001837], [-1.54884486, 43.45001139], [-1.54795788, 43.44999214], [-1.54759594, 43.44998182], [-1.54737049, 43.44997504], [-1.54726402, 43.44997581], [-1.54715952, 43.4499799], [-1.54725899, 43.44988154], [-1.54766019, 43.44948655], [-1.54765762, 43.44940706], [-1.54765759, 43.44930321], [-1.54634276, 43.44913435], [-1.54609645, 43.44914253], [-1.54604598, 43.44914455], [-1.54491682, 43.44919313], [-1.54448125, 43.44921707], [-1.54438945, 43.44893319], [-1.54432393, 43.44890706], [-1.54433763, 43.44884837], [-1.54435683, 43.44868888], [-1.54436502, 43.44862094], [-1.54438745, 43.44849151], [-1.54439871, 43.4484066], [-1.54442147, 43.44824335], [-1.54443598, 43.44812235], [-1.54444882, 43.4480454], [-1.54445049, 43.44803118], [-1.54458742, 43.44802578], [-1.5447077, 43.44802265], [-1.54476376, 43.44802116], [-1.54495376, 43.44800347], [-1.54657489, 43.44829315], [-1.54654799, 43.44841491], [-1.54673476, 43.44840592], [-1.54709892, 43.44838727], [-1.54766232, 43.44849237], [-1.54766201, 43.44860928], [-1.54766143, 43.44886441], [-1.54774285, 43.44886616], [-1.54787236, 43.44886898], [-1.54804704, 43.44887858], [-1.54821069, 43.44889141], [-1.54847718, 43.44892262], [-1.54867494, 43.4489049], [-1.54879943, 43.44891179], [-1.54894169, 43.44889815], [-1.54920408, 43.44889257], [-1.54933761, 43.44889631], [-1.54943538, 43.44890164], [-1.54948849, 43.44889702], [-1.54954284, 43.44889252], [-1.54960567, 43.44893864], [-1.55151523, 43.44971135], [-1.55253475, 43.45012411], [-1.55224484, 43.45014724], [-1.5522784, 43.45037029], [-1.55231016, 43.45063072], [-1.55234473, 43.45070709], [-1.5523048, 43.4507547], [-1.55224739, 43.45080581], [-1.55220321, 43.45085278], [-1.55218604, 43.45090005], [-1.55216285, 43.45095859], [-1.55214014, 43.45102447], [-1.55213138, 43.45107145], [-1.55212216, 43.45112024], [-1.55169401, 43.45110994], [-1.55152109, 43.45110578], [-1.55138244, 43.45110152], [-1.5511586, 43.45116301], [-1.55102935, 43.45119424], [-1.55092524, 43.45123761], [-1.55080678, 43.4512895], [-1.55076029, 43.45118269]]]]}, "geometry_name": "the_geom", "properties": {"gid": 3130307, "gpu_doc_id": "6345e561e148d0d60d85340d4b826649", "gpu_status": "production", "gpu_timestamp": "2025-10-08T08:09:54.942Z", "partition": "DU_64122", "libelle": "N", "libelong": "N", "typezone": "N", "destdomi": null, "nomfic": "64122_reglement_20250927.pdf#N", "urlfic": "", "insee": null, "datappro": null, "datvalid": "20170923", "idurba": "64122_PLU_20250927", "idzone": null, "lib_idzone": "", "formdomi": null, "destoui": null, "destcdt": null, "destnon": null, "symbole": null}}, {"type": "Feature", "id": "zone_urba.3130310", "geometry": {"type": "MultiPolygon", "coordinates": [[[[-1.53652488, 43.4588038], [-1.53670766, 43.45856538], [-1.53680062, 43.45844399], [-1.53698548, 43.45820189], [-1.53712761, 43.45801609], [-1.53735586, 43.45771846], [-1.53760303, 43.45739575], [-1.53794143, 43.45700661], [-1.53873026, 43.45610601], [-1.53895146, 43.45563521], [-1.53895976, 43.45563705], [-1.53899924, 43.45557717], [-1.53905752, 43.45548536], [-1.53912323, 43.45538209], [-1.53917895, 43.45529425], [-1.53934372, 43.45503517], [-1.53938858, 43.45496445], [-1.53954248, 43.4547223], [-1.53968801, 43.4544875], [-1.5397669, 43.45436666], [-1.53991524, 43.45413988], [-1.53994091, 43.45403061], [-1.54010949, 43.45404785], [-1.54026274, 43.45406209], [-1.54041104, 43.45407617], [-1.54043507, 43.45407811], [-1.54073341, 43.45410484], [-1.5407946, 43.45410739], [-1.54086348, 43.45411017], [-1.54103584, 43.45410842], [-1.54113722, 43.4541056], [-1.54123241, 43.45409283], [-1.54133032, 43.45406815], [-1.54143883, 43.45402475], [-1.54167398, 43.45391046], [-1.54181196, 43.45383895], [-1.54187144, 43.45380677], [-1.54188012, 43.453802], [-1.54198524, 43.45375622], [-1.54210644, 43.45368879], [-1.54217791, 43.45363819], [-1.5422286, 43.45359933], [-1.54224252, 43.45358678], [-1.5422934, 43.45354548], [-1.54258778, 43.45334069], [-1.54260133, 43.4533315], [-1.5426158, 43.45332309], [-1.54264858, 43.45330476], [-1.54269632, 43.45327772], [-1.54285192, 43.4531636], [-1.54300653, 43.4530395], [-1.54313902, 43.45294422], [-1.54321665, 43.4528932], [-1.54328292, 43.45290484], [-1.54329432, 43.45285607], [-1.54334888, 43.45275106], [-1.54351342, 43.45243429], [-1.54353257, 43.4523973], [-1.54368981, 43.45210047], [-1.5440597, 43.4521095], [-1.54416726, 43.45210328], [-1.54540532, 43.4522642], [-1.5454324, 43.45199774], [-1.54563105, 43.45201172], [-1.54570491, 43.45200941], [-1.54661648, 43.45330442], [-1.54667147, 43.45338255], [-1.54697684, 43.45347493], [-1.54732068, 43.45350292], [-1.54756843, 43.45349819], [-1.54762947, 43.45349379], [-1.54799872, 43.45346723], [-1.54806025, 43.45346273], [-1.54825706, 43.45344865], [-1.54830617, 43.45344508], [-1.54843934, 43.4534355], [-1.54848943, 43.4534319], [-1.5485522, 43.45342735], [-1.54862592, 43.453422], [-1.54881043, 43.45340886], [-1.54887184, 43.45340436], [-1.54911775, 43.45338672], [-1.54930588, 43.45337072], [-1.54936318, 43.45336585], [-1.5496282, 43.45334718], [-1.54981738, 43.45333367], [-1.54997209, 43.45332251], [-1.54998981, 43.45332127], [-1.55002205, 43.45332045], [-1.55007068, 43.45332042], [-1.55062588, 43.45333181], [-1.55067297, 43.45333278], [-1.55037553, 43.45361595], [-1.55099367, 43.45392931], [-1.55111874, 43.45399044], [-1.55100402, 43.45412163], [-1.55090778, 43.45421675], [-1.55087848, 43.45424522], [-1.55092968, 43.45426997], [-1.5518171, 43.45471133], [-1.55252642, 43.45506416], [-1.55264059, 43.45511991], [-1.55120677, 43.45655953], [-1.55001062, 43.4578294], [-1.54981979, 43.45792517], [-1.5494646, 43.45822851], [-1.54919076, 43.45833902], [-1.54908924, 43.4583762], [-1.5489105, 43.45843464], [-1.54883666, 43.45845878], [-1.54868373, 43.45848781], [-1.54858103, 43.45848738], [-1.5485151, 43.45848711], [-1.5481575, 43.45843502], [-1.54767476, 43.45837508], [-1.54736271, 43.45843552], [-1.54735238, 43.45849203], [-1.54722325, 43.45862684], [-1.54683808, 43.45869236], [-1.54473764, 43.45898747], [-1.54382001, 43.45915376], [-1.54381307, 43.45912047], [-1.54381287, 43.45910624], [-1.54380904, 43.45882487], [-1.54380095, 43.4587711], [-1.54329814, 43.45869087], [-1.54317517, 43.45867129], [-1.54302614, 43.45864751], [-1.54278218, 43.45860854], [-1.54271152, 43.45861511], [-1.54256845, 43.45862823], [-1.54229977, 43.45865298], [-1.54196464, 43.45863437], [-1.54157655, 43.45856908], [-1.54146914, 43.45855096], [-1.54106384, 43.45846399], [-1.54106782, 43.45839253], [-1.54082996, 43.45834232], [-1.54061568, 43.45829623], [-1.54061635, 43.45829205], [-1.54064306, 43.45812847], [-1.54024505, 43.45814136], [-1.5400442, 43.45814783], [-1.53989037, 43.45815435], [-1.53981224, 43.45824036], [-1.53979256, 43.45826205], [-1.53973869, 43.45831979], [-1.53973759, 43.45833497], [-1.53971871, 43.45863058], [-1.53940504, 43.45861932], [-1.5390105, 43.45860566], [-1.53900538, 43.45867329], [-1.53899061, 43.45887111], [-1.53897316, 43.45910608], [-1.53895771, 43.45934971], [-1.53895746, 43.4593563], [-1.53895832, 43.45938943], [-1.53830924, 43.4593645], [-1.53753196, 43.45927789], [-1.53626549, 43.45914015], [-1.53630111, 43.4590935], [-1.53645145, 43.45890161], [-1.53652488, 43.4588038]]]]}, "geometry_name": "the_geom", "properties": {"gid": 3130310, "gpu_doc_id": "6345e561e148d0d60d85340d4b826649", "gpu_status": "production", "gpu_timestamp": "2025-10-08T08:09:54.942Z", "partition": "DU_64122", "libelle": "UDa", "libelong": "UDa", "typezone": "U", "destdomi": null, "nomfic": "64122_reglement_20250927.pdf#UD", "urlfic": "", "insee": null, "datappro": null, "datvalid": "20170923", "idurba": "64122_PLU_20250927", "idzone": null, "lib_idzone": "", "formdomi": null, "destoui": null, "destcdt": null, "destnon": null, "symbole": null}}, {"type": "Feature", "id": "zone_urba.3130321", "geometry": {"type": "MultiPolygon", "coordinates": [[[[-1.54732068, 43.45350292], [-1.54741475, 43.45341997], [-1.54762979, 43.45324508], [-1.54778689, 43.45311817], [-1.54783899, 43.45274057], [-1.547655, 43.45244945], [-1.54762386, 43.45240088], [-1.5467689, 43.45316549], [-1.54661648, 43.45330442], [-1.54570491, 43.45200941], [-1.54563105, 43.45201172], [-1.5454324, 43.45199774], [-1.54540532, 43.4522642], [-1.54416726, 43.45210328], [-1.5440597, 43.4521095], [-1.54368981, 43.45210047], [-1.5437736, 43.45195104], [-1.54408129, 43.45140273], [-1.54414885, 43.45141519], [-1.54420518, 43.4511356], [-1.54417136, 43.45113429], [-1.54397303, 43.45112783], [-1.54375091, 43.45113544], [-1.5438417, 43.45062771], [-1.54386684, 43.45025182], [-1.54267818, 43.4502623], [-1.5426843, 43.45025809], [-1.54269722, 43.45024875], [-1.54270585, 43.45024002], [-1.54272053, 43.45021105], [-1.54273762, 43.4501763], [-1.54275988, 43.45012125], [-1.54278172, 43.45006044], [-1.54278556, 43.45004381], [-1.54279062, 43.45002205], [-1.54279072, 43.44998346], [-1.54278563, 43.44995653], [-1.54275273, 43.4499068], [-1.54271475, 43.4498635], [-1.5426696, 43.449812], [-1.54264512, 43.44978394], [-1.54262766, 43.44975551], [-1.54261191, 43.44974658], [-1.54256386, 43.4497327], [-1.54250127, 43.44971633], [-1.54243441, 43.44952375], [-1.54282375, 43.44938128], [-1.54299092, 43.44892612], [-1.54274291, 43.44848473], [-1.54255962, 43.44815852], [-1.54264574, 43.44813619], [-1.5427627, 43.44812401], [-1.54306405, 43.44813884], [-1.54334368, 43.44816485], [-1.5433762, 43.44817141], [-1.54357814, 43.44813834], [-1.5437985, 43.44807466], [-1.54400699, 43.44806669], [-1.54421481, 43.44809936], [-1.54428717, 43.44807832], [-1.54445049, 43.44803118], [-1.54444882, 43.4480454], [-1.54443598, 43.44812235], [-1.54442147, 43.44824335], [-1.54439871, 43.4484066], [-1.54438745, 43.44849151], [-1.54436502, 43.44862094], [-1.54435683, 43.44868888], [-1.54433763, 43.44884837], [-1.54432393, 43.44890706], [-1.54438945, 43.44893319], [-1.54448125, 43.44921707], [-1.54491682, 43.44919313], [-1.54499366, 43.44925645], [-1.54530484, 43.44931809], [-1.54534461, 43.44933049], [-1.54578752, 43.44945463], [-1.54578415, 43.44948238], [-1.54571866, 43.44998281], [-1.54580013, 43.45014852], [-1.54536744, 43.45046965], [-1.5454529, 43.45086535], [-1.54548538, 43.45101272], [-1.54552802, 43.4512135], [-1.54559062, 43.45150129], [-1.54565423, 43.45180095], [-1.54572698, 43.45181917], [-1.54598731, 43.45142966], [-1.54613203, 43.45120932], [-1.54638452, 43.45082751], [-1.54648796, 43.45067108], [-1.54657052, 43.45054676], [-1.54671272, 43.4504107], [-1.54710432, 43.45003449], [-1.54715952, 43.4499799], [-1.54726402, 43.44997581], [-1.54737049, 43.44997504], [-1.54759594, 43.44998182], [-1.54795788, 43.44999214], [-1.54884486, 43.45001139], [-1.54894423, 43.45001837], [-1.54898845, 43.45002401], [-1.54900143, 43.45000881], [-1.54901815, 43.44998485], [-1.54905177, 43.45000242], [-1.54923576, 43.45003344], [-1.54946629, 43.45016678], [-1.5495128, 43.45019153], [-1.54958589, 43.45023101], [-1.54963127, 43.45025716], [-1.54967634, 43.45028585], [-1.54974128, 43.4503189], [-1.54979867, 43.45035855], [-1.54986661, 43.45039021], [-1.54998642, 43.45046895], [-1.55003142, 43.45050008], [-1.55004158, 43.4505068], [-1.55006872, 43.45051898], [-1.55010874, 43.45053479], [-1.5503936, 43.45068102], [-1.55068427, 43.45102329], [-1.55076029, 43.45118269], [-1.55080678, 43.4512895], [-1.55092524, 43.45123761], [-1.55102935, 43.45119424], [-1.5511586, 43.45116301], [-1.55138244, 43.45110152], [-1.55152109, 43.45110578], [-1.55169401, 43.45110994], [-1.55212216, 43.45112024], [-1.55213138, 43.45107145], [-1.55214014, 43.45102447], [-1.55216285, 43.45095859], [-1.55218604, 43.45090005], [-1.55220321, 43.45085278], [-1.55224739, 43.45080581], [-1.5523048, 43.4507547], [-1.55234473, 43.45070709], [-1.55231016, 43.45063072], [-1.5522784, 43.45037029], [-1.55224484, 43.45014724], [-1.55253475, 43.45012411], [-1.55266267, 43.45017581], [-1.55272543, 43.45054038], [-1.55284592, 43.45058238], [-1.55267917, 43.45076697], [-1.55262205, 43.45089584], [-1.55260539, 43.451202], [-1.55261162, 43.45131894], [-1.55259357, 43.45149972], [-1.55256678, 43.45156582], [-1.55250967, 43.45170675], [-1.55248472, 43.45180218], [-1.55243781, 43.45195553], [-1.55233221, 43.45213774], [-1.55225895, 43.45224356], [-1.55216365, 43.45231667], [-1.55207821, 43.45237232], [-1.55199593, 43.45241618], [-1.55186441, 43.45248347], [-1.55171093, 43.45255926], [-1.55163165, 43.45259612], [-1.55145799, 43.45271659], [-1.55135011, 43.45280891], [-1.55107622, 43.45306274], [-1.55090849, 43.45319019], [-1.5507472, 43.45326841], [-1.55062588, 43.45333181], [-1.55007068, 43.45332042], [-1.55002205, 43.45332045], [-1.54998981, 43.45332127], [-1.54997209, 43.45332251], [-1.54981738, 43.45333367], [-1.5496282, 43.45334718], [-1.54936318, 43.45336585], [-1.54930588, 43.45337072], [-1.54911775, 43.45338672], [-1.54887184, 43.45340436], [-1.54881043, 43.45340886], [-1.54862592, 43.453422], [-1.5485522, 43.45342735], [-1.54848943, 43.4534319], [-1.54843934, 43.4534355], [-1.54830617, 43.45344508], [-1.54825706, 43.45344865], [-1.54806025, 43.45346273], [-1.54799872, 43.45346723], [-1.54762947, 43.45349379], [-1.54756843, 43.45349819], [-1.54732068, 43.45350292]]]]}, "geometry_name": "the_geom", "properties": {"gid": 3130321, "gpu_doc_id": "6345e561e148d0d60d85340d4b826649", "gpu_status": "production", "gpu_timestamp": "2025-10-08T08:09:54.942Z", "partition": "DU_64122", "libelle": "Nhd", "libelong": "Nhd", "typezone": "N", "destdomi": null, "nomfic": "64122_reglement_20250927.pdf#N", "urlfic": "", "insee": null, "datappro": null, "datvalid": "20170923", "idurba": "64122_PLU_20250927", "idzone": null, "lib_idzone": "", "formdomi": null, "destoui": null, "destcdt": null, "destnon": null, "symbole": null}}, {"type": "Feature", "id": "zone_urba.3130387", "geometry": {"type": "MultiPolygon", "coordinates": [[[[-1.54604598, 43.44914455], [-1.54609645, 43.44914253], [-1.54634276, 43.44913435], [-1.54765759, 43.44930321], [-1.54765762, 43.44940706], [-1.54766019, 43.44948655], [-1.54725899, 43.44988154], [-1.54715952, 43.4499799], [-1.54710432, 43.45003449], [-1.54671272, 43.4504107], [-1.54657052, 43.45054676], [-1.54648796, 43.45067108], [-1.54638452, 43.45082751], [-1.54613203, 43.45120932], [-1.54598731, 43.45142966], [-1.54572698, 43.45181917], [-1.54565423, 43.45180095], [-1.54559062, 43.45150129], [-1.54552802, 43.4512135], [-1.54548538, 43.45101272], [-1.5454529, 43.45086535], [-1.54536744, 43.45046965], [-1.54580013, 43.45014852], [-1.54571866, 43.44998281], [-1.54578415, 43.44948238], [-1.54578752, 43.44945463], [-1.54534461, 43.44933049], [-1.54530484, 43.44931809], [-1.54499366, 43.44925645], [-1.54491682, 43.44919313], [-1.54604598, 43.44914455]]]]}, "geometry_name": "the_geom", "properties": {"gid": 3130387, "gpu_doc_id": "6345e561e148d0d60d85340d4b826649", "gpu_status": "production", "gpu_timestamp": "2025-10-08T08:09:54.942Z", "partition": "DU_64122", "libelle": "UDt", "libelong": "UDt", "typezone": "U", "destdomi": null, "nomfic": "64122_reglement_20250927.pdf#UD", "urlfic": "", "insee": null, "datappro": null, "datvalid": "20170923", "idurba": "64122_PLU_20250927", "idzone": null, "lib_idzone": "", "formdomi": null, "destoui": null, "destcdt": null, "destnon": null, "symbole": null}}, {"type": "Feature", "id": "zone_urba.3130240", "geometry": {"type": "MultiPolygon", "coordinates": [[[[-1.55686833, 43.45208475], [-1.55645162, 43.45194818], [-1.55631395, 43.45190322], [-1.5561918, 43.45185973], [-1.55610375, 43.45181228], [-1.55604835, 43.45178184], [-1.55675392, 43.451118], [-1.5571119, 43.45087164], [-1.55741203, 43.45073502], [-1.55768356, 43.45063224], [-1.55786517, 43.45058108], [-1.55790878, 43.45062001], [-1.55802664, 43.4507521], [-1.55832459, 43.45108404], [-1.558385, 43.4511513], [-1.55842714, 43.45119825], [-1.55847188, 43.45121828], [-1.55813471, 43.45143834], [-1.55780917, 43.45161267], [-1.5574268, 43.45177338], [-1.55773938, 43.45202929], [-1.55827765, 43.45202286], [-1.55839045, 43.45201732], [-1.55840643, 43.45208231], [-1.55811088, 43.45209959], [-1.55819293, 43.45235167], [-1.55765099, 43.45246211], [-1.55763749, 43.45246418], [-1.55710224, 43.45240246], [-1.55697154, 43.45215297], [-1.55686833, 43.45208475]]]]}, "geometry_name": "the_geom", "properties": {"gid": 3130240, "gpu_doc_id": "6345e561e148d0d60d85340d4b826649", "gpu_status": "production", "gpu_timestamp": "2025-10-08T08:09:54.942Z", "partition": "DU_64122", "libelle": "UY*", "libelong": "UY*", "typezone": "U", "destdomi": null, "nomfic": "64122_reglement_20250927.pdf#UY", "urlfic": "", "insee": null, "datappro": null, "datvalid": "20170923", "idurba": "64122_PLU_20250927", "idzone": null, "lib_idzone": "", "formdomi": null, "destoui": null, "destcdt": null, "destnon": null, "symbole": null}}, {"type": "Feature", "id": "zone_urba.3130266", "geometry": {"type": "MultiPolygon", "coordinates": [[[[-1.55706103, 43.45075224], [-1.55698646, 43.4505751], [-1.55675212, 43.45058689], [-1.55658803, 43.45057166], [-1.55638968, 43.45055319], [-1.55613002, 43.45052911], [-1.55552738, 43.45039221], [-1.55550001, 43.45027719], [-1.55548111, 43.4501978], [-1.55547945, 43.45019056], [-1.55535372, 43.4496589], [-1.55534943, 43.44964113], [-1.55630969, 43.44939194], [-1.55644431, 43.44937697], [-1.55707181, 43.44930635], [-1.5572286, 43.4494213], [-1.5572787, 43.44945764], [-1.5575211, 43.44951421], [-1.55777255, 43.44946641], [-1.55789752, 43.45039428], [-1.55788942, 43.45049301], [-1.55788255, 43.45057618], [-1.55786517, 43.45058108], [-1.55768356, 43.45063224], [-1.55741203, 43.45073502], [-1.5571119, 43.45087164], [-1.55706103, 43.45075224]]]]}, "geometry_name": "the_geom", "properties": {"gid": 3130266, "gpu_doc_id": "6345e561e148d0d60d85340d4b826649", "gpu_status": "production", "gpu_timestamp": "2025-10-08T08:09:54.942Z", "partition": "DU_64122", "libelle": "Nh", "libelong": "Nh", "typezone": "N", "destdomi": null, "nomfic": "64122_reglement_20250927.pdf#N", "urlfic": "", "insee": null, "datappro": null, "datvalid": "20170923", "idurba": "64122_PLU_20250927", "idzone": null, "lib_idzone": "", "formdomi": null, "destoui": null, "destcdt": null, "destnon": null, "symbole": null}}, {"type": "Feature", "id": "zone_urba.3130354", "geometry": {"type": "MultiPolygon", "coordinates": [[[[-1.55243781, 43.45195553], [-1.55248472, 43.45180218], [-1.55250967, 43.45170675], [-1.55256678, 43.45156582], [-1.55259357, 43.45149972], [-1.55261162, 43.45131894], [-1.55260539, 43.451202], [-1.55262205, 43.45089584], [-1.55267917, 43.45076697], [-1.55284592, 43.45058238], [-1.55293975, 43.45061459], [-1.55325555, 43.45103602], [-1.55334403, 43.45106069], [-1.55445995, 43.45137243], [-1.55462126, 43.45141755], [-1.55579744, 43.45175708], [-1.55582536, 43.45172945], [-1.55586401, 43.45168634], [-1.55595533, 43.45173412], [-1.55604835, 43.45178184], [-1.55367303, 43.45413715], [-1.55264059, 43.45511991], [-1.55252642, 43.45506416], [-1.5518171, 43.45471133], [-1.55092968, 43.45426997], [-1.55087848, 43.45424522], [-1.55090778, 43.45421675], [-1.55100402, 43.45412163], [-1.55111874, 43.45399044], [-1.55099367, 43.45392931], [-1.55037553, 43.45361595], [-1.55067297, 43.45333278], [-1.55062588, 43.45333181], [-1.5507472, 43.45326841], [-1.55090849, 43.45319019], [-1.55107622, 43.45306274], [-1.55135011, 43.45280891], [-1.55145799, 43.45271659], [-1.55163165, 43.45259612], [-1.55171093, 43.45255926], [-1.55186441, 43.45248347], [-1.55199593, 43.45241618], [-1.55207821, 43.45237232], [-1.55216365, 43.45231667], [-1.55225895, 43.45224356], [-1.55233221, 43.45213774], [-1.55243781, 43.45195553]]]]}, "geometry_name": "the_geom", "properties": {"gid": 3130354, "gpu_doc_id": "6345e561e148d0d60d85340d4b826649", "gpu_status": "production", "gpu_timestamp": "2025-10-08T08:09:54.942Z", "partition": "DU_64122", "libelle": "Nh", "libelong": "Nh", "typezone": "N", "destdomi": null, "nomfic": "64122_reglement_20250927.pdf#N", "urlfic": "", "insee": null, "datappro": null, "datvalid": "20170923", "idurba": "64122_PLU_20250927", "idzone": null, "lib_idzone": "", "formdomi": null, "destoui": null, "destcdt": null, "destnon": null, "symbole": null}}, {"type": "Feature", "id": "zone_urba.3130312", "geometry": {"type": "MultiPolygon", "coordinates": [[[[-1.55540551, 43.45851333], [-1.55503199, 43.45846685], [-1.55496192, 43.45848948], [-1.55495199, 43.45849212], [-1.55486215, 43.45838741], [-1.55476888, 43.45831385], [-1.55464191, 43.4582407], [-1.55446143, 43.45818785], [-1.55438313, 43.45816645], [-1.55411633, 43.45823746], [-1.55379949, 43.45805997], [-1.55356336, 43.45793555], [-1.55323043, 43.45777381], [-1.55310019, 43.45770922], [-1.55318358, 43.45771021], [-1.55327267, 43.45769566], [-1.55326725, 43.45766603], [-1.55334154, 43.45761181], [-1.55364578, 43.45732366], [-1.55371535, 43.45725477], [-1.55377748, 43.45729539], [-1.55399548, 43.45743985], [-1.55424029, 43.45760353], [-1.55456195, 43.45785875], [-1.55477966, 43.45798821], [-1.55539271, 43.45828866], [-1.5555784, 43.45827909], [-1.55572929, 43.45825639], [-1.55599254, 43.4582168], [-1.55631359, 43.45820503], [-1.55631394, 43.45823489], [-1.55629981, 43.45829865], [-1.55630478, 43.45832974], [-1.55636824, 43.45841971], [-1.55644519, 43.45841175], [-1.55644474, 43.45844969], [-1.55626784, 43.45844613], [-1.55554757, 43.45844523], [-1.5554476, 43.45844116], [-1.55540551, 43.45851333]]]]}, "geometry_name": "the_geom", "properties": {"gid": 3130312, "gpu_doc_id": "6345e561e148d0d60d85340d4b826649", "gpu_status": "production", "gpu_timestamp": "2025-10-08T08:09:54.942Z", "partition": "DU_64122", "libelle": "N", "libelong": "N", "typezone": "N", "destdomi": null, "nomfic": "64122_reglement_20250927.pdf#N", "urlfic": "", "insee": null, "datappro": null, "datvalid": "20170923", "idurba": "64122_PLU_20250927", "idzone": null, "lib_idzone": "", "formdomi": null, "destoui": null, "destcdt": null, "destnon": null, "symbole": null}}, {"type": "Feature", "id": "zone_urba.3130398", "geometry": {"type": "MultiPolygon", "coordinates": [[[[-1.55445995, 43.45137243], [-1.55334403, 43.45106069], [-1.55325555, 43.45103602], [-1.55293975, 43.45061459], [-1.55284592, 43.45058238], [-1.55272543, 43.45054038], [-1.55266267, 43.45017581], [-1.55272854, 43.45020194], [-1.55323992, 43.45041008], [-1.55344394, 43.45049146], [-1.55382826, 43.45064679], [-1.55386302, 43.4506658], [-1.55436063, 43.45080632], [-1.55455761, 43.45126819], [-1.555702, 43.45098541], [-1.5559729, 43.45142451], [-1.55599989, 43.45145951], [-1.55595456, 43.45155027], [-1.55592698, 43.45160365], [-1.5558898, 43.45165758], [-1.55586401, 43.45168634], [-1.55582536, 43.45172945], [-1.55579744, 43.45175708], [-1.55462126, 43.45141755], [-1.55445995, 43.45137243]]]]}, "geometry_name": "the_geom", "properties": {"gid": 3130398, "gpu_doc_id": "6345e561e148d0d60d85340d4b826649", "gpu_status": "production", "gpu_timestamp": "2025-10-08T08:09:54.942Z", "partition": "DU_64122", "libelle": "N", "libelong": "N", "typezone": "N", "destdomi": null, "nomfic": "64122_reglement_20250927.pdf#N", "urlfic": "", "insee": null, "datappro": null, "datvalid": "20170923", "idurba": "64122_PLU_20250927", "idzone": null, "lib_idzone": "", "formdomi": null, "destoui": null, "destcdt": null, "destnon": null, "symbole": null}}, {"type": "Feature", "id": "zone_urba.3130243", "geometry": {"type": "MultiPolygon", "coordinates": [[[[-1.55735375, 43.47699097], [-1.55728227, 43.47685895], [-1.55710725, 43.47690913], [-1.55707057, 43.47688363], [-1.55693112, 43.47678972], [-1.55676447, 43.47667145], [-1.55673244, 43.47664361], [-1.55669762, 43.47661316], [-1.55666217, 43.47661258], [-1.55661079, 43.47657584], [-1.556664, 43.47650744], [-1.55676281, 43.4764396], [-1.5568829, 43.47635714], [-1.55702686, 43.47625829], [-1.55717031, 43.4761598], [-1.55732214, 43.47598323], [-1.55740192, 43.47581998], [-1.55748653, 43.47559824], [-1.55762555, 43.47523393], [-1.55783166, 43.47542433], [-1.5580464, 43.47562256], [-1.55830168, 43.47574595], [-1.558673, 43.475869], [-1.55886885, 43.47593202], [-1.5592289, 43.4760371], [-1.55920446, 43.47608952], [-1.55912718, 43.47627828], [-1.55906687, 43.47642562], [-1.55904864, 43.47646997], [-1.55896791, 43.47666715], [-1.55896509, 43.47667421], [-1.55890613, 43.47681969], [-1.5588872, 43.47686614], [-1.55885889, 43.47693641], [-1.5588478, 43.47696362], [-1.55880406, 43.47706766], [-1.55841874, 43.47697671], [-1.55841432, 43.47697562], [-1.55808939, 43.47689932], [-1.55806649, 43.47694584], [-1.55799822, 43.47708448], [-1.55796024, 43.47717766], [-1.5579301, 43.47725646], [-1.5579014, 43.47733143], [-1.55789559, 43.47734653], [-1.55783696, 43.47731559], [-1.5575997, 43.47716668], [-1.55757606, 43.47715183], [-1.55750538, 43.47710703], [-1.5573649, 43.47701767], [-1.55736596, 43.47701357], [-1.55735375, 43.47699097]]]]}, "geometry_name": "the_geom", "properties": {"gid": 3130243, "gpu_doc_id": "6345e561e148d0d60d85340d4b826649", "gpu_status": "production", "gpu_timestamp": "2025-10-08T08:09:54.942Z", "partition": "DU_64122", "libelle": "UDb", "libelong": "UDb", "typezone": "U", "destdomi": null, "nomfic": "64122_reglement_20250927.pdf#UD", "urlfic": "", "insee": null, "datappro": null, "datvalid": "20170923", "idurba": "64122_PLU_20250927", "idzone": null, "lib_idzone": "", "formdomi": null, "destoui": null, "destcdt": null, "destnon": null, "symbole": null}}, {"type": "Feature", "id": "zone_urba.3130304", "geometry": {"type": "MultiPolygon", "coordinates": [[[[-1.56538831, 43.47163567], [-1.56523724, 43.47148904], [-1.56522248, 43.47147529], [-1.565196, 43.47145065], [-1.56511612, 43.47138377], [-1.56511375, 43.47138188], [-1.56509726, 43.4713682], [-1.56508288, 43.47133803], [-1.56488233, 43.47126142], [-1.56487686, 43.47128102], [-1.56485863, 43.47129697], [-1.56453457, 43.47163496], [-1.5644343, 43.47157844], [-1.56431943, 43.47169108], [-1.56430514, 43.47170526], [-1.56422196, 43.4716871], [-1.56376624, 43.47158778], [-1.56364953, 43.47165604], [-1.563552, 43.47169254], [-1.56345601, 43.47174176], [-1.5634813, 43.47164672], [-1.56352684, 43.47155616], [-1.56358966, 43.471567], [-1.56360093, 43.47154384], [-1.56360167, 43.4715421], [-1.56367013, 43.47139976], [-1.56369797, 43.47134168], [-1.56383266, 43.47106176], [-1.56389069, 43.47094048], [-1.56408982, 43.47081919], [-1.56411658, 43.47080289], [-1.5645536, 43.4705354], [-1.56457524, 43.47052213], [-1.56464529, 43.47047068], [-1.56469693, 43.47037984], [-1.5646995, 43.4703753], [-1.56502156, 43.47035668], [-1.56537214, 43.4703143], [-1.5662827, 43.47009371], [-1.56712265, 43.46990581], [-1.56770662, 43.46983619], [-1.56762211, 43.46994922], [-1.56757551, 43.47001154], [-1.56756824, 43.47003139], [-1.56746745, 43.47018846], [-1.56727835, 43.47050504], [-1.56679686, 43.47029473], [-1.56675437, 43.47034772], [-1.56666646, 43.47045667], [-1.5666078, 43.47056114], [-1.56653933, 43.47068185], [-1.56669064, 43.47074544], [-1.56661214, 43.47088927], [-1.56655122, 43.47099833], [-1.56652537, 43.47104668], [-1.5664105, 43.47125027], [-1.56628863, 43.47146631], [-1.56622254, 43.47146316], [-1.56617411, 43.47146093], [-1.56567911, 43.47158169], [-1.56548081, 43.47168754], [-1.56546962, 43.47167698], [-1.56538831, 43.47163567]]]]}, "geometry_name": "the_geom", "properties": {"gid": 3130304, "gpu_doc_id": "6345e561e148d0d60d85340d4b826649", "gpu_status": "production", "gpu_timestamp": "2025-10-08T08:09:54.942Z", "partition": "DU_64122", "libelle": "UH", "libelong": "UH", "typezone": "U", "destdomi": null, "nomfic": "64122_reglement_20250927.pdf#UH", "urlfic": "", "insee": null, "datappro": null, "datvalid": "20170923", "idurba": "64122_PLU_20250927", "idzone": null, "lib_idzone": "", "formdomi": null, "destoui": null, "destcdt": null, "destnon": null, "symbole": null}}, {"type": "Feature", "id": "zone_urba.3130330", "geometry": {"type": "MultiPolygon", "coordinates": [[[[-1.55508979, 43.47191646], [-1.55514883, 43.471757], [-1.55500751, 43.47172761], [-1.5549899, 43.47172389], [-1.5550206, 43.47163578], [-1.55502872, 43.47161415], [-1.555216, 43.47164194], [-1.55534516, 43.47166108], [-1.55549951, 43.47170745], [-1.55551892, 43.47170893], [-1.55599681, 43.47175864], [-1.55606217, 43.47176534], [-1.55613028, 43.47177193], [-1.55615949, 43.47169409], [-1.55616043, 43.47145331], [-1.55662346, 43.47147178], [-1.55694586, 43.47133148], [-1.55802193, 43.47120449], [-1.5580233, 43.47120299], [-1.55811016, 43.47110797], [-1.55817041, 43.47104284], [-1.5581887, 43.47097109], [-1.55818238, 43.47090463], [-1.55816781, 43.47075394], [-1.55815903, 43.47066279], [-1.55815645, 43.47063495], [-1.55820879, 43.47063134], [-1.55823152, 43.47060088], [-1.55848932, 43.47066361], [-1.55855147, 43.47067797], [-1.55862345, 43.47053991], [-1.55877521, 43.47024879], [-1.55965247, 43.47047065], [-1.55966989, 43.47042994], [-1.55978642, 43.47018843], [-1.55981108, 43.47013742], [-1.55981514, 43.47012888], [-1.5600662, 43.47019412], [-1.56022, 43.46991643], [-1.56024514, 43.46986985], [-1.56068083, 43.46993568], [-1.5610027, 43.4700102], [-1.5611021, 43.47006623], [-1.56061726, 43.47113058], [-1.56017564, 43.47124107], [-1.55879383, 43.47157345], [-1.55794603, 43.47180366], [-1.55628827, 43.47196129], [-1.55526674, 43.47203702], [-1.55524026, 43.47196424], [-1.5550838, 43.47193775], [-1.55508979, 43.47191646]]]]}, "geometry_name": "the_geom", "properties": {"gid": 3130330, "gpu_doc_id": "6345e561e148d0d60d85340d4b826649", "gpu_status": "production", "gpu_timestamp": "2025-10-08T08:09:54.942Z", "partition": "DU_64122", "libelle": "UBi", "libelong": "UBi", "typezone": "U", "destdomi": null, "nomfic": "64122_reglement_20250927.pdf#UB", "urlfic": "", "insee": null, "datappro": null, "datvalid": "20170923", "idurba": "64122_PLU_20250927", "idzone": null, "lib_idzone": "", "formdomi": null, "destoui": null, "destcdt": null, "destnon": null, "symbole": null}}, {"type": "Feature", "id": "zone_urba.3130369", "geometry": {"type": "MultiPolygon", "coordinates": [[[[-1.57010858, 43.48395126], [-1.56932195, 43.4838073], [-1.56932766, 43.4838224], [-1.56933287, 43.48384238], [-1.56934565, 43.48387748], [-1.56934632, 43.48388647], [-1.56934386, 43.48389009], [-1.56933617, 43.48389147], [-1.56932934, 43.4838912], [-1.5693008, 43.4838871], [-1.56929296, 43.4838848], [-1.56928721, 43.48388088], [-1.56928476, 43.48387458], [-1.56929299, 43.48384216], [-1.56930483, 43.48381997], [-1.56920317, 43.48380489], [-1.56919323, 43.48380943], [-1.56900791, 43.48391548], [-1.56914803, 43.48395167], [-1.56919432, 43.48396642], [-1.56940971, 43.48404388], [-1.56962189, 43.48412967], [-1.56966763, 43.48414697], [-1.5696729, 43.48414973], [-1.56967286, 43.48415235], [-1.56966973, 43.48415355], [-1.5693407, 43.48415244], [-1.56931538, 43.48415155], [-1.56920174, 43.48414344], [-1.56918464, 43.48414159], [-1.56917063, 43.48413791], [-1.56915806, 43.4841321], [-1.56914288, 43.48412116], [-1.56903202, 43.48402604], [-1.56897201, 43.48397839], [-1.56894659, 43.48395974], [-1.56891503, 43.4839417], [-1.56884164, 43.48390224], [-1.56881738, 43.48389077], [-1.56879957, 43.48388426], [-1.56877967, 43.4838781], [-1.5687135, 43.4838591], [-1.56870105, 43.48385481], [-1.56869091, 43.48384999], [-1.56862668, 43.4838089], [-1.56858257, 43.48378523], [-1.5685082, 43.48374923], [-1.56849837, 43.4837453], [-1.56848814, 43.48374264], [-1.56846893, 43.48374069], [-1.56831727, 43.48373562], [-1.56829722, 43.48373407], [-1.5682861, 43.48373442], [-1.56827608, 43.48373617], [-1.56826539, 43.48373884], [-1.56825513, 43.48374231], [-1.5682277, 43.48375801], [-1.56821218, 43.48376556], [-1.56819154, 43.48377278], [-1.56817523, 43.48377649], [-1.56814593, 43.48378198], [-1.56792, 43.48381528], [-1.56789582, 43.48381975], [-1.56778607, 43.48385366], [-1.56759335, 43.48400986], [-1.56745243, 43.48406899], [-1.56744488, 43.48407073], [-1.56743664, 43.48406818], [-1.56741794, 43.48405314], [-1.56740202, 43.48404386], [-1.56739054, 43.48403935], [-1.56737116, 43.48403354], [-1.56735411, 43.48403061], [-1.56733628, 43.48403393], [-1.56732816, 43.48403623], [-1.56731975, 43.48403963], [-1.56730915, 43.48404528], [-1.56730163, 43.48405063], [-1.56729435, 43.48405768], [-1.56726679, 43.4840914], [-1.56725831, 43.48410057], [-1.56725295, 43.48410493], [-1.56724699, 43.48410643], [-1.56710144, 43.48411021], [-1.56707495, 43.48411198], [-1.56692536, 43.48413306], [-1.56691601, 43.48413541], [-1.56690011, 43.48415632], [-1.56688943, 43.48416738], [-1.56688, 43.48417371], [-1.56687055, 43.48417814], [-1.56685908, 43.48418201], [-1.56684567, 43.48418489], [-1.56684663, 43.48416791], [-1.56675661, 43.48414939], [-1.56658174, 43.48411386], [-1.56654642, 43.48410669], [-1.56653406, 43.48410538], [-1.56652228, 43.48410684], [-1.56647485, 43.48411494], [-1.56638615, 43.48413071], [-1.56638016, 43.48413167], [-1.5663596, 43.48412824], [-1.56634942, 43.4841245], [-1.56630592, 43.48410405], [-1.56626766, 43.48408907], [-1.56625088, 43.48408153], [-1.56624326, 43.48407733], [-1.56623771, 43.48407259], [-1.56623418, 43.48406849], [-1.56622917, 43.48405616], [-1.56622121, 43.48404233], [-1.5662157, 43.48403488], [-1.56621059, 43.4840212], [-1.56620648, 43.48401415], [-1.56620491, 43.48400646], [-1.56619605, 43.48398572], [-1.5661939, 43.48398174], [-1.56619081, 43.48396844], [-1.56618611, 43.48395699], [-1.56618402, 43.48394563], [-1.56618237, 43.48394001], [-1.56617927, 43.483935], [-1.56617184, 43.48391672], [-1.56615439, 43.48390029], [-1.56613643, 43.48388531], [-1.56612931, 43.48387775], [-1.56612365, 43.48386995], [-1.56612017, 43.48386324], [-1.56611874, 43.48385888], [-1.5661192, 43.48385508], [-1.56613921, 43.4838148], [-1.56614257, 43.48380349], [-1.56614296, 43.48379699], [-1.56614107, 43.48378165], [-1.56613818, 43.4837695], [-1.56613346, 43.48375436], [-1.56612467, 43.48371784], [-1.56612532, 43.48371178], [-1.56612934, 43.48370089], [-1.5661312, 43.48369108], [-1.56613457, 43.48368472], [-1.56613624, 43.48367898], [-1.56613879, 43.48367491], [-1.56614221, 43.48367261], [-1.56618694, 43.48364993], [-1.56631057, 43.4835913], [-1.56631878, 43.48359693], [-1.56641406, 43.48355484], [-1.56649678, 43.48347395], [-1.56655792, 43.48342727], [-1.5666122, 43.48340159], [-1.56662458, 43.48339163], [-1.56663933, 43.48336698], [-1.56664878, 43.48334434], [-1.56664735, 43.48333177], [-1.56664039, 43.48331988], [-1.56662467, 43.48330824], [-1.56659115, 43.48329209], [-1.56657873, 43.48330484], [-1.56656176, 43.48331957], [-1.56654596, 43.48333011], [-1.56652733, 43.48333932], [-1.5665064, 43.48334583], [-1.5664863, 43.48335015], [-1.56637116, 43.48336832], [-1.56650563, 43.48318469], [-1.56665353, 43.48320082], [-1.5668491, 43.48324365], [-1.56686979, 43.48320054], [-1.56688378, 43.48317078], [-1.56689756, 43.48314167], [-1.56690271, 43.48313613], [-1.56700705, 43.48320478], [-1.5670883, 43.48325779], [-1.56686817, 43.48346699], [-1.56693896, 43.48351147], [-1.56698294, 43.48353894], [-1.56703013, 43.48356823], [-1.56726555, 43.48368884], [-1.56730687, 43.48370994], [-1.56732572, 43.48370045], [-1.56734057, 43.48369048], [-1.56735352, 43.48367988], [-1.56736979, 43.48366228], [-1.56738648, 43.48364216], [-1.5673914, 43.48363274], [-1.56748398, 43.4836629], [-1.56757463, 43.48369311], [-1.56760616, 43.48369592], [-1.56761901, 43.48371055], [-1.56763004, 43.48372049], [-1.56764796, 43.48373176], [-1.56766606, 43.48374033], [-1.5676783, 43.48374507], [-1.56769167, 43.48374851], [-1.56770312, 43.48374914], [-1.56772455, 43.48374766], [-1.56773851, 43.48374737], [-1.56775617, 43.48374839], [-1.56777041, 43.48375008], [-1.56779839, 43.4837551], [-1.56784093, 43.48376432], [-1.56788135, 43.48377525], [-1.56798958, 43.48370599], [-1.56812125, 43.48359877], [-1.56818435, 43.48354004], [-1.56825071, 43.48348949], [-1.56831077, 43.48344142], [-1.56812052, 43.48312574], [-1.56811744, 43.483121], [-1.56810476, 43.48310545], [-1.56809098, 43.48308499], [-1.56800973, 43.48294371], [-1.56795683, 43.48285922], [-1.56767533, 43.48276955], [-1.56766239, 43.48276367], [-1.56764512, 43.48275624], [-1.5675871, 43.4827287], [-1.56734, 43.48261069], [-1.56747731, 43.48222756], [-1.5674935, 43.48218284], [-1.56770836, 43.48220645], [-1.56771175, 43.48215206], [-1.56816777, 43.48219447], [-1.568158, 43.48219955], [-1.56816279, 43.48220891], [-1.56819654, 43.48221001], [-1.56832207, 43.48217195], [-1.56834484, 43.48199283], [-1.56832638, 43.48197617], [-1.56834796, 43.48195025], [-1.56837952, 43.48193025], [-1.56839232, 43.48191604], [-1.56855641, 43.48172627], [-1.56856402, 43.48170731], [-1.56856526, 43.48169734], [-1.56856587, 43.48167235], [-1.56859435, 43.48161614], [-1.56860619, 43.48159232], [-1.56860438, 43.48158311], [-1.56860012, 43.48156913], [-1.56859148, 43.48155622], [-1.56858434, 43.48154848], [-1.56857197, 43.48153869], [-1.56846409, 43.48147013], [-1.56840206, 43.48145997], [-1.56834838, 43.48144578], [-1.56832129, 43.48144118], [-1.56827277, 43.48143454], [-1.56824604, 43.48143298], [-1.56818276, 43.48141782], [-1.56810992, 43.48137744], [-1.56805753, 43.48136554], [-1.567824, 43.48135163], [-1.56778091, 43.48132837], [-1.56772856, 43.48131692], [-1.56760406, 43.48130581], [-1.56745818, 43.48127869], [-1.56731863, 43.4812286], [-1.56717352, 43.48117702], [-1.56695519, 43.4811643], [-1.56683777, 43.48113696], [-1.56682407, 43.48113263], [-1.5665146, 43.48101192], [-1.56639222, 43.48095962], [-1.56615437, 43.48088945], [-1.56613, 43.48087978], [-1.56595803, 43.48081159], [-1.56578569, 43.48074342], [-1.56577169, 43.48073658], [-1.56575347, 43.48072468], [-1.56573652, 43.48071156], [-1.56572257, 43.48069724], [-1.56571205, 43.48068404], [-1.56568825, 43.48064875], [-1.56566825, 43.48061474], [-1.5656312, 43.48055122], [-1.565608, 43.48047109], [-1.56558842, 43.48040453], [-1.56551824, 43.48031852], [-1.56550917, 43.48030301], [-1.56548881, 43.48026425], [-1.56547948, 43.48023541], [-1.56547651, 43.48021723], [-1.56547669, 43.48019982], [-1.56547115, 43.4800394], [-1.56545482, 43.47996009], [-1.56543315, 43.47991362], [-1.56540484, 43.47987103], [-1.56538732, 43.47982863], [-1.56539026, 43.47978849], [-1.56537602, 43.47976021], [-1.56540512, 43.47963619], [-1.56544874, 43.47946111], [-1.5654921, 43.47943], [-1.56551607, 43.47936154], [-1.56553924, 43.47931041], [-1.56556142, 43.47927762], [-1.5655686, 43.47926922], [-1.56563412, 43.47921164], [-1.56560576, 43.47915849], [-1.56575857, 43.47917245], [-1.56585611, 43.47917734], [-1.56594676, 43.47916454], [-1.56597494, 43.47897169], [-1.56596191, 43.47896968], [-1.56596396, 43.47886954], [-1.56598183, 43.47881366], [-1.56600627, 43.47878466], [-1.56605, 43.47865258], [-1.56603753, 43.47844087], [-1.56607066, 43.47830281], [-1.56607639, 43.47828338], [-1.56610058, 43.47828729], [-1.56611004, 43.47825482], [-1.56622328, 43.47826764], [-1.56623434, 43.47821684], [-1.56631744, 43.47822569], [-1.56632483, 43.47819213], [-1.56642623, 43.47820552], [-1.56643347, 43.4782064], [-1.56644046, 43.47820721], [-1.56653475, 43.47821988], [-1.56654161, 43.47819076], [-1.56654061, 43.47818233], [-1.56653122, 43.4781644], [-1.56652387, 43.4781554], [-1.5664888, 43.47812947], [-1.56647054, 43.47811596], [-1.56646212, 43.47810439], [-1.56646091, 43.47808984], [-1.5665472, 43.47771719], [-1.56651528, 43.47770754], [-1.56662526, 43.47746962], [-1.5663307, 43.47743387], [-1.56623251, 43.47742289], [-1.56627375, 43.47716802], [-1.56639156, 43.47717491], [-1.566418, 43.4771543], [-1.56656621, 43.47683346], [-1.56689343, 43.47612512], [-1.56686762, 43.47612253], [-1.56685886, 43.47611801], [-1.56674764, 43.47609573], [-1.56681568, 43.47585001], [-1.56664377, 43.47582383], [-1.56659795, 43.4758169], [-1.56671541, 43.47550855], [-1.56676908, 43.47537048], [-1.56683384, 43.47520502], [-1.56688371, 43.47508559], [-1.56689818, 43.47506383], [-1.56691575, 43.4750406], [-1.56695203, 43.47500418], [-1.5669819, 43.47498317], [-1.56722298, 43.47483353], [-1.56724448, 43.47481807], [-1.56726651, 43.47479989], [-1.56729574, 43.47477178], [-1.56733333, 43.47472819], [-1.56736626, 43.47468353], [-1.56740497, 43.47462186], [-1.56767549, 43.47415888], [-1.56798027, 43.47363911], [-1.56799431, 43.4736134], [-1.56800376, 43.47358914], [-1.56800796, 43.47356589], [-1.56801005, 43.47353588], [-1.56800849, 43.47351161], [-1.56800209, 43.47348067], [-1.56799308, 43.47345281], [-1.56798197, 43.47342837], [-1.56796919, 43.47340814], [-1.56822943, 43.47349663], [-1.56847704, 43.47313128], [-1.56854663, 43.47302891], [-1.56858765, 43.47291379], [-1.56860072, 43.47288983], [-1.56862427, 43.47285374], [-1.56866511, 43.47279578], [-1.56882782, 43.47262608], [-1.56890805, 43.47253527], [-1.569257, 43.47230365], [-1.5694904, 43.47210617], [-1.56981169, 43.47183417], [-1.56997225, 43.47169367], [-1.57103447, 43.46987432], [-1.57126338, 43.4695473], [-1.5716401, 43.46900726], [-1.57173734, 43.46886601], [-1.57179701, 43.46878161], [-1.57197645, 43.46852651], [-1.57225532, 43.46812466], [-1.57231195, 43.46804281], [-1.57237034, 43.46795974], [-1.57250156, 43.46777305], [-1.57253039, 43.46779102], [-1.57257378, 43.4677408], [-1.57262491, 43.46768144], [-1.572616, 43.46767981], [-1.5725901, 43.46766272], [-1.57266776, 43.46763539], [-1.57277113, 43.46759262], [-1.57277275, 43.46752169], [-1.57292422, 43.46748674], [-1.57292939, 43.46748465], [-1.57295054, 43.46748102], [-1.57296248, 43.46747693], [-1.57299714, 43.46746709], [-1.57300643, 43.46746545], [-1.57309001, 43.46744781], [-1.57364073, 43.46705013], [-1.57406915, 43.46686401], [-1.57467427, 43.46675678], [-1.57469866, 43.46671065], [-1.57472195, 43.46665636], [-1.57472497, 43.46661892], [-1.5747064, 43.46660568], [-1.57469122, 43.4665732], [-1.57467714, 43.46640825], [-1.57462157, 43.46639992], [-1.57463448, 43.4663674], [-1.57467581, 43.46632592], [-1.57470964, 43.46603701], [-1.57467709, 43.46587505], [-1.57474613, 43.465472], [-1.57485878, 43.465203], [-1.57521093, 43.46436967], [-1.5757656, 43.46306656], [-1.57579459, 43.46299857], [-1.57595665, 43.46261454], [-1.57599076, 43.46253285], [-1.57664531, 43.4620667], [-1.57667231, 43.46209928], [-1.57719255, 43.46272848], [-1.57718152, 43.46274154], [-1.57710955, 43.46279857], [-1.57708871, 43.46284421], [-1.57696678, 43.46291657], [-1.57680598, 43.46313426], [-1.57675719, 43.46316369], [-1.57666934, 43.46321685], [-1.57656768, 43.46321278], [-1.5764488, 43.46325815], [-1.57642719, 43.46327199], [-1.57623159, 43.46339677], [-1.57619951, 43.46344114], [-1.57615554, 43.46350184], [-1.57610867, 43.46356518], [-1.57601017, 43.4636696], [-1.57593782, 43.46374631], [-1.57588813, 43.46380327], [-1.57579419, 43.46392221], [-1.57559468, 43.46417514], [-1.57540443, 43.46441627], [-1.57537879, 43.46446227], [-1.57529837, 43.46460645], [-1.5752467, 43.46468991], [-1.57510587, 43.46488688], [-1.57503328, 43.46511251], [-1.57494444, 43.46537575], [-1.57483317, 43.46545832], [-1.57479329, 43.46557376], [-1.57490096, 43.46600868], [-1.5749047, 43.46602394], [-1.57489866, 43.4662491], [-1.57486833, 43.46661115], [-1.57486111, 43.4666503], [-1.57485117, 43.46668954], [-1.57483863, 43.466727], [-1.57482228, 43.46676659], [-1.57479034, 43.46681933], [-1.5747712, 43.46684137], [-1.57471582, 43.46689197], [-1.57464071, 43.46694183], [-1.57436067, 43.4670879], [-1.57430741, 43.46711552], [-1.57393482, 43.46729519], [-1.5736146, 43.46754787], [-1.57332839, 43.46777864], [-1.57309471, 43.46792584], [-1.57294707, 43.46807332], [-1.5728279, 43.46819605], [-1.57269819, 43.46834669], [-1.57261751, 43.46855705], [-1.57253851, 43.46875174], [-1.57244879, 43.46899509], [-1.57243354, 43.4690213], [-1.57239892, 43.46906486], [-1.57213301, 43.46936541], [-1.5721068, 43.46940214], [-1.57188615, 43.46981619], [-1.5718642, 43.46984717], [-1.57157557, 43.47018982], [-1.57146914, 43.47035396], [-1.57153357, 43.4704127], [-1.57153908, 43.4704252], [-1.57153837, 43.47044217], [-1.57137583, 43.47073312], [-1.5713494, 43.47077194], [-1.57133415, 43.47078823], [-1.57125147, 43.47086425], [-1.57104739, 43.47107978], [-1.57096137, 43.47117586], [-1.57090603, 43.47123358], [-1.57074077, 43.47138897], [-1.5707248, 43.47141214], [-1.57071209, 43.47144735], [-1.57070497, 43.47147134], [-1.57066725, 43.47163392], [-1.57065373, 43.47166168], [-1.57063309, 43.47169027], [-1.57038417, 43.47199482], [-1.57021456, 43.47215327], [-1.57021561, 43.47215404], [-1.57007252, 43.47232783], [-1.57003286, 43.47237358], [-1.56976882, 43.4726415], [-1.56973546, 43.47267699], [-1.56970461, 43.47271301], [-1.56969214, 43.47272504], [-1.56967739, 43.47273473], [-1.56964966, 43.47274963], [-1.56963079, 43.47275704], [-1.56955288, 43.47277618], [-1.56953477, 43.47278564], [-1.5695174, 43.47279841], [-1.56950767, 43.47281061], [-1.5694801, 43.47285244], [-1.56946919, 43.47286541], [-1.56937032, 43.47296191], [-1.56935406, 43.47298112], [-1.56934232, 43.47299953], [-1.56929492, 43.47313049], [-1.569276, 43.47317551], [-1.56925299, 43.47321545], [-1.56923416, 43.47324171], [-1.56918561, 43.47329096], [-1.56917345, 43.47330875], [-1.56915596, 43.47333315], [-1.56913984, 43.47335254], [-1.56905059, 43.47343045], [-1.56902738, 43.47345436], [-1.56901389, 43.47347093], [-1.56900684, 43.473486], [-1.56900639, 43.47349972], [-1.56900954, 43.47353034], [-1.56900892, 43.47355019], [-1.56900558, 43.47356519], [-1.56899563, 43.47358434], [-1.56896583, 43.47362122], [-1.56893717, 43.47365832], [-1.56889316, 43.47371046], [-1.56885271, 43.47375227], [-1.56880482, 43.47379212], [-1.56874144, 43.47383853], [-1.56868648, 43.47387487], [-1.56863318, 43.47399634], [-1.56858296, 43.47408965], [-1.56854433, 43.47415068], [-1.56850552, 43.47418791], [-1.56848401, 43.47420156], [-1.56845238, 43.47421733], [-1.56844236, 43.47422729], [-1.56844298, 43.4742306], [-1.56844676, 43.47425308], [-1.56844744, 43.47426882], [-1.56843648, 43.47431749], [-1.56842167, 43.47433475], [-1.56836411, 43.47438111], [-1.56834815, 43.47439599], [-1.56832967, 43.47442043], [-1.56832859, 43.4744275], [-1.56832505, 43.47444801], [-1.56831587, 43.47448759], [-1.56830211, 43.47451707], [-1.56827446, 43.47456937], [-1.56825869, 43.474592], [-1.56824398, 43.47461042], [-1.56823215, 43.47463433], [-1.56821334, 43.4746642], [-1.56816824, 43.47472323], [-1.56815028, 43.47476603], [-1.56814453, 43.47478519], [-1.56813014, 43.47482624], [-1.56810715, 43.47487808], [-1.56808137, 43.47492886], [-1.56805192, 43.47498051], [-1.56798996, 43.47506572], [-1.56797973, 43.47508118], [-1.56793681, 43.4751577], [-1.56790956, 43.47519232], [-1.56787238, 43.47523147], [-1.56785, 43.47525174], [-1.56772574, 43.47536457], [-1.56765738, 43.47542038], [-1.56763432, 43.47544644], [-1.56763365, 43.47545413], [-1.56762169, 43.47557891], [-1.56761002, 43.47572424], [-1.56760614, 43.47574359], [-1.56760144, 43.47575685], [-1.56758835, 43.4757772], [-1.56753525, 43.47584511], [-1.5675256, 43.4758601], [-1.56751439, 43.47588227], [-1.56750455, 43.47594279], [-1.56748853, 43.47600337], [-1.56747508, 43.47601553], [-1.56745468, 43.47603238], [-1.56741069, 43.47607983], [-1.56735159, 43.47615708], [-1.5673476, 43.47616815], [-1.56734306, 43.47617536], [-1.56731131, 43.47621096], [-1.56730562, 43.47621759], [-1.56729259, 43.47625867], [-1.56728131, 43.47627507], [-1.56724976, 43.47634474], [-1.5672399, 43.47637515], [-1.56722867, 43.47640877], [-1.56720366, 43.47644852], [-1.56718217, 43.47649219], [-1.56716379, 43.47654764], [-1.56715068, 43.47657592], [-1.56710965, 43.47663984], [-1.5671039, 43.47665404], [-1.56710011, 43.47667123], [-1.56709089, 43.47671017], [-1.56708134, 43.47673147], [-1.56704362, 43.47679481], [-1.56703005, 43.47682689], [-1.56702037, 43.47685811], [-1.567205, 43.47690523], [-1.56711871, 43.47709409], [-1.56712662, 43.47709882], [-1.56684261, 43.47771459], [-1.56683137, 43.47771332], [-1.56676592, 43.47791577], [-1.56677544, 43.47791899], [-1.56662083, 43.47898594], [-1.56656229, 43.47939031], [-1.56655176, 43.47945816], [-1.56654137, 43.4794583], [-1.56640345, 43.48021693], [-1.56639871, 43.48024623], [-1.56639645, 43.48027237], [-1.56640056, 43.48030412], [-1.56640683, 43.48032668], [-1.566416, 43.48034831], [-1.56642529, 43.48036498], [-1.56644184, 43.48038614], [-1.56647116, 43.48041563], [-1.56658772, 43.48051936], [-1.56657426, 43.48052963], [-1.56662222, 43.48057181], [-1.56665558, 43.48059907], [-1.5666816, 43.4806176], [-1.56671716, 43.48063963], [-1.56673626, 43.48064996], [-1.56676013, 43.48066118], [-1.56679479, 43.48067441], [-1.56683106, 43.48068604], [-1.56684022, 43.48068938], [-1.56687934, 43.48070757], [-1.56707423, 43.48077602], [-1.56732232, 43.48086228], [-1.56750983, 43.48092796], [-1.56776697, 43.48101765], [-1.56789971, 43.4810644], [-1.56793222, 43.48107537], [-1.56796601, 43.48108512], [-1.56818479, 43.48114027], [-1.56829176, 43.48116695], [-1.56850041, 43.48121899], [-1.56862165, 43.48124934], [-1.56866105, 43.48125977], [-1.56867447, 43.48126374], [-1.56872092, 43.48128065], [-1.56874155, 43.48128993], [-1.56875675, 43.48129789], [-1.56878974, 43.48131858], [-1.56880835, 43.48133245], [-1.56881823, 43.48134035], [-1.56883162, 43.48135388], [-1.56884326, 43.48136721], [-1.5688562, 43.48138455], [-1.5688686, 43.48140308], [-1.56888985, 43.48144054], [-1.56890455, 43.48147494], [-1.5689493, 43.48145252], [-1.5689763, 43.48144279], [-1.56899353, 43.48143815], [-1.56901005, 43.48143551], [-1.56904776, 43.48143158], [-1.5690766, 43.48142989], [-1.56909712, 43.48142944], [-1.56910829, 43.48142981], [-1.56912283, 43.4814323], [-1.56913511, 43.48143587], [-1.5691483, 43.48144175], [-1.56918312, 43.48146372], [-1.5691948, 43.48147263], [-1.56919895, 43.48148165], [-1.56920447, 43.48149757], [-1.56921202, 43.48155217], [-1.56923909, 43.48160636], [-1.56924523, 43.48162045], [-1.56924802, 43.48162809], [-1.56924942, 43.48163525], [-1.56924211, 43.48167159], [-1.56924724, 43.48168879], [-1.56925614, 43.48170683], [-1.56928193, 43.48174375], [-1.56931991, 43.48178489], [-1.56933893, 43.48180252], [-1.56936078, 43.48182149], [-1.56941945, 43.48186433], [-1.56943158, 43.4818743], [-1.56943551, 43.48187893], [-1.56943708, 43.48188337], [-1.56943385, 43.48188971], [-1.56942819, 43.48189526], [-1.56941569, 43.48189855], [-1.56936345, 43.48190693], [-1.56928304, 43.48192094], [-1.56926966, 43.48192408], [-1.56920359, 43.48194112], [-1.56917153, 43.48194609], [-1.56908142, 43.48195633], [-1.56907572, 43.48195629], [-1.56906967, 43.48195482], [-1.56906567, 43.48195254], [-1.56904958, 43.48193443], [-1.56904047, 43.48192857], [-1.56903084, 43.48192715], [-1.56900057, 43.48192636], [-1.56899297, 43.48192576], [-1.56898551, 43.48192362], [-1.56893125, 43.48188665], [-1.56878731, 43.48180447], [-1.56874607, 43.48185559], [-1.56883543, 43.48189829], [-1.5688686, 43.48191474], [-1.56889397, 43.48193122], [-1.56892069, 43.48195252], [-1.56895871, 43.48195597], [-1.56900178, 43.48198888], [-1.56899846, 43.4819992], [-1.56900516, 43.48200434], [-1.56907506, 43.48204844], [-1.56909382, 43.48206077], [-1.56909456, 43.48206417], [-1.56909441, 43.48206714], [-1.56906906, 43.48208744], [-1.56903325, 43.48211185], [-1.56902942, 43.48211354], [-1.56902448, 43.48211364], [-1.56895517, 43.48207249], [-1.56887645, 43.48204126], [-1.56886965, 43.48203802], [-1.5688265, 43.48200736], [-1.5687839, 43.4819757], [-1.56877532, 43.48197351], [-1.56876902, 43.48197376], [-1.56875849, 43.48197527], [-1.56870876, 43.48198733], [-1.56870028, 43.48198983], [-1.56869102, 43.48199353], [-1.56868468, 43.48199974], [-1.56867938, 43.48200662], [-1.56867011, 43.48202348], [-1.56866738, 43.48202998], [-1.56866609, 43.48204419], [-1.56866612, 43.48205284], [-1.56866696, 43.48206083], [-1.56867005, 43.48206738], [-1.56870195, 43.4821248], [-1.56872447, 43.48217926], [-1.5687354, 43.48219631], [-1.56877566, 43.48225286], [-1.56878545, 43.48226149], [-1.5687912, 43.4822654], [-1.56879883, 43.48226312], [-1.56882141, 43.48225222], [-1.56883093, 43.48224869], [-1.56883642, 43.48224766], [-1.56884246, 43.48224904], [-1.5688687, 43.48226053], [-1.56889977, 43.48228364], [-1.56890763, 43.48229099], [-1.56891188, 43.48229659], [-1.56891438, 43.48230352], [-1.5689157, 43.48230788], [-1.56891616, 43.48231571], [-1.56891496, 43.48232451], [-1.56891061, 43.48233594], [-1.56890571, 43.48234488], [-1.56885391, 43.48240715], [-1.56884772, 43.48241704], [-1.56884348, 43.4824265], [-1.5688393, 43.48243865], [-1.5688368, 43.48244821], [-1.56883762, 43.48245585], [-1.56884204, 43.48247018], [-1.56886613, 43.48253575], [-1.56886893, 43.48254502], [-1.56886895, 43.48255034], [-1.56886814, 43.48255434], [-1.56886515, 43.48255581], [-1.56886176, 43.48255522], [-1.56884716, 43.48254372], [-1.56883301, 43.48253482], [-1.56882439, 43.48253056], [-1.56880878, 43.48252532], [-1.56880251, 43.48252439], [-1.56879407, 43.4825241], [-1.56878546, 43.4825248], [-1.56877881, 43.48252686], [-1.56876833, 43.48253251], [-1.56874404, 43.48254871], [-1.56873894, 43.48254846], [-1.56873324, 43.4825467], [-1.56871437, 43.48253591], [-1.56870537, 43.48253158], [-1.56867429, 43.4825265], [-1.56866906, 43.48252436], [-1.56866506, 43.48252056], [-1.56866157, 43.48251367], [-1.56865585, 43.48249667], [-1.56865061, 43.48248291], [-1.56864499, 43.48247574], [-1.56863657, 43.48246742], [-1.56861722, 43.48245367], [-1.56860491, 43.48244623], [-1.56856545, 43.48243337], [-1.56855725, 43.48242982], [-1.56854576, 43.48242342], [-1.56853856, 43.48241821], [-1.5685297, 43.48240909], [-1.56852511, 43.48240072], [-1.56851818, 43.48238404], [-1.56851139, 43.48237268], [-1.56850365, 43.48236352], [-1.56849268, 43.48235431], [-1.56847557, 43.48234237], [-1.56845607, 43.48232998], [-1.5684419, 43.48232261], [-1.56842499, 43.4823149], [-1.56840946, 43.48230921], [-1.56839468, 43.48230519], [-1.56836668, 43.4823017], [-1.56835245, 43.48230182], [-1.56831435, 43.48230378], [-1.56829467, 43.48230564], [-1.56826294, 43.4823133], [-1.56818004, 43.48233867], [-1.56815741, 43.48234732], [-1.56814359, 43.48235454], [-1.56812794, 43.48236381], [-1.56810647, 43.48237962], [-1.56809411, 43.48238985], [-1.56805275, 43.4824261], [-1.56804714, 43.48243066], [-1.56804158, 43.48243241], [-1.56803625, 43.48243226], [-1.56789234, 43.48240668], [-1.56786952, 43.48241777], [-1.56786104, 43.48243019], [-1.56785626, 43.48243416], [-1.56783614, 43.4824465], [-1.5678245, 43.48245309], [-1.56780756, 43.48246169], [-1.56777432, 43.48247744], [-1.56776465, 43.48248224], [-1.56775454, 43.48248777], [-1.56774419, 43.48249503], [-1.56773263, 43.48250433], [-1.56772499, 43.48251302], [-1.56771994, 43.48252007], [-1.5677165, 43.48252867], [-1.56771335, 43.4825462], [-1.5677125, 43.48255966], [-1.56771289, 43.4826708], [-1.56772115, 43.48267534], [-1.56769937, 43.48269865], [-1.56791664, 43.48279145], [-1.56794095, 43.48278868], [-1.56798463, 43.48278182], [-1.56799378, 43.48278163], [-1.56800176, 43.48278249], [-1.56801218, 43.48278604], [-1.56801934, 43.48279234], [-1.56802554, 43.48280084], [-1.56803604, 43.48283864], [-1.56804363, 43.48284736], [-1.56805463, 43.48284872], [-1.56806241, 43.48285022], [-1.56806998, 43.4828537], [-1.56807496, 43.48285738], [-1.56807855, 43.48286238], [-1.56810792, 43.48293901], [-1.56811445, 43.48295011], [-1.56812412, 43.48295865], [-1.56827777, 43.48304992], [-1.56830025, 43.48305254], [-1.56830693, 43.48305417], [-1.56831207, 43.48305838], [-1.5683235, 43.48307542], [-1.56845274, 43.48312835], [-1.56846183, 43.4831306], [-1.5685593, 43.48312953], [-1.56858783, 43.48313029], [-1.56873817, 43.48314588], [-1.56884706, 43.48316996], [-1.56886013, 43.48317422], [-1.56887035, 43.48318012], [-1.56890715, 43.48321535], [-1.56895118, 43.48325436], [-1.56895759, 43.4832623], [-1.56896016, 43.4833034], [-1.56895587, 43.48330879], [-1.56894887, 43.48331133], [-1.5688249, 43.48330074], [-1.56882137, 43.48330493], [-1.56882187, 43.48331312], [-1.56881068, 43.48343012], [-1.56881169, 43.48345027], [-1.56883711, 43.48353021], [-1.56884524, 43.48355126], [-1.56889907, 43.48362376], [-1.56890555, 43.48362937], [-1.56898174, 43.48367476], [-1.56899348, 43.48368276], [-1.56900727, 43.48368339], [-1.56901778, 43.48368495], [-1.56902424, 43.48369011], [-1.56902635, 43.48369687], [-1.56903054, 43.48370157], [-1.56913501, 43.48371952], [-1.56930438, 43.48373119], [-1.56931113, 43.48373372], [-1.56931573, 43.48373732], [-1.5693267, 43.48377637], [-1.57008149, 43.48391349], [-1.57005996, 43.48389703], [-1.57003845, 43.48388265], [-1.57002061, 43.48387254], [-1.5699998, 43.48386237], [-1.5699842, 43.48385578], [-1.57001042, 43.48385041], [-1.5700355, 43.48384653], [-1.57019872, 43.48390839], [-1.57022377, 43.48392056], [-1.57023872, 43.48392177], [-1.57024939, 43.48392207], [-1.57026843, 43.48392501], [-1.57028535, 43.48393119], [-1.57062333, 43.48408185], [-1.5706329, 43.48408733], [-1.5706366, 43.48409376], [-1.570652, 43.48412921], [-1.57066782, 43.48414859], [-1.57067368, 43.48415413], [-1.57069104, 43.48416615], [-1.5706979, 43.48417336], [-1.57071111, 43.48421106], [-1.57071954, 43.48421938], [-1.57073114, 43.48422721], [-1.57075611, 43.48424326], [-1.57077092, 43.48425088], [-1.57082794, 43.48427169], [-1.57084521, 43.48427588], [-1.57086742, 43.48427806], [-1.57091061, 43.48427959], [-1.5709299, 43.4842809], [-1.57094221, 43.48428329], [-1.57095299, 43.48428846], [-1.57095971, 43.48429387], [-1.57096493, 43.48430069], [-1.57096819, 43.48431445], [-1.5709679, 43.48432212], [-1.57096425, 43.48432975], [-1.57095751, 43.48433894], [-1.57094939, 43.48434449], [-1.57093943, 43.48434867], [-1.57092896, 43.48435116], [-1.57091746, 43.48435297], [-1.5709049, 43.48435383], [-1.57089199, 43.48435335], [-1.57088869, 43.4843523], [-1.57087925, 43.48434691], [-1.57087078, 43.4843413], [-1.57085497, 43.48433516], [-1.57083858, 43.48433122], [-1.5708086, 43.48432934], [-1.57077025, 43.48432806], [-1.57075693, 43.48432535], [-1.57058577, 43.48427481], [-1.5704695, 43.48423488], [-1.57045521, 43.48422914], [-1.57044679, 43.48422262], [-1.57043668, 43.48420995], [-1.5703742, 43.48417232], [-1.57035885, 43.48416905], [-1.57034582, 43.48416353], [-1.5703201, 43.48414922], [-1.57028022, 43.48412412], [-1.57027648, 43.48412211], [-1.57026746, 43.48411399], [-1.57022587, 43.48406615], [-1.57021275, 43.48405459], [-1.57016912, 43.48402089], [-1.57010858, 43.48395126]]]]}, "geometry_name": "the_geom", "properties": {"gid": 3130369, "gpu_doc_id": "6345e561e148d0d60d85340d4b826649", "gpu_status": "production", "gpu_timestamp": "2025-10-08T08:09:54.942Z", "partition": "DU_64122", "libelle": "Ner", "libelong": "Ner", "typezone": "N", "destdomi": null, "nomfic": "64122_reglement_20250927.pdf#Ner", "urlfic": "", "insee": null, "datappro": null, "datvalid": "20170923", "idurba": "64122_PLU_20250927", "idzone": null, "lib_idzone": "", "formdomi": null, "destoui": null, "destcdt": null, "destnon": null, "symbole": null}}, {"type": "Feature", "id": "zone_urba.3130234", "geometry": {"type": "MultiPolygon", "coordinates": [[[[-1.56048424, 43.46754733], [-1.56061663, 43.4674405], [-1.56064906, 43.46743487], [-1.56113437, 43.46750646], [-1.56113944, 43.46748353], [-1.56117052, 43.46736467], [-1.56126705, 43.46695159], [-1.56160307, 43.46699796], [-1.56162647, 43.46700128], [-1.56165396, 43.46700316], [-1.56168545, 43.46700552], [-1.56171529, 43.46700398], [-1.56174431, 43.46699832], [-1.56175262, 43.46699673], [-1.56177041, 43.46699305], [-1.56186326, 43.4670066], [-1.56197679, 43.46728236], [-1.56209576, 43.46757134], [-1.56212045, 43.46763518], [-1.5620515, 43.46825198], [-1.56200721, 43.46864199], [-1.56200736, 43.46870838], [-1.56200746, 43.46877442], [-1.56182194, 43.46895085], [-1.56172894, 43.46900146], [-1.56165114, 43.46902475], [-1.56157885, 43.46904114], [-1.56142453, 43.46908281], [-1.56116427, 43.46916576], [-1.56093399, 43.46923916], [-1.56005837, 43.46945811], [-1.55936524, 43.46964689], [-1.5587243, 43.46924039], [-1.5587708, 43.46920792], [-1.5591849, 43.4689079], [-1.55919797, 43.46887278], [-1.56001731, 43.46851655], [-1.55992788, 43.46840644], [-1.55965211, 43.46809923], [-1.55964258, 43.46800639], [-1.55962281, 43.46791892], [-1.55961892, 43.46784516], [-1.55968237, 43.4677599], [-1.55979309, 43.46771612], [-1.55991982, 43.46768623], [-1.56005426, 43.46766324], [-1.56011156, 43.4676516], [-1.56023543, 43.4676348], [-1.56035955, 43.46760455], [-1.56048424, 43.46754733]]]]}, "geometry_name": "the_geom", "properties": {"gid": 3130234, "gpu_doc_id": "6345e561e148d0d60d85340d4b826649", "gpu_status": "production", "gpu_timestamp": "2025-10-08T08:09:54.942Z", "partition": "DU_64122", "libelle": "Ncu", "libelong": "Ncu", "typezone": "N", "destdomi": null, "nomfic": "64122_reglement_20250927.pdf#Ncu", "urlfic": "", "insee": null, "datappro": null, "datvalid": "20170923", "idurba": "64122_PLU_20250927", "idzone": null, "lib_idzone": "", "formdomi": null, "destoui": null, "destcdt": null, "destnon": null, "symbole": null}}, {"type": "Feature", "id": "zone_urba.3130238", "geometry": {"type": "MultiPolygon", "coordinates": [[[[-1.55708392, 43.4739984], [-1.55704698, 43.47394877], [-1.55674469, 43.47380379], [-1.5564533, 43.47366404], [-1.55641828, 43.47364724], [-1.55647244, 43.47359772], [-1.55649119, 43.47351548], [-1.55649479, 43.47349902], [-1.55652, 43.4733474], [-1.55655047, 43.47312182], [-1.55656669, 43.47299417], [-1.55672707, 43.47301523], [-1.55676282, 43.47302156], [-1.55683496, 43.47303449], [-1.55684114, 43.47301622], [-1.55685197, 43.4729837], [-1.55685886, 43.47296323], [-1.55696209, 43.47264142], [-1.55725043, 43.47267686], [-1.55730663, 43.47232668], [-1.55739819, 43.47233613], [-1.55774761, 43.47237433], [-1.55774817, 43.47238512], [-1.55775575, 43.47251995], [-1.55776786, 43.47271716], [-1.55776952, 43.47274287], [-1.55777134, 43.4727456], [-1.55782944, 43.47282758], [-1.55797946, 43.47299202], [-1.55810106, 43.47307573], [-1.55812351, 43.47317418], [-1.55814429, 43.47326531], [-1.55816751, 43.47329946], [-1.55804179, 43.47367006], [-1.55798769, 43.47389071], [-1.55798807, 43.47392414], [-1.55783204, 43.47392481], [-1.55782168, 43.47393198], [-1.55781742, 43.47393963], [-1.55780434, 43.47403976], [-1.55779997, 43.47404751], [-1.55765952, 43.47407127], [-1.55763738, 43.47407485], [-1.55758485, 43.47407594], [-1.55748012, 43.47407737], [-1.55718926, 43.47401964], [-1.55708392, 43.4739984]]]]}, "geometry_name": "the_geom", "properties": {"gid": 3130238, "gpu_doc_id": "6345e561e148d0d60d85340d4b826649", "gpu_status": "production", "gpu_timestamp": "2025-10-08T08:09:54.942Z", "partition": "DU_64122", "libelle": "UH", "libelong": "UH", "typezone": "U", "destdomi": null, "nomfic": "64122_reglement_20250927.pdf#UH", "urlfic": "", "insee": null, "datappro": null, "datvalid": "20170923", "idurba": "64122_PLU_20250927", "idzone": null, "lib_idzone": "", "formdomi": null, "destoui": null, "destcdt": null, "destnon": null, "symbole": null}}, {"type": "Feature", "id": "zone_urba.3130246", "geometry": {"type": "MultiPolygon", "coordinates": [[[[-1.53875875, 43.48283496], [-1.53877328, 43.48114262], [-1.53826629, 43.48114173], [-1.53745577, 43.48111161], [-1.53619064, 43.4810483], [-1.53618697, 43.48100638], [-1.53615221, 43.4808216], [-1.53614283, 43.4807688], [-1.53518344, 43.48110541], [-1.53517462, 43.48099673], [-1.53516026, 43.48080655], [-1.53515063, 43.4806234], [-1.53514068, 43.48043593], [-1.53512793, 43.48019738], [-1.53512693, 43.48017731], [-1.53512607, 43.48015905], [-1.53511561, 43.47993455], [-1.53510695, 43.47974947], [-1.53509775, 43.47956549], [-1.5350873, 43.47935289], [-1.5350725, 43.47905835], [-1.53506248, 43.47885664], [-1.53505688, 43.47874283], [-1.5350545, 43.47867892], [-1.5350495, 43.47857825], [-1.53504878, 43.47856196], [-1.5350433, 43.47844463], [-1.53503323, 43.47823048], [-1.5350269, 43.47809524], [-1.53502119, 43.47797323], [-1.53501396, 43.47781902], [-1.53500715, 43.47767217], [-1.53500592, 43.47764391], [-1.53500228, 43.47757158], [-1.53500011, 43.47752894], [-1.53499135, 43.47735089], [-1.53498419, 43.47720595], [-1.53497204, 43.47695709], [-1.53496783, 43.47686711], [-1.53496375, 43.47678696], [-1.53495023, 43.47652643], [-1.53493263, 43.47618575], [-1.53492907, 43.47605104], [-1.53491899, 43.47586015], [-1.53491387, 43.47583457], [-1.53490856, 43.4757112], [-1.53492191, 43.47553741], [-1.53485545, 43.47481023], [-1.53476112, 43.47378243], [-1.53469546, 43.47305593], [-1.53468048, 43.47297071], [-1.53472336, 43.47292972], [-1.53530657, 43.47237277], [-1.53543602, 43.47244537], [-1.53552299, 43.47249828], [-1.53595545, 43.47276161], [-1.53601002, 43.47279471], [-1.53621315, 43.47291832], [-1.53640941, 43.47303779], [-1.53649626, 43.47309062], [-1.53662585, 43.47298717], [-1.53665712, 43.4730531], [-1.53669402, 43.4730768], [-1.53694915, 43.47324046], [-1.53697189, 43.47325498], [-1.5371366, 43.47343789], [-1.53715463, 43.47346746], [-1.53725555, 43.47363296], [-1.53727972, 43.47371683], [-1.53729128, 43.47384753], [-1.53729461, 43.47395242], [-1.53728486, 43.47414397], [-1.53823573, 43.47428333], [-1.53835114, 43.47429997], [-1.53821911, 43.47468447], [-1.53813896, 43.47487012], [-1.53802452, 43.47510737], [-1.53779413, 43.47554404], [-1.53785384, 43.47556119], [-1.53815118, 43.47565981], [-1.53845222, 43.47575983], [-1.53848242, 43.47576973], [-1.53878014, 43.47586861], [-1.53890256, 43.4759085], [-1.53949325, 43.47610176], [-1.53955607, 43.47612675], [-1.54005059, 43.47577513], [-1.54048194, 43.47544659], [-1.5427383, 43.47622822], [-1.54276316, 43.47633716], [-1.54210119, 43.47699222], [-1.541295, 43.47757405], [-1.54019801, 43.47835959], [-1.54006247, 43.47848688], [-1.54073171, 43.47932556], [-1.54121434, 43.47994478], [-1.54137209, 43.48007321], [-1.5416418, 43.47980044], [-1.54211368, 43.47936595], [-1.54258595, 43.47904012], [-1.54259427, 43.4791428], [-1.54259601, 43.47920628], [-1.54259914, 43.47932001], [-1.54259803, 43.47949989], [-1.54259133, 43.47968955], [-1.54258593, 43.47983832], [-1.5425848, 43.47987316], [-1.54263634, 43.4799354], [-1.54234191, 43.47999793], [-1.54230409, 43.4800037], [-1.54231189, 43.4806541], [-1.54231189, 43.48070359], [-1.54128321, 43.48082132], [-1.54125301, 43.48085038], [-1.54076474, 43.48138642], [-1.54067704, 43.48166729], [-1.54026151, 43.48274987], [-1.54007611, 43.48275402], [-1.53979184, 43.482768], [-1.53964291, 43.48277639], [-1.53880902, 43.4828322], [-1.53875875, 43.48283496]]]]}, "geometry_name": "the_geom", "properties": {"gid": 3130246, "gpu_doc_id": "6345e561e148d0d60d85340d4b826649", "gpu_status": "production", "gpu_timestamp": "2025-10-08T08:09:54.942Z", "partition": "DU_64122", "libelle": "UDa", "libelong": "UDa", "typezone": "U", "destdomi": null, "nomfic": "64122_reglement_20250927.pdf#UD", "urlfic": "", "insee": null, "datappro": null, "datvalid": "20170923", "idurba": "64122_PLU_20250927", "idzone": null, "lib_idzone": "", "formdomi": null, "destoui": null, "destcdt": null, "destnon": null, "symbole": null}}, {"type": "Feature", "id": "zone_urba.3130248", "geometry": {"type": "MultiPolygon", "coordinates": [[[[-1.55589593, 43.47323479], [-1.55589038, 43.47304758], [-1.55552335, 43.47329875], [-1.55547083, 43.47326582], [-1.55546967, 43.4732519], [-1.55545933, 43.47309654], [-1.55545327, 43.47300194], [-1.55544913, 43.4729382], [-1.55544711, 43.47290943], [-1.55544663, 43.47290287], [-1.55543735, 43.47276008], [-1.55557466, 43.47275565], [-1.55557479, 43.47260799], [-1.55557127, 43.47256668], [-1.55548429, 43.47256956], [-1.55549371, 43.47252808], [-1.55553049, 43.47233246], [-1.55542534, 43.47235668], [-1.55539284, 43.47230475], [-1.55536476, 43.47224032], [-1.555354, 43.47222306], [-1.55529522, 43.47212857], [-1.55527632, 43.47209921], [-1.55526674, 43.47203702], [-1.55628827, 43.47196129], [-1.55794603, 43.47180366], [-1.55879383, 43.47157345], [-1.56017564, 43.47124107], [-1.56061726, 43.47113058], [-1.56025312, 43.47192993], [-1.55952942, 43.47181176], [-1.55915883, 43.47178878], [-1.5588046, 43.47188681], [-1.55880381, 43.47193798], [-1.55879619, 43.47217933], [-1.55879238, 43.47226773], [-1.55854962, 43.47225886], [-1.5584924, 43.47225671], [-1.55833701, 43.47225105], [-1.55828947, 43.47224923], [-1.55809734, 43.47224223], [-1.55809352, 43.47227077], [-1.55776844, 43.47225036], [-1.55776071, 43.4723757], [-1.55774761, 43.47237433], [-1.55739819, 43.47233613], [-1.55730663, 43.47232668], [-1.55725043, 43.47267686], [-1.55696209, 43.47264142], [-1.55685886, 43.47296323], [-1.55685197, 43.4729837], [-1.55684114, 43.47301622], [-1.55683496, 43.47303449], [-1.55676282, 43.47302156], [-1.55672707, 43.47301523], [-1.55656669, 43.47299417], [-1.55655047, 43.47312182], [-1.55652, 43.4733474], [-1.55649479, 43.47349902], [-1.55649119, 43.47351548], [-1.55647244, 43.47359772], [-1.55641828, 43.47364724], [-1.55625233, 43.47356764], [-1.55613599, 43.47351185], [-1.55589593, 43.47323479]]]]}, "geometry_name": "the_geom", "properties": {"gid": 3130248, "gpu_doc_id": "6345e561e148d0d60d85340d4b826649", "gpu_status": "production", "gpu_timestamp": "2025-10-08T08:09:54.942Z", "partition": "DU_64122", "libelle": "UBa", "libelong": "UBa", "typezone": "U", "destdomi": null, "nomfic": "64122_reglement_20250927.pdf#UB", "urlfic": "", "insee": null, "datappro": null, "datvalid": "20170923", "idurba": "64122_PLU_20250927", "idzone": null, "lib_idzone": "", "formdomi": null, "destoui": null, "destcdt": null, "destnon": null, "symbole": null}}, {"type": "Feature", "id": "zone_urba.3130250", "geometry": {"type": "MultiPolygon", "coordinates": [[[[-1.54719525, 43.46908156], [-1.54714616, 43.46904901], [-1.54697793, 43.46882249], [-1.54691293, 43.4685365], [-1.54686808, 43.468401], [-1.54685838, 43.46837169], [-1.54671419, 43.46822328], [-1.54661325, 43.46812251], [-1.54655788, 43.46808359], [-1.54654287, 43.46804984], [-1.54647844, 43.46789682], [-1.54639782, 43.46770553], [-1.54638387, 43.4676062], [-1.54638182, 43.46742554], [-1.54638245, 43.46734736], [-1.54639638, 43.46718759], [-1.54642132, 43.4668998], [-1.54644639, 43.46682597], [-1.54653753, 43.46669842], [-1.54650989, 43.466568], [-1.54631631, 43.46612842], [-1.54613124, 43.4658331], [-1.54602385, 43.46571772], [-1.54590743, 43.46559264], [-1.54580081, 43.46547807], [-1.54565703, 43.46532358], [-1.5456066, 43.46533524], [-1.54524821, 43.46542161], [-1.54516719, 43.46531706], [-1.54510301, 43.46523472], [-1.54489977, 43.46497379], [-1.54470754, 43.46472676], [-1.54450779, 43.46447213], [-1.54432378, 43.46423384], [-1.54418358, 43.46405389], [-1.5443183, 43.46388323], [-1.54434892, 43.46384478], [-1.54444873, 43.46391865], [-1.54449088, 43.46388058], [-1.54480928, 43.46359894], [-1.54493828, 43.46348631], [-1.54507496, 43.46335877], [-1.54515424, 43.46328488], [-1.54539069, 43.46306453], [-1.5454717, 43.46298895], [-1.54549474, 43.46296757], [-1.54564381, 43.46282873], [-1.54575033, 43.46272997], [-1.5457998, 43.4627528], [-1.54582398, 43.46273012], [-1.54586289, 43.46274418], [-1.54604071, 43.46280875], [-1.54614292, 43.46283202], [-1.54728045, 43.46269321], [-1.54735663, 43.46306024], [-1.54753297, 43.46370891], [-1.54755511, 43.46376294], [-1.54742228, 43.463797], [-1.54674414, 43.46388886], [-1.54675292, 43.4639335], [-1.54677514, 43.46402754], [-1.54688241, 43.46448304], [-1.54695002, 43.46447028], [-1.54701064, 43.46448775], [-1.54718958, 43.4645393], [-1.54720347, 43.4645433], [-1.54723531, 43.46455043], [-1.54726253, 43.46455206], [-1.54734755, 43.46453861], [-1.54752031, 43.46452187], [-1.5475396, 43.46451994], [-1.5477378, 43.46450076], [-1.54806861, 43.46445254], [-1.54823765, 43.46404816], [-1.54809638, 43.46359319], [-1.54808356, 43.46355421], [-1.54861457, 43.46334402], [-1.54907695, 43.46322665], [-1.54908624, 43.46327313], [-1.54913647, 43.46352875], [-1.54909764, 43.46352563], [-1.54900873, 43.46370375], [-1.54896527, 43.46379083], [-1.54933455, 43.46395347], [-1.54937507, 43.46400749], [-1.54945399, 43.46411011], [-1.54950824, 43.46418045], [-1.54954006, 43.46423229], [-1.54961891, 43.46436051], [-1.54967359, 43.46447996], [-1.5497198, 43.46454863], [-1.54978226, 43.46464127], [-1.54989576, 43.46474784], [-1.54999967, 43.46482866], [-1.55002401, 43.46486294], [-1.55002884, 43.46486969], [-1.55005292, 43.46490561], [-1.55009115, 43.46491537], [-1.55009813, 43.46494439], [-1.55013469, 43.46510791], [-1.55018816, 43.46535568], [-1.550195, 43.46538777], [-1.55023308, 43.46546045], [-1.55028003, 43.46549754], [-1.5503156, 43.46551326], [-1.55038025, 43.46552883], [-1.55051462, 43.46554822], [-1.55063979, 43.46557726], [-1.55082229, 43.46563469], [-1.55095416, 43.46566716], [-1.55101199, 43.46565758], [-1.55108325, 43.46567712], [-1.55110897, 43.46570008], [-1.55114858, 43.46573512], [-1.55130121, 43.46587007], [-1.55132716, 43.46589285], [-1.55149715, 43.46600837], [-1.55046947, 43.46610728], [-1.55068835, 43.46630435], [-1.55087928, 43.4665548], [-1.55108896, 43.46662161], [-1.55141255, 43.46666237], [-1.55141256, 43.46667215], [-1.55141267, 43.46673872], [-1.55144659, 43.46678885], [-1.55149207, 43.46689929], [-1.55150494, 43.46693122], [-1.55209468, 43.46689928], [-1.55205586, 43.46674883], [-1.5525598, 43.4666916], [-1.55258022, 43.46668989], [-1.55258615, 43.46669809], [-1.55261473, 43.46684371], [-1.55287095, 43.46681633], [-1.55293592, 43.46680952], [-1.55286324, 43.46652492], [-1.55307044, 43.46649528], [-1.55321931, 43.46690704], [-1.55337322, 43.46733338], [-1.55326963, 43.46737326], [-1.55301216, 43.46745925], [-1.55300467, 43.46742682], [-1.55296632, 43.46726085], [-1.5524276, 43.46732784], [-1.55248955, 43.46757464], [-1.55250524, 43.46763748], [-1.55247839, 43.46764422], [-1.55233604, 43.4676539], [-1.55211212, 43.4676586], [-1.55178392, 43.46766066], [-1.55175523, 43.46766098], [-1.55172151, 43.46770847], [-1.55155929, 43.46773723], [-1.55168505, 43.46803154], [-1.55169012, 43.46804324], [-1.5517149, 43.46807209], [-1.55157999, 43.46815684], [-1.55140936, 43.4682005], [-1.55112979, 43.4682591], [-1.55066694, 43.4683542], [-1.55047108, 43.46844547], [-1.55007731, 43.46872879], [-1.55010435, 43.46879565], [-1.54999313, 43.4687913], [-1.54992776, 43.46878433], [-1.54980585, 43.46876444], [-1.54969451, 43.46873693], [-1.54948999, 43.46870452], [-1.54938842, 43.46868194], [-1.54932865, 43.46866375], [-1.54929903, 43.46865482], [-1.54927487, 43.4686446], [-1.54908499, 43.46868752], [-1.54906492, 43.46904492], [-1.54859857, 43.46907677], [-1.54830137, 43.4691012], [-1.5481994, 43.46909486], [-1.54815103, 43.46906856], [-1.54814823, 43.46904305], [-1.54806322, 43.46904453], [-1.54796507, 43.46905778], [-1.54791073, 43.46907434], [-1.54782103, 43.46912305], [-1.54773348, 43.46917058], [-1.54766803, 43.46917759], [-1.54757816, 43.46916914], [-1.54752692, 43.46915584], [-1.54744951, 43.46913023], [-1.54726705, 43.46906333], [-1.54719525, 43.46908156]]]]}, "geometry_name": "the_geom", "properties": {"gid": 3130250, "gpu_doc_id": "6345e561e148d0d60d85340d4b826649", "gpu_status": "production", "gpu_timestamp": "2025-10-08T08:09:54.942Z", "partition": "DU_64122", "libelle": "Ncu", "libelong": "Ncu", "typezone": "N", "destdomi": null, "nomfic": "64122_reglement_20250927.pdf#Ncu", "urlfic": "", "insee": null, "datappro": null, "datvalid": "20170923", "idurba": "64122_PLU_20250927", "idzone": null, "lib_idzone": "", "formdomi": null, "destoui": null, "destcdt": null, "destnon": null, "symbole": null}}, {"type": "Feature", "id": "zone_urba.3130252", "geometry": {"type": "MultiPolygon", "coordinates": [[[[-1.53665712, 43.4730531], [-1.53662585, 43.47298717], [-1.53649626, 43.47309062], [-1.53640941, 43.47303779], [-1.53621315, 43.47291832], [-1.53601002, 43.47279471], [-1.53595545, 43.47276161], [-1.53552299, 43.47249828], [-1.53543602, 43.47244537], [-1.53530657, 43.47237277], [-1.53539273, 43.47229524], [-1.53557164, 43.47231159], [-1.53634207, 43.47238029], [-1.53641241, 43.4723865], [-1.53878162, 43.47255644], [-1.53885191, 43.47255959], [-1.53895749, 43.47256346], [-1.53864915, 43.47343208], [-1.53835114, 43.47429997], [-1.53823573, 43.47428333], [-1.53728486, 43.47414397], [-1.53729461, 43.47395242], [-1.53729128, 43.47384753], [-1.53727972, 43.47371683], [-1.53725555, 43.47363296], [-1.53715463, 43.47346746], [-1.5371366, 43.47343789], [-1.53697189, 43.47325498], [-1.53694915, 43.47324046], [-1.53669402, 43.4730768], [-1.53665712, 43.4730531]]]]}, "geometry_name": "the_geom", "properties": {"gid": 3130252, "gpu_doc_id": "6345e561e148d0d60d85340d4b826649", "gpu_status": "production", "gpu_timestamp": "2025-10-08T08:09:54.942Z", "partition": "DU_64122", "libelle": "UG", "libelong": "UG", "typezone": "U", "destdomi": null, "nomfic": "64122_reglement_20250927.pdf#UG", "urlfic": "", "insee": null, "datappro": null, "datvalid": "20170923", "idurba": "64122_PLU_20250927", "idzone": null, "lib_idzone": "", "formdomi": null, "destoui": null, "destcdt": null, "destnon": null, "symbole": null}}, {"type": "Feature", "id": "zone_urba.3130253", "geometry": {"type": "MultiPolygon", "coordinates": [[[[-1.56894864, 43.46969043], [-1.56902459, 43.46967573], [-1.56903224, 43.46969276], [-1.56924529, 43.46977265], [-1.56931845, 43.469799], [-1.56919576, 43.46994065], [-1.56871269, 43.47049016], [-1.56865061, 43.47046727], [-1.56858999, 43.47044281], [-1.56854275, 43.47042359], [-1.56838501, 43.47035989], [-1.56831213, 43.47033042], [-1.56814864, 43.47026433], [-1.56808674, 43.47023929], [-1.56817488, 43.47015007], [-1.5681972, 43.47012691], [-1.56855024, 43.46976051], [-1.5686094, 43.46975606], [-1.56894864, 43.46969043]]]]}, "geometry_name": "the_geom", "properties": {"gid": 3130253, "gpu_doc_id": "6345e561e148d0d60d85340d4b826649", "gpu_status": "production", "gpu_timestamp": "2025-10-08T08:09:54.942Z", "partition": "DU_64122", "libelle": "UDa", "libelong": "UDa", "typezone": "U", "destdomi": null, "nomfic": "64122_reglement_20250927.pdf#UD", "urlfic": "", "insee": null, "datappro": null, "datvalid": "20170923", "idurba": "64122_PLU_20250927", "idzone": null, "lib_idzone": "", "formdomi": null, "destoui": null, "destcdt": null, "destnon": null, "symbole": null}}, {"type": "Feature", "id": "zone_urba.3130255", "geometry": {"type": "MultiPolygon", "coordinates": [[[[-1.56789495, 43.46958441], [-1.56858799, 43.46869901], [-1.56867241, 43.4687038], [-1.56868518, 43.46870581], [-1.56927316, 43.46880156], [-1.56888671, 43.46936888], [-1.56879469, 43.46950683], [-1.56855024, 43.46976051], [-1.5681972, 43.47012691], [-1.56762211, 43.46994922], [-1.56770662, 43.46983619], [-1.56789495, 43.46958441]]]]}, "geometry_name": "the_geom", "properties": {"gid": 3130255, "gpu_doc_id": "6345e561e148d0d60d85340d4b826649", "gpu_status": "production", "gpu_timestamp": "2025-10-08T08:09:54.942Z", "partition": "DU_64122", "libelle": "UGi", "libelong": "UGi", "typezone": "U", "destdomi": null, "nomfic": "64122_reglement_20250927.pdf#UG", "urlfic": "", "insee": null, "datappro": null, "datvalid": "20170923", "idurba": "64122_PLU_20250927", "idzone": null, "lib_idzone": "", "formdomi": null, "destoui": null, "destcdt": null, "destnon": null, "symbole": null}}, {"type": "Feature", "id": "zone_urba.3130261", "geometry": {"type": "MultiPolygon", "coordinates": [[[[-1.56140391, 43.47506845], [-1.56143053, 43.47501245], [-1.56167885, 43.4750449], [-1.56255058, 43.47516473], [-1.56252776, 43.47527934], [-1.56265459, 43.47528966], [-1.56293803, 43.47534964], [-1.56301523, 43.47537268], [-1.56311181, 43.47546115], [-1.56337596, 43.47564297], [-1.56345242, 43.47623153], [-1.56242108, 43.47622593], [-1.56150403, 43.47618239], [-1.56143047, 43.47572481], [-1.56141049, 43.47540237], [-1.56140391, 43.47506845]]]]}, "geometry_name": "the_geom", "properties": {"gid": 3130261, "gpu_doc_id": "6345e561e148d0d60d85340d4b826649", "gpu_status": "production", "gpu_timestamp": "2025-10-08T08:09:54.942Z", "partition": "DU_64122", "libelle": "UD", "libelong": "UD", "typezone": "U", "destdomi": null, "nomfic": "64122_reglement_20250927.pdf#UD", "urlfic": "", "insee": null, "datappro": null, "datvalid": "20170923", "idurba": "64122_PLU_20250927", "idzone": null, "lib_idzone": "", "formdomi": null, "destoui": null, "destcdt": null, "destnon": null, "symbole": null}}, {"type": "Feature", "id": "zone_urba.3130263", "geometry": {"type": "MultiPolygon", "coordinates": [[[[-1.54487108, 43.46780071], [-1.54476993, 43.46772454], [-1.54495211, 43.46774247], [-1.54647844, 43.46789682], [-1.54654287, 43.46804984], [-1.54655788, 43.46808359], [-1.54661325, 43.46812251], [-1.54671419, 43.46822328], [-1.54685838, 43.46837169], [-1.54686808, 43.468401], [-1.54677128, 43.46837682], [-1.54670485, 43.4683599], [-1.54656895, 43.46832567], [-1.54651237, 43.46831133], [-1.54638623, 43.46827955], [-1.54593937, 43.46820649], [-1.54586899, 43.46819509], [-1.54576132, 43.46817766], [-1.54574637, 43.46817504], [-1.54489141, 43.46781585], [-1.54487108, 43.46780071]]]]}, "geometry_name": "the_geom", "properties": {"gid": 3130263, "gpu_doc_id": "6345e561e148d0d60d85340d4b826649", "gpu_status": "production", "gpu_timestamp": "2025-10-08T08:09:54.942Z", "partition": "DU_64122", "libelle": "UDi", "libelong": "UDi", "typezone": "U", "destdomi": null, "nomfic": "64122_reglement_20250927.pdf#UD", "urlfic": "", "insee": null, "datappro": null, "datvalid": "20170923", "idurba": "64122_PLU_20250927", "idzone": null, "lib_idzone": "", "formdomi": null, "destoui": null, "destcdt": null, "destnon": null, "symbole": null}}, {"type": "Feature", "id": "zone_urba.3130269", "geometry": {"type": "MultiPolygon", "coordinates": [[[[-1.5345287, 43.47067793], [-1.53451232, 43.47041761], [-1.5372289, 43.47032947], [-1.53744211, 43.47032248], [-1.53664527, 43.47111495], [-1.53646631, 43.47128092], [-1.53539273, 43.47229524], [-1.53530657, 43.47237277], [-1.53472336, 43.47292972], [-1.53468733, 43.47256425], [-1.53467271, 43.47241231], [-1.53460092, 43.47166487], [-1.53459606, 43.4716144], [-1.53459189, 43.47157157], [-1.53457728, 43.47142791], [-1.53456994, 43.47135563], [-1.53456717, 43.47130995], [-1.53456004, 43.4711889], [-1.53455865, 43.47116687], [-1.53455246, 43.47106335], [-1.5345482, 43.47099087], [-1.5345476, 43.47098115], [-1.53454647, 43.47096254], [-1.53454527, 43.47094131], [-1.53454397, 43.47091892], [-1.53454237, 43.47089221], [-1.53454077, 43.47086559], [-1.5345287, 43.47067793]]]]}, "geometry_name": "the_geom", "properties": {"gid": 3130269, "gpu_doc_id": "6345e561e148d0d60d85340d4b826649", "gpu_status": "production", "gpu_timestamp": "2025-10-08T08:09:54.942Z", "partition": "DU_64122", "libelle": "IAUy", "libelong": "IAUy", "typezone": "AUc", "destdomi": null, "nomfic": "64122_reglement_20250927.pdf#IAUy", "urlfic": "", "insee": null, "datappro": null, "datvalid": "20170923", "idurba": "64122_PLU_20250927", "idzone": null, "lib_idzone": "", "formdomi": null, "destoui": null, "destcdt": null, "destnon": null, "symbole": null}}, {"type": "Feature", "id": "zone_urba.3130273", "geometry": {"type": "MultiPolygon", "coordinates": [[[[-1.55542604, 43.47616899], [-1.55539888, 43.47616005], [-1.55522619, 43.47643903], [-1.5552039, 43.47648023], [-1.55500097, 43.47641998], [-1.55496299, 43.47640869], [-1.55484666, 43.47637425], [-1.554714, 43.47633478], [-1.55468266, 43.47634441], [-1.55463963, 43.47633193], [-1.55464788, 43.4763155], [-1.55489226, 43.47582888], [-1.55508597, 43.47575391], [-1.55500633, 43.47572954], [-1.55490153, 43.47569519], [-1.55481969, 43.4756684], [-1.5544955, 43.47556214], [-1.55451462, 43.47553794], [-1.55453204, 43.47551589], [-1.55466326, 43.47534988], [-1.55496036, 43.47497486], [-1.5552422, 43.47509596], [-1.55530497, 43.47512422], [-1.55543595, 43.47517773], [-1.55560217, 43.47495824], [-1.55576209, 43.47474719], [-1.55594881, 43.47449732], [-1.55598377, 43.47444075], [-1.55552602, 43.4743749], [-1.55530467, 43.47425509], [-1.55481638, 43.47390515], [-1.55552335, 43.47329875], [-1.55589038, 43.47304758], [-1.55589593, 43.47323479], [-1.55613599, 43.47351185], [-1.55625233, 43.47356764], [-1.55641828, 43.47364724], [-1.5564533, 43.47366404], [-1.55674469, 43.47380379], [-1.55704698, 43.47394877], [-1.55708392, 43.4739984], [-1.55718926, 43.47401964], [-1.55748012, 43.47407737], [-1.55758485, 43.47407594], [-1.55763738, 43.47407485], [-1.55765952, 43.47407127], [-1.55779997, 43.47404751], [-1.55780434, 43.47403976], [-1.55781742, 43.47393963], [-1.55782168, 43.47393198], [-1.55783204, 43.47392481], [-1.55798807, 43.47392414], [-1.55798769, 43.47389071], [-1.55804179, 43.47367006], [-1.55816751, 43.47329946], [-1.55814429, 43.47326531], [-1.55812351, 43.47317418], [-1.55810106, 43.47307573], [-1.55797946, 43.47299202], [-1.55782944, 43.47282758], [-1.55777134, 43.4727456], [-1.55776952, 43.47274287], [-1.55776786, 43.47271716], [-1.55775575, 43.47251995], [-1.55774817, 43.47238512], [-1.55774761, 43.47237433], [-1.55776071, 43.4723757], [-1.55776844, 43.47225036], [-1.55809352, 43.47227077], [-1.55809734, 43.47224223], [-1.55828947, 43.47224923], [-1.55833701, 43.47225105], [-1.5584924, 43.47225671], [-1.55854962, 43.47225886], [-1.55879238, 43.47226773], [-1.55879619, 43.47217933], [-1.55913986, 43.47218359], [-1.55914219, 43.47231267], [-1.55914252, 43.4723287], [-1.55914199, 43.47234153], [-1.55913762, 43.47243725], [-1.55913389, 43.47251835], [-1.5591315, 43.4725692], [-1.55912972, 43.47260686], [-1.55914833, 43.47269699], [-1.55916528, 43.47277988], [-1.55916531, 43.47279845], [-1.55916452, 43.47291071], [-1.55916434, 43.47295642], [-1.55916377, 43.47303171], [-1.55916357, 43.47307553], [-1.5591632, 43.47311873], [-1.55916261, 43.473207], [-1.55916235, 43.47333466], [-1.55917125, 43.47334106], [-1.55917728, 43.47334894], [-1.55917633, 43.47335943], [-1.55914547, 43.47360459], [-1.55913663, 43.47367516], [-1.55912447, 43.47368979], [-1.55913566, 43.47373685], [-1.5589585, 43.47376135], [-1.55878637, 43.4737852], [-1.55850778, 43.47382389], [-1.55851072, 43.47399776], [-1.55851333, 43.47414387], [-1.55836777, 43.47414909], [-1.55838333, 43.4742863], [-1.55839638, 43.47435997], [-1.55824397, 43.47438935], [-1.55825788, 43.47446641], [-1.55826649, 43.47451385], [-1.55827272, 43.47454622], [-1.55801546, 43.47461752], [-1.5575694, 43.4747019], [-1.55750073, 43.47472187], [-1.55757606, 43.47481658], [-1.5576783, 43.47494513], [-1.55769473, 43.47505263], [-1.55762555, 43.47523393], [-1.55748653, 43.47559824], [-1.55740192, 43.47581998], [-1.55732214, 43.47598323], [-1.55717031, 43.4761598], [-1.55702686, 43.47625829], [-1.5568829, 43.47635714], [-1.55676281, 43.4764396], [-1.556664, 43.47650744], [-1.55661079, 43.47657584], [-1.55651395, 43.47653893], [-1.55648466, 43.47651124], [-1.55638941, 43.47648057], [-1.55628136, 43.4764459], [-1.55616074, 43.47640704], [-1.55604204, 43.476369], [-1.55579969, 43.47629115], [-1.55577495, 43.47628311], [-1.55542604, 43.47616899]]]]}, "geometry_name": "the_geom", "properties": {"gid": 3130273, "gpu_doc_id": "6345e561e148d0d60d85340d4b826649", "gpu_status": "production", "gpu_timestamp": "2025-10-08T08:09:54.942Z", "partition": "DU_64122", "libelle": "UC", "libelong": "UC", "typezone": "U", "destdomi": null, "nomfic": "64122_reglement_20250927.pdf#UC", "urlfic": "", "insee": null, "datappro": null, "datvalid": "20170923", "idurba": "64122_PLU_20250927", "idzone": null, "lib_idzone": "", "formdomi": null, "destoui": null, "destcdt": null, "destnon": null, "symbole": null}}, {"type": "Feature", "id": "zone_urba.3130282", "geometry": {"type": "MultiPolygon", "coordinates": [[[[-1.5451116, 43.47525211], [-1.54504303, 43.47480761], [-1.54482204, 43.47483372], [-1.54481467, 43.47483455], [-1.54439007, 43.47488564], [-1.54440711, 43.47456712], [-1.5444301, 43.47414885], [-1.54443607, 43.47405105], [-1.54467912, 43.47405509], [-1.54489302, 43.47406015], [-1.54489929, 43.47401316], [-1.54490381, 43.47398242], [-1.54492461, 43.47393085], [-1.54495042, 43.47370708], [-1.54542149, 43.47376123], [-1.54538964, 43.47402411], [-1.54540219, 43.4740639], [-1.54565649, 43.47406754], [-1.54566009, 43.47407876], [-1.54581071, 43.47461562], [-1.54604182, 43.47506299], [-1.54611978, 43.47517705], [-1.54624308, 43.47534699], [-1.54592208, 43.47544722], [-1.54551695, 43.47556783], [-1.54550462, 43.47556447], [-1.54539286, 43.47553194], [-1.54527014, 43.47550559], [-1.54514058, 43.47544036], [-1.5451116, 43.47525211]]]]}, "geometry_name": "the_geom", "properties": {"gid": 3130282, "gpu_doc_id": "6345e561e148d0d60d85340d4b826649", "gpu_status": "production", "gpu_timestamp": "2025-10-08T08:09:54.942Z", "partition": "DU_64122", "libelle": "UY", "libelong": "UY", "typezone": "U", "destdomi": null, "nomfic": "64122_reglement_20250927.pdf#UY", "urlfic": "", "insee": null, "datappro": null, "datvalid": "20170923", "idurba": "64122_PLU_20250927", "idzone": null, "lib_idzone": "", "formdomi": null, "destoui": null, "destcdt": null, "destnon": null, "symbole": null}}, {"type": "Feature", "id": "zone_urba.3130283", "geometry": {"type": "MultiPolygon", "coordinates": [[[[-1.54337585, 43.47780655], [-1.54326622, 43.4774017], [-1.54316965, 43.4772976], [-1.54315544, 43.47722689], [-1.5431487, 43.47682552], [-1.54282294, 43.4764024], [-1.54276316, 43.47633716], [-1.54283486, 43.47631449], [-1.54301852, 43.47506316], [-1.54308986, 43.4750556], [-1.54319244, 43.47504662], [-1.54373076, 43.4749833], [-1.54380947, 43.47497505], [-1.54380524, 43.47495611], [-1.54413391, 43.47491656], [-1.54400547, 43.47580287], [-1.54396739, 43.47604668], [-1.54380341, 43.47653992], [-1.54413984, 43.47656803], [-1.54438182, 43.47662439], [-1.54464091, 43.47654801], [-1.54457651, 43.4766891], [-1.54453369, 43.47677236], [-1.54443896, 43.47695333], [-1.54437454, 43.47706755], [-1.544263, 43.47724557], [-1.54419249, 43.47737608], [-1.54414883, 43.47744487], [-1.54406828, 43.47757848], [-1.54388114, 43.4775754], [-1.543637, 43.47756673], [-1.54353045, 43.47777529], [-1.54354122, 43.47784013], [-1.54353572, 43.47785588], [-1.54344689, 43.47784874], [-1.54337585, 43.47780655]]]]}, "geometry_name": "the_geom", "properties": {"gid": 3130283, "gpu_doc_id": "6345e561e148d0d60d85340d4b826649", "gpu_status": "production", "gpu_timestamp": "2025-10-08T08:09:54.942Z", "partition": "DU_64122", "libelle": "UC", "libelong": "UC", "typezone": "U", "destdomi": null, "nomfic": "64122_reglement_20250927.pdf#UC", "urlfic": "", "insee": null, "datappro": null, "datvalid": "20170923", "idurba": "64122_PLU_20250927", "idzone": null, "lib_idzone": "", "formdomi": null, "destoui": null, "destcdt": null, "destnon": null, "symbole": null}}, {"type": "Feature", "id": "zone_urba.3130286", "geometry": {"type": "MultiPolygon", "coordinates": [[[[-1.54290327, 43.47181068], [-1.54279483, 43.47167379], [-1.54255361, 43.47136942], [-1.54239517, 43.47116941], [-1.54218283, 43.47088184], [-1.54204499, 43.47068093], [-1.54180721, 43.47033435], [-1.54176382, 43.47034194], [-1.54153179, 43.47035271], [-1.54116271, 43.470326], [-1.54087082, 43.47031195], [-1.54093195, 43.47117982], [-1.54092537, 43.47123029], [-1.54085511, 43.47121839], [-1.54043843, 43.47111924], [-1.54024541, 43.47107511], [-1.54012504, 43.47104766], [-1.54008827, 43.47103929], [-1.54007393, 43.47107276], [-1.53972378, 43.47099623], [-1.53966391, 43.47098326], [-1.53949619, 43.4709466], [-1.53932836, 43.47090994], [-1.53946848, 43.47071016], [-1.5395249, 43.47062978], [-1.53926378, 43.47057039], [-1.53921644, 43.47055955], [-1.53943034, 43.4702998], [-1.53960566, 43.47015741], [-1.53908354, 43.46993576], [-1.53909938, 43.46989989], [-1.53914344, 43.46979818], [-1.53917277, 43.46972986], [-1.53919461, 43.4696815], [-1.53913623, 43.46883276], [-1.5391203, 43.46865341], [-1.53979896, 43.4679784], [-1.54049829, 43.46718404], [-1.5406906, 43.4671421], [-1.54087107, 43.46711135], [-1.54089578, 43.46708693], [-1.54090272, 43.46708008], [-1.54097276, 43.46701089], [-1.54099893, 43.46698498], [-1.54131316, 43.46696304], [-1.54184441, 43.46673387], [-1.54196337, 43.46668257], [-1.54208506, 43.46662179], [-1.54274599, 43.46665218], [-1.54301518, 43.46674253], [-1.54308014, 43.46675689], [-1.54414253, 43.46700943], [-1.54444303, 43.46705924], [-1.54509532, 43.46718648], [-1.54506078, 43.46733613], [-1.54496372, 43.46769531], [-1.54495211, 43.46774247], [-1.54476993, 43.46772454], [-1.54342782, 43.46759241], [-1.54343433, 43.46765543], [-1.54356699, 43.46781994], [-1.54410341, 43.46828315], [-1.54459347, 43.46887078], [-1.54493885, 43.46916094], [-1.54580952, 43.46972368], [-1.54584232, 43.46974363], [-1.54629574, 43.46996164], [-1.54639778, 43.47001141], [-1.54654784, 43.46996701], [-1.5465388, 43.47003858], [-1.54652509, 43.47014044], [-1.54650112, 43.47028742], [-1.54648432, 43.4703894], [-1.54644861, 43.47061149], [-1.5463994, 43.47083347], [-1.54634451, 43.47100412], [-1.54625926, 43.47126745], [-1.5461773, 43.47153346], [-1.54617841, 43.47159336], [-1.54611955, 43.47162236], [-1.54611544, 43.47166363], [-1.5460166, 43.47166219], [-1.54601586, 43.47165876], [-1.54589163, 43.47172672], [-1.54554622, 43.47186692], [-1.54545222, 43.47188613], [-1.54538912, 43.47189321], [-1.54535708, 43.47189673], [-1.54528562, 43.4719046], [-1.54524374, 43.47186406], [-1.54519925, 43.47181164], [-1.54517725, 43.47180043], [-1.54508596, 43.47176455], [-1.54506249, 43.47175529], [-1.54492989, 43.4717031], [-1.54491212, 43.47167729], [-1.5448258, 43.47168322], [-1.54466928, 43.4716939], [-1.54452519, 43.47170373], [-1.54450635, 43.47170501], [-1.54439748, 43.47171237], [-1.54431398, 43.47171801], [-1.54395413, 43.47174248], [-1.54391595, 43.47174497], [-1.54380236, 43.47175215], [-1.54329964, 43.47178435], [-1.54331358, 43.47187221], [-1.54329451, 43.47197527], [-1.54327108, 43.47210294], [-1.54325369, 43.47219719], [-1.54323602, 43.47229236], [-1.54323218, 43.47231406], [-1.54315804, 43.47216581], [-1.5431368, 43.47212319], [-1.54311601, 43.47208165], [-1.54310306, 43.47205565], [-1.54300527, 43.47193556], [-1.5429858, 43.47191181], [-1.54290327, 43.47181068]], [[-1.54374531, 43.4708863], [-1.54374492, 43.4707915], [-1.54325528, 43.470863], [-1.54358903, 43.4712718], [-1.54400091, 43.47123294], [-1.54378228, 43.47099925], [-1.54376113, 43.47094074], [-1.54374531, 43.4708863]]]]}, "geometry_name": "the_geom", "properties": {"gid": 3130286, "gpu_doc_id": "6345e561e148d0d60d85340d4b826649", "gpu_status": "production", "gpu_timestamp": "2025-10-08T08:09:54.942Z", "partition": "DU_64122", "libelle": "UYi", "libelong": "UYi", "typezone": "U", "destdomi": null, "nomfic": "64122_reglement_20250927.pdf#UY", "urlfic": "", "insee": null, "datappro": null, "datvalid": "20170923", "idurba": "64122_PLU_20250927", "idzone": null, "lib_idzone": "", "formdomi": null, "destoui": null, "destcdt": null, "destnon": null, "symbole": null}}, {"type": "Feature", "id": "zone_urba.3130289", "geometry": {"type": "MultiPolygon", "coordinates": [[[[-1.56636347, 43.47484967], [-1.56644786, 43.4746438], [-1.56651722, 43.47466029], [-1.56670645, 43.47471436], [-1.56689025, 43.47472412], [-1.56702938, 43.4748119], [-1.56712133, 43.47475525], [-1.56715691, 43.4747296], [-1.56718388, 43.47470283], [-1.56721531, 43.47466463], [-1.56731541, 43.47449687], [-1.56736614, 43.4744103], [-1.56715068, 43.47434132], [-1.5671788, 43.4741197], [-1.56720145, 43.47404832], [-1.56723952, 43.47393341], [-1.56724374, 43.47393188], [-1.56726152, 43.47385348], [-1.56728328, 43.47375697], [-1.56728505, 43.47374933], [-1.56728812, 43.47373559], [-1.5673271, 43.47356322], [-1.56739743, 43.47325223], [-1.56740358, 43.47317233], [-1.56796919, 43.47340814], [-1.56798197, 43.47342837], [-1.56799308, 43.47345281], [-1.56800209, 43.47348067], [-1.56800849, 43.47351161], [-1.56801005, 43.47353588], [-1.56800796, 43.47356589], [-1.56800376, 43.47358914], [-1.56799431, 43.4736134], [-1.56798027, 43.47363911], [-1.56767549, 43.47415888], [-1.56740497, 43.47462186], [-1.56736626, 43.47468353], [-1.56733333, 43.47472819], [-1.56729574, 43.47477178], [-1.56726651, 43.47479989], [-1.56724448, 43.47481807], [-1.56722298, 43.47483353], [-1.5669819, 43.47498317], [-1.56695203, 43.47500418], [-1.56691575, 43.4750406], [-1.5667525, 43.47502214], [-1.56653698, 43.47499005], [-1.5663257, 43.47497146], [-1.56636347, 43.47484967]]]]}, "geometry_name": "the_geom", "properties": {"gid": 3130289, "gpu_doc_id": "6345e561e148d0d60d85340d4b826649", "gpu_status": "production", "gpu_timestamp": "2025-10-08T08:09:54.942Z", "partition": "DU_64122", "libelle": "UD", "libelong": "UD", "typezone": "U", "destdomi": null, "nomfic": "64122_reglement_20250927.pdf#UD", "urlfic": "", "insee": null, "datappro": null, "datvalid": "20170923", "idurba": "64122_PLU_20250927", "idzone": null, "lib_idzone": "", "formdomi": null, "destoui": null, "destcdt": null, "destnon": null, "symbole": null}}, {"type": "Feature", "id": "zone_urba.3130292", "geometry": {"type": "MultiPolygon", "coordinates": [[[[-1.57074441, 43.46651913], [-1.57069824, 43.46652496], [-1.57064046, 43.46653014], [-1.57063936, 43.46653017], [-1.57045259, 43.46653678], [-1.57047625, 43.46686649], [-1.57048069, 43.4669259], [-1.57048014, 43.46692854], [-1.57048012, 43.4669287], [-1.5704798, 43.46693062], [-1.57047879, 43.46693392], [-1.57047871, 43.46693418], [-1.57047811, 43.46693592], [-1.57047769, 43.46693711], [-1.57047738, 43.46693793], [-1.57047676, 43.46693958], [-1.57047557, 43.46694179], [-1.57047437, 43.466944], [-1.5704728, 43.46694655], [-1.57047227, 43.46694741], [-1.57047025, 43.4669502], [-1.57046696, 43.46695412], [-1.57046293, 43.46695816], [-1.5704629, 43.46695818], [-1.57045824, 43.46696214], [-1.57045299, 43.46696594], [-1.57044599, 43.46697], [-1.57043967, 43.46697323], [-1.57046374, 43.46707171], [-1.5704204, 43.46707965], [-1.57046866, 43.46713969], [-1.57048023, 43.46718896], [-1.57044571, 43.46720082], [-1.5704081, 43.46721859], [-1.57034312, 43.46725548], [-1.57023811, 43.46734161], [-1.56989997, 43.46762944], [-1.5697594, 43.46757858], [-1.56959733, 43.46771527], [-1.56931499, 43.46795327], [-1.56928909, 43.46793961], [-1.56923631, 43.46793061], [-1.56927065, 43.46770605], [-1.56927393, 43.46768393], [-1.56934188, 43.46722185], [-1.56866506, 43.46724932], [-1.56857241, 43.46730122], [-1.56851059, 43.46734437], [-1.56846532, 43.46733409], [-1.56809932, 43.46719553], [-1.56738389, 43.46693402], [-1.56725741, 43.46690421], [-1.56725027, 43.4668489], [-1.56726158, 43.46685062], [-1.5672539, 43.46684552], [-1.56742566, 43.46669696], [-1.56759742, 43.46654839], [-1.56791928, 43.46648644], [-1.56829631, 43.46641387], [-1.56882273, 43.46619927], [-1.5689944, 43.46611213], [-1.56905278, 43.4661223], [-1.56912285, 43.46613445], [-1.56955962, 43.4662335], [-1.56971878, 43.46626959], [-1.5703147, 43.46640474], [-1.57035295, 43.4664134], [-1.57036748, 43.4664167], [-1.57044538, 43.46643792], [-1.57074441, 43.46651913]]]]}, "geometry_name": "the_geom", "properties": {"gid": 3130292, "gpu_doc_id": "6345e561e148d0d60d85340d4b826649", "gpu_status": "production", "gpu_timestamp": "2025-10-08T08:09:54.942Z", "partition": "DU_64122", "libelle": "UGbi", "libelong": "UGbi", "typezone": "U", "destdomi": null, "nomfic": "64122_reglement_20250927.pdf#UG", "urlfic": "", "insee": null, "datappro": null, "datvalid": "20190720", "idurba": "64122_PLU_20250927", "idzone": null, "lib_idzone": "", "formdomi": null, "destoui": null, "destcdt": null, "destnon": null, "symbole": null}}, {"type": "Feature", "id": "zone_urba.3130293", "geometry": {"type": "MultiPolygon", "coordinates": [[[[-1.5576451, 43.46878316], [-1.55753091, 43.46877606], [-1.55721772, 43.46880891], [-1.55671824, 43.46887027], [-1.55661538, 43.46889066], [-1.55702337, 43.46758215], [-1.55832778, 43.46750364], [-1.55880553, 43.46719526], [-1.55905015, 43.46721387], [-1.55933389, 43.46658723], [-1.5593926, 43.46652428], [-1.5594866, 43.46647611], [-1.55958359, 43.46648342], [-1.5608155, 43.46685792], [-1.56064906, 43.46743487], [-1.56061663, 43.4674405], [-1.56048424, 43.46754733], [-1.56035955, 43.46760455], [-1.56023543, 43.4676348], [-1.56011156, 43.4676516], [-1.56005426, 43.46766324], [-1.55991982, 43.46768623], [-1.55979309, 43.46771612], [-1.55968237, 43.4677599], [-1.55961892, 43.46784516], [-1.55962281, 43.46791892], [-1.55964258, 43.46800639], [-1.55965211, 43.46809923], [-1.55992788, 43.46840644], [-1.56001731, 43.46851655], [-1.55919797, 43.46887278], [-1.5591849, 43.4689079], [-1.5587708, 43.46920792], [-1.5587243, 43.46924039], [-1.55868159, 43.46921625], [-1.5581571, 43.4689888], [-1.5576451, 43.46878316]]]]}, "geometry_name": "the_geom", "properties": {"gid": 3130293, "gpu_doc_id": "6345e561e148d0d60d85340d4b826649", "gpu_status": "production", "gpu_timestamp": "2025-10-08T08:09:54.942Z", "partition": "DU_64122", "libelle": "Nh", "libelong": "Nh", "typezone": "N", "destdomi": null, "nomfic": "64122_reglement_20250927.pdf#N", "urlfic": "", "insee": null, "datappro": null, "datvalid": "20170923", "idurba": "64122_PLU_20250927", "idzone": null, "lib_idzone": "", "formdomi": null, "destoui": null, "destcdt": null, "destnon": null, "symbole": null}}, {"type": "Feature", "id": "zone_urba.3130296", "geometry": {"type": "MultiPolygon", "coordinates": [[[[-1.55441212, 43.47776874], [-1.5539354, 43.47745801], [-1.5537655, 43.47734916], [-1.55404021, 43.47735949], [-1.55406971, 43.47733993], [-1.55408477, 43.47730787], [-1.55414874, 43.47715301], [-1.55417224, 43.4771162], [-1.55422104, 43.47701024], [-1.55431991, 43.47679549], [-1.55437118, 43.47670765], [-1.5544419, 43.47673144], [-1.55453669, 43.47653515], [-1.55463963, 43.47633193], [-1.55468266, 43.47634441], [-1.554714, 43.47633478], [-1.55484666, 43.47637425], [-1.55496299, 43.47640869], [-1.55500097, 43.47641998], [-1.5552039, 43.47648023], [-1.5552925, 43.47650654], [-1.55559289, 43.47659581], [-1.55598398, 43.4767143], [-1.55609733, 43.47674858], [-1.55626918, 43.47680065], [-1.55640128, 43.47684077], [-1.5565092, 43.47688105], [-1.55651094, 43.47701518], [-1.55658597, 43.47719193], [-1.55671706, 43.47735685], [-1.55678958, 43.4774171], [-1.55681674, 43.47744541], [-1.55675535, 43.47748222], [-1.55669203, 43.47748301], [-1.55666371, 43.47748665], [-1.55664039, 43.47749424], [-1.55661171, 43.47750818], [-1.5565713, 43.47753565], [-1.55664234, 43.47754699], [-1.55667052, 43.47773734], [-1.5566782, 43.47774073], [-1.55669522, 43.47780812], [-1.55673744, 43.4779094], [-1.55660553, 43.47790677], [-1.55646607, 43.47790408], [-1.55642739, 43.47790327], [-1.55611946, 43.47789741], [-1.55581448, 43.47789117], [-1.5555912, 43.47788665], [-1.55550653, 43.47788495], [-1.55506975, 43.47787598], [-1.55505115, 43.47787564], [-1.55484016, 43.47787144], [-1.55469451, 43.47786891], [-1.55460169, 43.47786744], [-1.55454998, 43.47786624], [-1.55444554, 43.47781186], [-1.55441212, 43.47776874]]]]}, "geometry_name": "the_geom", "properties": {"gid": 3130296, "gpu_doc_id": "6345e561e148d0d60d85340d4b826649", "gpu_status": "production", "gpu_timestamp": "2025-10-08T08:09:54.942Z", "partition": "DU_64122", "libelle": "UDa", "libelong": "UDa", "typezone": "U", "destdomi": null, "nomfic": "64122_reglement_20250927.pdf#UD", "urlfic": "", "insee": null, "datappro": null, "datvalid": "20170923", "idurba": "64122_PLU_20250927", "idzone": null, "lib_idzone": "", "formdomi": null, "destoui": null, "destcdt": null, "destnon": null, "symbole": null}}, {"type": "Feature", "id": "zone_urba.3130297", "geometry": {"type": "MultiPolygon", "coordinates": [[[[-1.56766569, 43.47226208], [-1.56765137, 43.47225088], [-1.56762232, 43.47227795], [-1.56760086, 43.47226907], [-1.56750804, 43.47222947], [-1.56751611, 43.47221996], [-1.56747782, 43.47220273], [-1.56750848, 43.47216419], [-1.56752887, 43.47217366], [-1.56755986, 43.47213619], [-1.56751235, 43.47211662], [-1.56759797, 43.47201506], [-1.56761393, 43.47199513], [-1.5676276, 43.47194114], [-1.56762977, 43.47193871], [-1.56763728, 43.47192994], [-1.56768412, 43.47187597], [-1.56771033, 43.47184573], [-1.56771842, 43.4718364], [-1.56773461, 43.47181781], [-1.5677893, 43.47175471], [-1.56776446, 43.47174352], [-1.56777363, 43.47173216], [-1.56779758, 43.47170309], [-1.56784272, 43.47164793], [-1.56795431, 43.47170012], [-1.56796521, 43.47170528], [-1.56800728, 43.47166854], [-1.56801587, 43.47166099], [-1.56809279, 43.47159385], [-1.56799318, 43.47154127], [-1.56811548, 43.47145025], [-1.56821716, 43.47137825], [-1.56822519, 43.47138298], [-1.56828471, 43.47133635], [-1.56830623, 43.47134947], [-1.56839037, 43.47127772], [-1.56844484, 43.4711901], [-1.56847619, 43.47116244], [-1.56850208, 43.4711396], [-1.56853041, 43.47111459], [-1.56855585, 43.47109222], [-1.56871134, 43.47095517], [-1.56893233, 43.47076043], [-1.56881377, 43.47068617], [-1.56869962, 43.47061461], [-1.56863497, 43.47057857], [-1.56871269, 43.47049016], [-1.56919576, 43.46994065], [-1.56931845, 43.469799], [-1.5698696, 43.46916274], [-1.57005363, 43.46893264], [-1.5704311, 43.46846066], [-1.57048299, 43.4684746], [-1.57050529, 43.4684848], [-1.57075089, 43.46859784], [-1.57094778, 43.46868847], [-1.57106444, 43.46855538], [-1.57107596, 43.46854231], [-1.5710617, 43.46848716], [-1.57110121, 43.46845954], [-1.57112249, 43.46843292], [-1.57122811, 43.46830108], [-1.57135352, 43.46820448], [-1.57153372, 43.46826994], [-1.5716723, 43.46840336], [-1.57166469, 43.46842907], [-1.57168997, 43.4684361], [-1.57189654, 43.46814818], [-1.57210764, 43.46786288], [-1.57221423, 43.46788632], [-1.57219312, 43.4679334], [-1.57222175, 43.46789267], [-1.57237034, 43.46795974], [-1.57231195, 43.46804281], [-1.57225532, 43.46812466], [-1.57197645, 43.46852651], [-1.57179701, 43.46878161], [-1.57173734, 43.46886601], [-1.5716401, 43.46900726], [-1.57126338, 43.4695473], [-1.57103447, 43.46987432], [-1.56997225, 43.47169367], [-1.56981169, 43.47183417], [-1.5694904, 43.47210617], [-1.569257, 43.47230365], [-1.56890805, 43.47253527], [-1.56882782, 43.47262608], [-1.56866511, 43.47279578], [-1.56862427, 43.47285374], [-1.56860072, 43.47288983], [-1.56858765, 43.47291379], [-1.56854663, 43.47302891], [-1.56847704, 43.47313128], [-1.56822943, 43.47349663], [-1.56796919, 43.47340814], [-1.56740358, 43.47317233], [-1.56694734, 43.47303314], [-1.56678504, 43.47299666], [-1.56680977, 43.47293072], [-1.56712784, 43.47284629], [-1.56748241, 43.47274138], [-1.5677201, 43.47263071], [-1.56796068, 43.47247926], [-1.56794414, 43.47246008], [-1.5679078, 43.47243259], [-1.5678259, 43.47237193], [-1.56766569, 43.47226208]]]]}, "geometry_name": "the_geom", "properties": {"gid": 3130297, "gpu_doc_id": "6345e561e148d0d60d85340d4b826649", "gpu_status": "production", "gpu_timestamp": "2025-10-08T08:09:54.942Z", "partition": "DU_64122", "libelle": "NF", "libelong": "Nf", "typezone": "N", "destdomi": null, "nomfic": "64122_reglement_20250927.pdf#N", "urlfic": "", "insee": null, "datappro": null, "datvalid": "20170923", "idurba": "64122_PLU_20250927", "idzone": null, "lib_idzone": "", "formdomi": null, "destoui": null, "destcdt": null, "destnon": null, "symbole": null}}, {"type": "Feature", "id": "zone_urba.3130364", "geometry": {"type": "MultiPolygon", "coordinates": [[[[-1.56661522, 43.47411778], [-1.56667527, 43.47378984], [-1.56667851, 43.47377211], [-1.56669446, 43.47368503], [-1.56673114, 43.47314272], [-1.56678504, 43.47299666], [-1.56694734, 43.47303314], [-1.56740358, 43.47317233], [-1.56739743, 43.47325223], [-1.5673271, 43.47356322], [-1.56728812, 43.47373559], [-1.56728505, 43.47374933], [-1.56728328, 43.47375697], [-1.56726152, 43.47385348], [-1.56724374, 43.47393188], [-1.56723952, 43.47393341], [-1.56720145, 43.47404832], [-1.5669025, 43.47401834], [-1.56689067, 43.47405549], [-1.56680648, 43.47414816], [-1.56669729, 43.47412797], [-1.56661522, 43.47411778]]]]}, "geometry_name": "the_geom", "properties": {"gid": 3130364, "gpu_doc_id": "6345e561e148d0d60d85340d4b826649", "gpu_status": "production", "gpu_timestamp": "2025-10-08T08:09:54.942Z", "partition": "DU_64122", "libelle": "UBc", "libelong": "UBc", "typezone": "U", "destdomi": null, "nomfic": "64122_reglement_20250927.pdf#UB", "urlfic": "", "insee": null, "datappro": null, "datvalid": "20170923", "idurba": "64122_PLU_20250927", "idzone": null, "lib_idzone": "", "formdomi": null, "destoui": null, "destcdt": null, "destnon": null, "symbole": null}}, {"type": "Feature", "id": "zone_urba.3130346", "geometry": {"type": "MultiPolygon", "coordinates": [[[[-1.56479569, 43.47882181], [-1.56513737, 43.47803932], [-1.56522346, 43.47778475], [-1.5653807, 43.47757776], [-1.56542719, 43.477479], [-1.56543469, 43.47734602], [-1.56543192, 43.47726651], [-1.5654668, 43.47718206], [-1.56555335, 43.47711056], [-1.56557842, 43.47702188], [-1.56558111, 43.47693062], [-1.56561668, 43.47685537], [-1.56570506, 43.47668111], [-1.56611641, 43.47568715], [-1.56614871, 43.47554863], [-1.5663257, 43.47497146], [-1.56653698, 43.47499005], [-1.5667525, 43.47502214], [-1.56691575, 43.4750406], [-1.56689818, 43.47506383], [-1.56688371, 43.47508559], [-1.56683384, 43.47520502], [-1.56676908, 43.47537048], [-1.56671541, 43.47550855], [-1.56659795, 43.4758169], [-1.56664377, 43.47582383], [-1.56681568, 43.47585001], [-1.56674764, 43.47609573], [-1.56685886, 43.47611801], [-1.56686762, 43.47612253], [-1.56689343, 43.47612512], [-1.56656621, 43.47683346], [-1.566418, 43.4771543], [-1.56639156, 43.47717491], [-1.56627375, 43.47716802], [-1.56623251, 43.47742289], [-1.5663307, 43.47743387], [-1.56662526, 43.47746962], [-1.56651528, 43.47770754], [-1.5665472, 43.47771719], [-1.56646091, 43.47808984], [-1.56646212, 43.47810439], [-1.56647054, 43.47811596], [-1.5664888, 43.47812947], [-1.56652387, 43.4781554], [-1.56653122, 43.4781644], [-1.56654061, 43.47818233], [-1.56654161, 43.47819076], [-1.56653475, 43.47821988], [-1.56644046, 43.47820721], [-1.56643347, 43.4782064], [-1.56642623, 43.47820552], [-1.56632483, 43.47819213], [-1.56631744, 43.47822569], [-1.56623434, 43.47821684], [-1.56622328, 43.47826764], [-1.56611004, 43.47825482], [-1.56610058, 43.47828729], [-1.56607639, 43.47828338], [-1.56607066, 43.47830281], [-1.56603753, 43.47844087], [-1.56605, 43.47865258], [-1.56600627, 43.47878466], [-1.56598183, 43.47881366], [-1.56596396, 43.47886954], [-1.56596191, 43.47896968], [-1.56597494, 43.47897169], [-1.56594676, 43.47916454], [-1.56585611, 43.47917734], [-1.56575857, 43.47917245], [-1.56560576, 43.47915849], [-1.56546684, 43.47914498], [-1.56541845, 43.47912482], [-1.56532653, 43.47893487], [-1.56479569, 43.47882181]]]]}, "geometry_name": "the_geom", "properties": {"gid": 3130346, "gpu_doc_id": "6345e561e148d0d60d85340d4b826649", "gpu_status": "production", "gpu_timestamp": "2025-10-08T08:09:54.942Z", "partition": "DU_64122", "libelle": "NF", "libelong": "Nf", "typezone": "N", "destdomi": null, "nomfic": "64122_reglement_20250927.pdf#N", "urlfic": "", "insee": null, "datappro": null, "datvalid": "20170923", "idurba": "64122_PLU_20250927", "idzone": null, "lib_idzone": "", "formdomi": null, "destoui": null, "destcdt": null, "destnon": null, "symbole": null}}, {"type": "Feature", "id": "zone_urba.3130315", "geometry": {"type": "MultiPolygon", "coordinates": [[[[-1.55355188, 43.47168571], [-1.55357963, 43.47159294], [-1.55360232, 43.47151704], [-1.55355218, 43.47149198], [-1.55360414, 43.4712706], [-1.55360954, 43.47108731], [-1.55361522, 43.47090094], [-1.55360265, 43.47076378], [-1.5535933, 43.47065337], [-1.55364505, 43.47061355], [-1.5537252, 43.47062778], [-1.55412013, 43.47069709], [-1.55425944, 43.47072124], [-1.55441538, 43.47075429], [-1.55467947, 43.47081687], [-1.55480065, 43.4708668], [-1.55488689, 43.47090287], [-1.55496851, 43.47094336], [-1.55502433, 43.47097505], [-1.5550969, 43.47102203], [-1.55522987, 43.47101254], [-1.55524195, 43.47101179], [-1.55541828, 43.47097805], [-1.55580307, 43.47095608], [-1.55589484, 43.47087718], [-1.55615237, 43.47071538], [-1.55629325, 43.47083538], [-1.55636435, 43.47089585], [-1.5564288, 43.47095676], [-1.55645743, 43.47098718], [-1.55646822, 43.47100568], [-1.55647491, 43.47102903], [-1.55647502, 43.47105382], [-1.55651366, 43.47105743], [-1.55662347, 43.47109428], [-1.55670334, 43.47094022], [-1.55673103, 43.47089667], [-1.55677115, 43.47084704], [-1.55680323, 43.47082404], [-1.55685087, 43.47079575], [-1.55697296, 43.47074323], [-1.55699616, 43.47067255], [-1.55702039, 43.47060244], [-1.55691126, 43.47042539], [-1.55679969, 43.47024546], [-1.55669002, 43.4700677], [-1.55657841, 43.46988542], [-1.55646772, 43.46970726], [-1.55638928, 43.46958154], [-1.55637464, 43.46955436], [-1.55636758, 43.46952948], [-1.55636622, 43.46950295], [-1.55637579, 43.46945524], [-1.55629505, 43.46942481], [-1.55625577, 43.46945746], [-1.55622832, 43.4694745], [-1.55618756, 43.4694872], [-1.55593941, 43.46953875], [-1.55563285, 43.46960388], [-1.55562073, 43.4695043], [-1.5556037, 43.46937552], [-1.55559876, 43.46933749], [-1.55558706, 43.46924682], [-1.5555842, 43.46923914], [-1.55555082, 43.46914918], [-1.55553766, 43.46910564], [-1.55561954, 43.46908875], [-1.55562058, 43.46904556], [-1.55562346, 43.46878195], [-1.55563358, 43.46856241], [-1.55552451, 43.46853706], [-1.55552703, 43.46853444], [-1.55534825, 43.46848724], [-1.55522256, 43.46843145], [-1.55521921, 43.46828185], [-1.55520585, 43.46802952], [-1.55519635, 43.46779733], [-1.5551866, 43.46758677], [-1.55513064, 43.4675998], [-1.55493386, 43.46763832], [-1.5548625, 43.4674696], [-1.55485868, 43.46744811], [-1.55480901, 43.46716369], [-1.55478542, 43.46700488], [-1.55477164, 43.46690798], [-1.5547674, 43.46687759], [-1.55472265, 43.46677028], [-1.5547078, 43.46673553], [-1.55470361, 43.46672578], [-1.55463345, 43.46656152], [-1.5546297, 43.46655274], [-1.55454232, 43.46633174], [-1.55452332, 43.46628879], [-1.55447679, 43.46624626], [-1.55449037, 43.46622093], [-1.55444326, 43.46613842], [-1.55433433, 43.4659472], [-1.55407161, 43.46602564], [-1.55391499, 43.46578727], [-1.55380229, 43.465587], [-1.55388696, 43.46556058], [-1.55407999, 43.46550021], [-1.55413658, 43.46548238], [-1.55419386, 43.46546734], [-1.55390623, 43.46497027], [-1.55369525, 43.4645753], [-1.55343139, 43.46464666], [-1.55341367, 43.46465142], [-1.55334612, 43.4646697], [-1.55329392, 43.46460396], [-1.55316527, 43.46443029], [-1.55301434, 43.46422667], [-1.55290216, 43.46405649], [-1.55283938, 43.46396111], [-1.55322909, 43.46399979], [-1.55330389, 43.46400848], [-1.55379937, 43.46405745], [-1.55381713, 43.46402006], [-1.55407067, 43.46408423], [-1.55411733, 43.464096], [-1.5542079, 43.46411892], [-1.55443962, 43.46417764], [-1.55453486, 43.46420173], [-1.55483482, 43.46427776], [-1.55519382, 43.46436868], [-1.55526133, 43.46436417], [-1.55542991, 43.46406176], [-1.55549158, 43.46407457], [-1.5555494, 43.46409149], [-1.55582192, 43.46417122], [-1.555929, 43.46420314], [-1.556173, 43.46427876], [-1.55622552, 43.46429436], [-1.55613984, 43.46449813], [-1.55612155, 43.46454168], [-1.55611861, 43.46454855], [-1.55610335, 43.46458468], [-1.55608741, 43.46462154], [-1.55602475, 43.46476555], [-1.55636887, 43.46483791], [-1.55632933, 43.46496976], [-1.55679137, 43.46503668], [-1.55726669, 43.46511631], [-1.55686627, 43.46572308], [-1.55709432, 43.46576435], [-1.55701617, 43.46589525], [-1.5570386, 43.4658977], [-1.55711224, 43.46590597], [-1.55742865, 43.46594103], [-1.55753893, 43.46544069], [-1.55770272, 43.46545623], [-1.55809722, 43.46549419], [-1.5580715, 43.46601343], [-1.55831622, 43.46604053], [-1.55857666, 43.46606917], [-1.55882238, 43.4660964], [-1.55906554, 43.46612411], [-1.5592946, 43.46615029], [-1.55935934, 43.4661607], [-1.56006363, 43.46626875], [-1.5607782, 43.46625266], [-1.56113554, 43.46624468], [-1.56113897, 43.46609282], [-1.56171819, 43.46614707], [-1.56180728, 43.4661558], [-1.56213722, 43.46620021], [-1.5624038, 43.46623729], [-1.56268127, 43.46627565], [-1.56298276, 43.46654367], [-1.56299867, 43.46654159], [-1.56333702, 43.46650615], [-1.56367404, 43.46641917], [-1.56385159, 43.46647137], [-1.56403139, 43.4665241], [-1.56400049, 43.46662064], [-1.56436703, 43.46665268], [-1.56468666, 43.46668197], [-1.5649984, 43.46670736], [-1.56504027, 43.46650838], [-1.56542599, 43.46654404], [-1.56589271, 43.46659702], [-1.56648549, 43.46666089], [-1.56658861, 43.46668439], [-1.56661127, 43.46682357], [-1.56661613, 43.46686885], [-1.56716686, 43.46688729], [-1.56725741, 43.46690421], [-1.56738389, 43.46693402], [-1.56809932, 43.46719553], [-1.56846532, 43.46733409], [-1.56851059, 43.46734437], [-1.56857241, 43.46730122], [-1.56866506, 43.46724932], [-1.56934188, 43.46722185], [-1.56927393, 43.46768393], [-1.56927065, 43.46770605], [-1.56923631, 43.46793061], [-1.56928909, 43.46793961], [-1.56931499, 43.46795327], [-1.56959733, 43.46771527], [-1.5697594, 43.46757858], [-1.56989997, 43.46762944], [-1.5706449, 43.46809245], [-1.5707001, 43.46812431], [-1.57079594, 43.46800624], [-1.57087237, 43.46802925], [-1.57115382, 43.46813194], [-1.57135352, 43.46820448], [-1.57122811, 43.46830108], [-1.57112249, 43.46843292], [-1.57110121, 43.46845954], [-1.5710617, 43.46848716], [-1.57107596, 43.46854231], [-1.57106444, 43.46855538], [-1.57094778, 43.46868847], [-1.57075089, 43.46859784], [-1.57050529, 43.4684848], [-1.57048299, 43.4684746], [-1.5704311, 43.46846066], [-1.57005363, 43.46893264], [-1.5698696, 43.46916274], [-1.56931845, 43.469799], [-1.56924529, 43.46977265], [-1.56903224, 43.46969276], [-1.56902459, 43.46967573], [-1.56894864, 43.46969043], [-1.5686094, 43.46975606], [-1.56855024, 43.46976051], [-1.56879469, 43.46950683], [-1.56888671, 43.46936888], [-1.56927316, 43.46880156], [-1.56868518, 43.46870581], [-1.56867241, 43.4687038], [-1.56858799, 43.46869901], [-1.56789495, 43.46958441], [-1.56770662, 43.46983619], [-1.56712265, 43.46990581], [-1.5662827, 43.47009371], [-1.56537214, 43.4703143], [-1.56502156, 43.47035668], [-1.5646995, 43.4703753], [-1.56436929, 43.47039434], [-1.5629872, 43.47063642], [-1.56269278, 43.47090696], [-1.56266233, 43.47094145], [-1.56256356, 43.47085302], [-1.56248552, 43.47072429], [-1.56229532, 43.4707576], [-1.56126228, 43.47096911], [-1.56061726, 43.47113058], [-1.5611021, 43.47006623], [-1.5610027, 43.4700102], [-1.56068083, 43.46993568], [-1.56024514, 43.46986985], [-1.56022, 43.46991643], [-1.5600662, 43.47019412], [-1.55981514, 43.47012888], [-1.55981108, 43.47013742], [-1.55978642, 43.47018843], [-1.55966989, 43.47042994], [-1.55965247, 43.47047065], [-1.55877521, 43.47024879], [-1.55862345, 43.47053991], [-1.55855147, 43.47067797], [-1.55848932, 43.47066361], [-1.55823152, 43.47060088], [-1.55820879, 43.47063134], [-1.55815645, 43.47063495], [-1.55815903, 43.47066279], [-1.55816781, 43.47075394], [-1.55818238, 43.47090463], [-1.5581887, 43.47097109], [-1.55817041, 43.47104284], [-1.55811016, 43.47110797], [-1.5580233, 43.47120299], [-1.55802193, 43.47120449], [-1.55694586, 43.47133148], [-1.55662346, 43.47147178], [-1.55616043, 43.47145331], [-1.55615949, 43.47169409], [-1.55613028, 43.47177193], [-1.55606217, 43.47176534], [-1.55599681, 43.47175864], [-1.55551892, 43.47170893], [-1.55549951, 43.47170745], [-1.55534516, 43.47166108], [-1.555216, 43.47164194], [-1.55502872, 43.47161415], [-1.5550206, 43.47163578], [-1.5549899, 43.47172389], [-1.55500751, 43.47172761], [-1.55514883, 43.471757], [-1.55508979, 43.47191646], [-1.5550838, 43.47193775], [-1.55524026, 43.47196424], [-1.55526674, 43.47203702], [-1.55340887, 43.47217428], [-1.55343852, 43.47200822], [-1.55346849, 43.47186056], [-1.5534745, 43.47185653], [-1.55350305, 43.47183764], [-1.55352338, 43.47181818], [-1.55353768, 43.47180238], [-1.55355177, 43.47178055], [-1.55356014, 43.47175498], [-1.55356347, 43.47173484], [-1.55355888, 43.47170653], [-1.55355188, 43.47168571]], [[-1.56172894, 43.46900146], [-1.56182194, 43.46895085], [-1.56200746, 43.46877442], [-1.56200736, 43.46870838], [-1.56200721, 43.46864199], [-1.5620515, 43.46825198], [-1.56212045, 43.46763518], [-1.56209576, 43.46757134], [-1.56197679, 43.46728236], [-1.56186326, 43.4670066], [-1.56177041, 43.46699305], [-1.56175262, 43.46699673], [-1.56174431, 43.46699832], [-1.56171529, 43.46700398], [-1.56168545, 43.46700552], [-1.56165396, 43.46700316], [-1.56162647, 43.46700128], [-1.56160307, 43.46699796], [-1.56126705, 43.46695159], [-1.56117052, 43.46736467], [-1.56113944, 43.46748353], [-1.56113437, 43.46750646], [-1.56064906, 43.46743487], [-1.5608155, 43.46685792], [-1.55958359, 43.46648342], [-1.5594866, 43.46647611], [-1.5593926, 43.46652428], [-1.55933389, 43.46658723], [-1.55905015, 43.46721387], [-1.55880553, 43.46719526], [-1.55832778, 43.46750364], [-1.55702337, 43.46758215], [-1.55661538, 43.46889066], [-1.55671824, 43.46887027], [-1.55721772, 43.46880891], [-1.55753091, 43.46877606], [-1.5576451, 43.46878316], [-1.5581571, 43.4689888], [-1.55868159, 43.46921625], [-1.5587243, 43.46924039], [-1.55936524, 43.46964689], [-1.56005837, 43.46945811], [-1.56093399, 43.46923916], [-1.56116427, 43.46916576], [-1.56142453, 43.46908281], [-1.56157885, 43.46904114], [-1.56165114, 43.46902475], [-1.56172894, 43.46900146]]]]}, "geometry_name": "the_geom", "properties": {"gid": 3130315, "gpu_doc_id": "6345e561e148d0d60d85340d4b826649", "gpu_status": "production", "gpu_timestamp": "2025-10-08T08:09:54.942Z", "partition": "DU_64122", "libelle": "UDi", "libelong": "UDi", "typezone": "U", "destdomi": null, "nomfic": "64122_reglement_20250927.pdf#UD", "urlfic": "", "insee": null, "datappro": null, "datvalid": "20170923", "idurba": "64122_PLU_20250927", "idzone": null, "lib_idzone": "", "formdomi": null, "destoui": null, "destcdt": null, "destnon": null, "symbole": null}}, {"type": "Feature", "id": "zone_urba.3130317", "geometry": {"type": "MultiPolygon", "coordinates": [[[[-1.56390962, 43.47825764], [-1.5640602, 43.4776511], [-1.56468245, 43.47766254], [-1.56468491, 43.47761094], [-1.5646838, 43.4775944], [-1.56467919, 43.47754095], [-1.56467525, 43.47749486], [-1.56467141, 43.47745003], [-1.56466804, 43.47741158], [-1.56466185, 43.47741165], [-1.56466158, 43.47740462], [-1.56466074, 43.47738681], [-1.56465944, 43.47736108], [-1.56465721, 43.47731627], [-1.56465506, 43.47727093], [-1.56465278, 43.47722225], [-1.56465182, 43.47718593], [-1.56486427, 43.47718061], [-1.5648628, 43.47714704], [-1.56485836, 43.47699803], [-1.5648584, 43.47699523], [-1.56489314, 43.47699466], [-1.56489223, 43.47694936], [-1.56489149, 43.47691811], [-1.56479081, 43.47691899], [-1.56478913, 43.4768898], [-1.56478582, 43.47679078], [-1.56478369, 43.47672595], [-1.56478257, 43.47669435], [-1.56478192, 43.47667726], [-1.56477758, 43.47667724], [-1.56477574, 43.47657302], [-1.56474656, 43.47657517], [-1.56472859, 43.47650187], [-1.56467852, 43.47629895], [-1.56467163, 43.47625803], [-1.56460816, 43.47615237], [-1.56463962, 43.47614168], [-1.56463227, 43.47612707], [-1.56458615, 43.47605498], [-1.5645739, 43.47603681], [-1.5645663, 43.47602449], [-1.56460539, 43.47601086], [-1.56453676, 43.47589414], [-1.56451839, 43.47586719], [-1.5645751, 43.47584634], [-1.56455631, 43.4758162], [-1.56447929, 43.47569981], [-1.564477, 43.47570062], [-1.56442982, 43.47562902], [-1.56439939, 43.4755829], [-1.56439101, 43.47557033], [-1.56437099, 43.47553751], [-1.56431525, 43.4754575], [-1.56428642, 43.47541447], [-1.56428386, 43.47540177], [-1.56425957, 43.47536821], [-1.56424898, 43.47535278], [-1.56414951, 43.47538795], [-1.56413979, 43.47537044], [-1.56409792, 43.47530701], [-1.56414962, 43.47528828], [-1.5640947, 43.47521095], [-1.56413781, 43.47519302], [-1.56415608, 43.47518256], [-1.56406736, 43.47509253], [-1.56398151, 43.47514], [-1.563921, 43.47517297], [-1.56390952, 43.47515951], [-1.56383994, 43.47510295], [-1.56376442, 43.4750414], [-1.56362818, 43.47493095], [-1.56355458, 43.47488195], [-1.56349455, 43.47484889], [-1.56343194, 43.47481766], [-1.5633555, 43.47477859], [-1.56331766, 43.47475918], [-1.56314541, 43.47468045], [-1.5631766, 43.474629], [-1.56300712, 43.47455737], [-1.56297243, 43.47461825], [-1.56293729, 43.47467986], [-1.56289145, 43.4747576], [-1.5628686, 43.47475093], [-1.56286458, 43.47475873], [-1.56268634, 43.4747045], [-1.56259272, 43.47479673], [-1.56259791, 43.47484466], [-1.56255058, 43.47516473], [-1.56167885, 43.4750449], [-1.56169713, 43.4750084], [-1.56181145, 43.47477878], [-1.56184644, 43.47470862], [-1.56186791, 43.47466621], [-1.56189576, 43.47461156], [-1.5619198, 43.47456373], [-1.56195715, 43.47449032], [-1.56196199, 43.47448048], [-1.5619078, 43.47446767], [-1.5617343, 43.47442847], [-1.56172829, 43.47444908], [-1.56164794, 43.47444559], [-1.56158926, 43.47444205], [-1.56144565, 43.47443349], [-1.5609875, 43.47440313], [-1.56095341, 43.47440087], [-1.56092715, 43.47439903], [-1.5606551, 43.47438104], [-1.56056475, 43.47438614], [-1.56056513, 43.47448583], [-1.56035013, 43.47449921], [-1.56009066, 43.47451551], [-1.55980734, 43.47453222], [-1.55940867, 43.47475335], [-1.55935545, 43.47474517], [-1.55870719, 43.47464543], [-1.55867672, 43.47475796], [-1.55867142, 43.47477818], [-1.55863027, 43.47493009], [-1.55858816, 43.4750859], [-1.55857753, 43.4751258], [-1.55856741, 43.4751628], [-1.55853731, 43.47516255], [-1.55855202, 43.47522029], [-1.55874428, 43.47524721], [-1.55883902, 43.47526048], [-1.55876895, 43.47530256], [-1.55783166, 43.47542433], [-1.55762555, 43.47523393], [-1.55769473, 43.47505263], [-1.5576783, 43.47494513], [-1.55757606, 43.47481658], [-1.55750073, 43.47472187], [-1.5575694, 43.4747019], [-1.55801546, 43.47461752], [-1.55827272, 43.47454622], [-1.55826649, 43.47451385], [-1.55825788, 43.47446641], [-1.55824397, 43.47438935], [-1.55839638, 43.47435997], [-1.55838333, 43.4742863], [-1.55836777, 43.47414909], [-1.55851333, 43.47414387], [-1.55851072, 43.47399776], [-1.55850778, 43.47382389], [-1.55878637, 43.4737852], [-1.5589585, 43.47376135], [-1.55913566, 43.47373685], [-1.55914773, 43.47378749], [-1.55917335, 43.47389528], [-1.55930197, 43.47387721], [-1.559321, 43.47394975], [-1.55938714, 43.47394208], [-1.55959011, 43.47391837], [-1.55962978, 43.47391419], [-1.55960163, 43.47377918], [-1.55959255, 43.47373546], [-1.55956003, 43.47357894], [-1.55959642, 43.47357322], [-1.55991801, 43.47353021], [-1.55993787, 43.47352771], [-1.55998979, 43.47352323], [-1.55989101, 43.4730295], [-1.56036656, 43.47301831], [-1.560485, 43.47301712], [-1.56059289, 43.4730197], [-1.56078877, 43.47302385], [-1.56082135, 43.47300768], [-1.56085928, 43.47295363], [-1.56093314, 43.47295818], [-1.56107296, 43.47292426], [-1.56119019, 43.47293936], [-1.56137932, 43.47297502], [-1.56138362, 43.47296217], [-1.56140034, 43.47290255], [-1.56141472, 43.47285365], [-1.5618122, 43.47289815], [-1.56207093, 43.47276221], [-1.56261473, 43.47259116], [-1.56283909, 43.47252058], [-1.56301331, 43.47242904], [-1.56316359, 43.4722932], [-1.56326708, 43.47214965], [-1.56333122, 43.47202963], [-1.56342718, 43.47185007], [-1.56345601, 43.47174176], [-1.563552, 43.47169254], [-1.56364953, 43.47165604], [-1.56376624, 43.47158778], [-1.56422196, 43.4716871], [-1.56430514, 43.47170526], [-1.56431943, 43.47169108], [-1.5644343, 43.47157844], [-1.56453457, 43.47163496], [-1.56485863, 43.47129697], [-1.56487686, 43.47128102], [-1.56488233, 43.47126142], [-1.56508288, 43.47133803], [-1.56509726, 43.4713682], [-1.56511375, 43.47138188], [-1.56511612, 43.47138377], [-1.565196, 43.47145065], [-1.56522248, 43.47147529], [-1.56523724, 43.47148904], [-1.56538831, 43.47163567], [-1.56546962, 43.47167698], [-1.56548081, 43.47168754], [-1.56567911, 43.47158169], [-1.56617411, 43.47146093], [-1.56622254, 43.47146316], [-1.56628863, 43.47146631], [-1.5664105, 43.47125027], [-1.56652537, 43.47104668], [-1.56655122, 43.47099833], [-1.56661214, 43.47088927], [-1.56669064, 43.47074544], [-1.56653933, 43.47068185], [-1.5666078, 43.47056114], [-1.56666646, 43.47045667], [-1.56675437, 43.47034772], [-1.56679686, 43.47029473], [-1.56727835, 43.47050504], [-1.56746745, 43.47018846], [-1.56756824, 43.47003139], [-1.56757551, 43.47001154], [-1.56762211, 43.46994922], [-1.5681972, 43.47012691], [-1.56817488, 43.47015007], [-1.56808674, 43.47023929], [-1.56814864, 43.47026433], [-1.56831213, 43.47033042], [-1.56838501, 43.47035989], [-1.56854275, 43.47042359], [-1.56858999, 43.47044281], [-1.56865061, 43.47046727], [-1.56871269, 43.47049016], [-1.56863497, 43.47057857], [-1.56869962, 43.47061461], [-1.56881377, 43.47068617], [-1.56893233, 43.47076043], [-1.56871134, 43.47095517], [-1.56855585, 43.47109222], [-1.56853041, 43.47111459], [-1.56850208, 43.4711396], [-1.56847619, 43.47116244], [-1.56844484, 43.4711901], [-1.56839037, 43.47127772], [-1.56830623, 43.47134947], [-1.56828471, 43.47133635], [-1.56822519, 43.47138298], [-1.56821716, 43.47137825], [-1.56811548, 43.47145025], [-1.56799318, 43.47154127], [-1.56809279, 43.47159385], [-1.56801587, 43.47166099], [-1.56800728, 43.47166854], [-1.56796521, 43.47170528], [-1.56795431, 43.47170012], [-1.56784272, 43.47164793], [-1.56779758, 43.47170309], [-1.56777363, 43.47173216], [-1.56776446, 43.47174352], [-1.5677893, 43.47175471], [-1.56773461, 43.47181781], [-1.56771842, 43.4718364], [-1.56771033, 43.47184573], [-1.56768412, 43.47187597], [-1.56763728, 43.47192994], [-1.56762977, 43.47193871], [-1.5676276, 43.47194114], [-1.56761393, 43.47199513], [-1.56759797, 43.47201506], [-1.56751235, 43.47211662], [-1.56755986, 43.47213619], [-1.56752887, 43.47217366], [-1.56750848, 43.47216419], [-1.56747782, 43.47220273], [-1.56751611, 43.47221996], [-1.56750804, 43.47222947], [-1.56741622, 43.47219011], [-1.56736227, 43.47225661], [-1.56728749, 43.472349], [-1.56726538, 43.4723762], [-1.56726067, 43.47237441], [-1.56724278, 43.47239675], [-1.56716992, 43.47248852], [-1.56710657, 43.47256828], [-1.56701585, 43.47268276], [-1.56701813, 43.47268348], [-1.5669861, 43.47272189], [-1.56696587, 43.47274613], [-1.56693804, 43.4727795], [-1.56683717, 43.47290051], [-1.56682781, 43.47291107], [-1.56680977, 43.47293072], [-1.56678504, 43.47299666], [-1.56673114, 43.47314272], [-1.56669446, 43.47368503], [-1.56667851, 43.47377211], [-1.56667527, 43.47378984], [-1.56661522, 43.47411778], [-1.5666148, 43.47412012], [-1.56649707, 43.47452377], [-1.56644786, 43.4746438], [-1.56636347, 43.47484967], [-1.5663257, 43.47497146], [-1.56614871, 43.47554863], [-1.56611641, 43.47568715], [-1.56570506, 43.47668111], [-1.56561668, 43.47685537], [-1.56558111, 43.47693062], [-1.56557842, 43.47702188], [-1.56555335, 43.47711056], [-1.5654668, 43.47718206], [-1.56543192, 43.47726651], [-1.56543469, 43.47734602], [-1.56542719, 43.477479], [-1.5653807, 43.47757776], [-1.56522346, 43.47778475], [-1.56513737, 43.47803932], [-1.56479569, 43.47882181], [-1.56462718, 43.47871157], [-1.56398207, 43.47865379], [-1.56384884, 43.47864047], [-1.56390962, 43.47825764]]]]}, "geometry_name": "the_geom", "properties": {"gid": 3130317, "gpu_doc_id": "6345e561e148d0d60d85340d4b826649", "gpu_status": "production", "gpu_timestamp": "2025-10-08T08:09:54.942Z", "partition": "DU_64122", "libelle": "UBa", "libelong": "UBa", "typezone": "U", "destdomi": null, "nomfic": "64122_reglement_20250927.pdf#UB", "urlfic": "", "insee": null, "datappro": null, "datvalid": "20170923", "idurba": "64122_PLU_20250927", "idzone": null, "lib_idzone": "", "formdomi": null, "destoui": null, "destcdt": null, "destnon": null, "symbole": null}}, {"type": "Feature", "id": "zone_urba.3130348", "geometry": {"type": "MultiPolygon", "coordinates": [[[[-1.54207574, 43.46662136], [-1.54205087, 43.46662022], [-1.54172602, 43.46660529], [-1.54125147, 43.46645659], [-1.54160789, 43.46609961], [-1.54173112, 43.46612193], [-1.54266565, 43.46625567], [-1.54280343, 43.46613897], [-1.54285836, 43.46610039], [-1.54364576, 43.46543951], [-1.54365118, 43.46543253], [-1.54375821, 43.4653593], [-1.54412343, 43.46569132], [-1.54524821, 43.46542161], [-1.5456066, 43.46533524], [-1.54565703, 43.46532358], [-1.54580081, 43.46547807], [-1.54590743, 43.46559264], [-1.54602385, 43.46571772], [-1.54613124, 43.4658331], [-1.54631631, 43.46612842], [-1.54650989, 43.466568], [-1.54653753, 43.46669842], [-1.54644639, 43.46682597], [-1.54642132, 43.4668998], [-1.54639638, 43.46718759], [-1.54638245, 43.46734736], [-1.54638182, 43.46742554], [-1.54638387, 43.4676062], [-1.54639782, 43.46770553], [-1.54647844, 43.46789682], [-1.54495211, 43.46774247], [-1.54496372, 43.46769531], [-1.54506078, 43.46733613], [-1.54509532, 43.46718648], [-1.54444303, 43.46705924], [-1.54414253, 43.46700943], [-1.54308014, 43.46675689], [-1.54301518, 43.46674253], [-1.54274599, 43.46665218], [-1.54208506, 43.46662179], [-1.54207574, 43.46662136]]]]}, "geometry_name": "the_geom", "properties": {"gid": 3130348, "gpu_doc_id": "6345e561e148d0d60d85340d4b826649", "gpu_status": "production", "gpu_timestamp": "2025-10-08T08:09:54.942Z", "partition": "DU_64122", "libelle": "N", "libelong": "N", "typezone": "N", "destdomi": null, "nomfic": "64122_reglement_20250927.pdf#N", "urlfic": "", "insee": null, "datappro": null, "datvalid": "20170923", "idurba": "64122_PLU_20250927", "idzone": null, "lib_idzone": "", "formdomi": null, "destoui": null, "destcdt": null, "destnon": null, "symbole": null}}, {"type": "Feature", "id": "zone_urba.3130325", "geometry": {"type": "MultiPolygon", "coordinates": [[[[-1.56087911, 43.4724199], [-1.5606028, 43.47242101], [-1.56051974, 43.47238437], [-1.56042693, 43.47234982], [-1.56015643, 43.47225974], [-1.56015187, 43.4722583], [-1.56010883, 43.47224666], [-1.56025312, 43.47192993], [-1.56061726, 43.47113058], [-1.56126228, 43.47096911], [-1.56229532, 43.4707576], [-1.56248552, 43.47072429], [-1.56256356, 43.47085302], [-1.56266233, 43.47094145], [-1.56277178, 43.47103943], [-1.56281991, 43.47107583], [-1.56279939, 43.4711181], [-1.56273979, 43.47128479], [-1.56269588, 43.47145438], [-1.56264679, 43.47145659], [-1.56272488, 43.47175819], [-1.56268968, 43.47178077], [-1.56264825, 43.47181279], [-1.56260694, 43.47184471], [-1.56260363, 43.47186675], [-1.5626065, 43.4718852], [-1.56261514, 43.47190478], [-1.56262638, 43.47191949], [-1.56264973, 43.47193713], [-1.56267908, 43.47195048], [-1.56271054, 43.47195744], [-1.56274539, 43.47195678], [-1.56278095, 43.47194735], [-1.56280922, 43.4719346], [-1.56283044, 43.47191709], [-1.56284384, 43.47189438], [-1.56284714, 43.4718673], [-1.56284158, 43.47184254], [-1.56300761, 43.4720397], [-1.56300461, 43.4721027], [-1.56289683, 43.4722487], [-1.56271035, 43.47236178], [-1.56238245, 43.47235598], [-1.56200929, 43.47240446], [-1.56189749, 43.47241908], [-1.56179758, 43.47243205], [-1.56175836, 43.4724372], [-1.56175734, 43.4724285], [-1.56165272, 43.47241813], [-1.56123123, 43.47241949], [-1.56087911, 43.4724199]]]]}, "geometry_name": "the_geom", "properties": {"gid": 3130325, "gpu_doc_id": "6345e561e148d0d60d85340d4b826649", "gpu_status": "production", "gpu_timestamp": "2025-10-08T08:09:54.942Z", "partition": "DU_64122", "libelle": "UH", "libelong": "UH", "typezone": "U", "destdomi": null, "nomfic": "64122_reglement_20250927.pdf#UH", "urlfic": "", "insee": null, "datappro": null, "datvalid": "20170923", "idurba": "64122_PLU_20250927", "idzone": null, "lib_idzone": "", "formdomi": null, "destoui": null, "destcdt": null, "destnon": null, "symbole": null}}, {"type": "Feature", "id": "zone_urba.3130329", "geometry": {"type": "MultiPolygon", "coordinates": [[[[-1.559321, 43.47394975], [-1.55930197, 43.47387721], [-1.55917335, 43.47389528], [-1.55914773, 43.47378749], [-1.55913566, 43.47373685], [-1.55912447, 43.47368979], [-1.55913663, 43.47367516], [-1.55914547, 43.47360459], [-1.55917633, 43.47335943], [-1.55917728, 43.47334894], [-1.55917125, 43.47334106], [-1.55916235, 43.47333466], [-1.55916261, 43.473207], [-1.5591632, 43.47311873], [-1.55916357, 43.47307553], [-1.55916377, 43.47303171], [-1.55916434, 43.47295642], [-1.55916452, 43.47291071], [-1.55916531, 43.47279845], [-1.55916528, 43.47277988], [-1.55914833, 43.47269699], [-1.55912972, 43.47260686], [-1.5591315, 43.4725692], [-1.55913389, 43.47251835], [-1.55913762, 43.47243725], [-1.55914199, 43.47234153], [-1.55914252, 43.4723287], [-1.55914219, 43.47231267], [-1.55913986, 43.47218359], [-1.55879619, 43.47217933], [-1.55880381, 43.47193798], [-1.5588046, 43.47188681], [-1.55915883, 43.47178878], [-1.55952942, 43.47181176], [-1.56025312, 43.47192993], [-1.56010883, 43.47224666], [-1.56015187, 43.4722583], [-1.56015643, 43.47225974], [-1.56042693, 43.47234982], [-1.56051974, 43.47238437], [-1.5606028, 43.47242101], [-1.56087911, 43.4724199], [-1.56123123, 43.47241949], [-1.56165272, 43.47241813], [-1.56175734, 43.4724285], [-1.56175836, 43.4724372], [-1.56179758, 43.47243205], [-1.56189749, 43.47241908], [-1.56200929, 43.47240446], [-1.56238245, 43.47235598], [-1.56271035, 43.47236178], [-1.56289683, 43.4722487], [-1.56300461, 43.4721027], [-1.56300761, 43.4720397], [-1.56284158, 43.47184254], [-1.56284714, 43.4718673], [-1.56284384, 43.47189438], [-1.56283044, 43.47191709], [-1.56280922, 43.4719346], [-1.56278095, 43.47194735], [-1.56274539, 43.47195678], [-1.56271054, 43.47195744], [-1.56267908, 43.47195048], [-1.56264973, 43.47193713], [-1.56262638, 43.47191949], [-1.56261514, 43.47190478], [-1.5626065, 43.4718852], [-1.56260363, 43.47186675], [-1.56260694, 43.47184471], [-1.56264825, 43.47181279], [-1.56268968, 43.47178077], [-1.56272488, 43.47175819], [-1.56264679, 43.47145659], [-1.56269588, 43.47145438], [-1.56273979, 43.47128479], [-1.56279939, 43.4711181], [-1.56281991, 43.47107583], [-1.56277178, 43.47103943], [-1.56266233, 43.47094145], [-1.56269278, 43.47090696], [-1.5629872, 43.47063642], [-1.56436929, 43.47039434], [-1.5646995, 43.4703753], [-1.56469693, 43.47037984], [-1.56464529, 43.47047068], [-1.56457524, 43.47052213], [-1.5645536, 43.4705354], [-1.56411658, 43.47080289], [-1.56408982, 43.47081919], [-1.56389069, 43.47094048], [-1.56383266, 43.47106176], [-1.56369797, 43.47134168], [-1.56367013, 43.47139976], [-1.56360167, 43.4715421], [-1.56360093, 43.47154384], [-1.56358966, 43.471567], [-1.56352684, 43.47155616], [-1.5634813, 43.47164672], [-1.56345601, 43.47174176], [-1.56342718, 43.47185007], [-1.56333122, 43.47202963], [-1.56326708, 43.47214965], [-1.56316359, 43.4722932], [-1.56301331, 43.47242904], [-1.56283909, 43.47252058], [-1.56261473, 43.47259116], [-1.56207093, 43.47276221], [-1.5618122, 43.47289815], [-1.56141472, 43.47285365], [-1.56140034, 43.47290255], [-1.56138362, 43.47296217], [-1.56137932, 43.47297502], [-1.56119019, 43.47293936], [-1.56107296, 43.47292426], [-1.56093314, 43.47295818], [-1.56085928, 43.47295363], [-1.56082135, 43.47300768], [-1.56078877, 43.47302385], [-1.56059289, 43.4730197], [-1.560485, 43.47301712], [-1.56036656, 43.47301831], [-1.55989101, 43.4730295], [-1.55998979, 43.47352323], [-1.55993787, 43.47352771], [-1.55991801, 43.47353021], [-1.55959642, 43.47357322], [-1.55956003, 43.47357894], [-1.55959255, 43.47373546], [-1.55960163, 43.47377918], [-1.55962978, 43.47391419], [-1.55959011, 43.47391837], [-1.55938714, 43.47394208], [-1.559321, 43.47394975]]]]}, "geometry_name": "the_geom", "properties": {"gid": 3130329, "gpu_doc_id": "6345e561e148d0d60d85340d4b826649", "gpu_status": "production", "gpu_timestamp": "2025-10-08T08:09:54.942Z", "partition": "DU_64122", "libelle": "UDa", "libelong": "UDa", "typezone": "U", "destdomi": null, "nomfic": "64122_reglement_20250927.pdf#UD", "urlfic": "", "insee": null, "datappro": null, "datvalid": "20170923", "idurba": "64122_PLU_20250927", "idzone": null, "lib_idzone": "", "formdomi": null, "destoui": null, "destcdt": null, "destnon": null, "symbole": null}}, {"type": "Feature", "id": "zone_urba.3130334", "geometry": {"type": "MultiPolygon", "coordinates": [[[[-1.55706184, 43.48004706], [-1.55669039, 43.47974056], [-1.55659253, 43.47966177], [-1.55653175, 43.47962018], [-1.55643877, 43.47957013], [-1.5563362, 43.47952613], [-1.55600364, 43.47943904], [-1.55594852, 43.47942698], [-1.5559102, 43.47942759], [-1.55587813, 43.47943427], [-1.55584512, 43.47944973], [-1.55582541, 43.47947259], [-1.55582283, 43.47950271], [-1.55583116, 43.47951644], [-1.55582316, 43.47952054], [-1.55577954, 43.47954434], [-1.55569804, 43.47948434], [-1.55551616, 43.47933288], [-1.55496644, 43.47886745], [-1.55481679, 43.47873996], [-1.55475132, 43.47859509], [-1.55451585, 43.47833012], [-1.55417189, 43.47803365], [-1.55423633, 43.47798442], [-1.55432954, 43.47791556], [-1.55444554, 43.47781186], [-1.55454998, 43.47786624], [-1.55460169, 43.47786744], [-1.55469451, 43.47786891], [-1.55484016, 43.47787144], [-1.55505115, 43.47787564], [-1.55506975, 43.47787598], [-1.55550653, 43.47788495], [-1.5555912, 43.47788665], [-1.55581448, 43.47789117], [-1.55611946, 43.47789741], [-1.55642739, 43.47790327], [-1.55646607, 43.47790408], [-1.55660553, 43.47790677], [-1.55673744, 43.4779094], [-1.55669522, 43.47780812], [-1.5566782, 43.47774073], [-1.55667052, 43.47773734], [-1.55664234, 43.47754699], [-1.5565713, 43.47753565], [-1.55661171, 43.47750818], [-1.55664039, 43.47749424], [-1.55666371, 43.47748665], [-1.55669203, 43.47748301], [-1.55675535, 43.47748222], [-1.55681674, 43.47744541], [-1.55678958, 43.4774171], [-1.55671706, 43.47735685], [-1.55658597, 43.47719193], [-1.55651094, 43.47701518], [-1.5565092, 43.47688105], [-1.55640128, 43.47684077], [-1.55626918, 43.47680065], [-1.55609733, 43.47674858], [-1.55598398, 43.4767143], [-1.55559289, 43.47659581], [-1.5552925, 43.47650654], [-1.5552039, 43.47648023], [-1.55522619, 43.47643903], [-1.55539888, 43.47616005], [-1.55542604, 43.47616899], [-1.55577495, 43.47628311], [-1.55579969, 43.47629115], [-1.55604204, 43.476369], [-1.55616074, 43.47640704], [-1.55628136, 43.4764459], [-1.55638941, 43.47648057], [-1.55648466, 43.47651124], [-1.55651395, 43.47653893], [-1.55661079, 43.47657584], [-1.55666217, 43.47661258], [-1.55669762, 43.47661316], [-1.55673244, 43.47664361], [-1.55676447, 43.47667145], [-1.55693112, 43.47678972], [-1.55707057, 43.47688363], [-1.55710725, 43.47690913], [-1.55728227, 43.47685895], [-1.55735375, 43.47699097], [-1.55736596, 43.47701357], [-1.5573649, 43.47701767], [-1.55750538, 43.47710703], [-1.55757606, 43.47715183], [-1.5575997, 43.47716668], [-1.55783696, 43.47731559], [-1.55789559, 43.47734653], [-1.5579014, 43.47733143], [-1.5579301, 43.47725646], [-1.55796024, 43.47717766], [-1.55799822, 43.47708448], [-1.55806649, 43.47694584], [-1.55808939, 43.47689932], [-1.55841432, 43.47697562], [-1.55841874, 43.47697671], [-1.55880406, 43.47706766], [-1.55873413, 43.47731449], [-1.5588074, 43.47732489], [-1.55897236, 43.4773491], [-1.55895573, 43.47740655], [-1.55908752, 43.47742757], [-1.55908401, 43.47744367], [-1.55915249, 43.4775384], [-1.55919825, 43.47751811], [-1.55927138, 43.47749106], [-1.55933198, 43.47746874], [-1.55938942, 43.47743564], [-1.55940098, 43.47744456], [-1.55938971, 43.47750423], [-1.55935708, 43.4776758], [-1.55935169, 43.47770306], [-1.55932642, 43.47783567], [-1.55929997, 43.47797392], [-1.55927449, 43.47810699], [-1.55927917, 43.4781405], [-1.55925116, 43.47816912], [-1.55922648, 43.4782084], [-1.55930071, 43.47822278], [-1.55924154, 43.47835718], [-1.55922811, 43.47838791], [-1.55918045, 43.47839286], [-1.5591818, 43.47839939], [-1.55914138, 43.47840847], [-1.55881633, 43.47848172], [-1.55888913, 43.47865291], [-1.55897256, 43.47884532], [-1.55886385, 43.47886657], [-1.55895822, 43.4790845], [-1.55899065, 43.47916245], [-1.5588259, 43.47919926], [-1.55854488, 43.47921722], [-1.5576173, 43.47915727], [-1.55766874, 43.47873832], [-1.55766703, 43.47871207], [-1.55728623, 43.47877318], [-1.55726499, 43.47896135], [-1.55717059, 43.47901367], [-1.55714989, 43.47919586], [-1.55711261, 43.47952267], [-1.55710465, 43.47959356], [-1.55710116, 43.4796248], [-1.5572055, 43.47962951], [-1.55721867, 43.47964017], [-1.55721559, 43.47966859], [-1.55728983, 43.47967305], [-1.5572792, 43.47976785], [-1.55759774, 43.47978473], [-1.55760777, 43.47969518], [-1.55792952, 43.47970698], [-1.55775563, 43.47998807], [-1.55774944, 43.47999796], [-1.55772448, 43.48004771], [-1.55776896, 43.48005894], [-1.558623, 43.48023817], [-1.55874586, 43.48060452], [-1.55746427, 43.48034874], [-1.55709155, 43.48025414], [-1.55703798, 43.48023662], [-1.55707373, 43.4801882], [-1.55709565, 43.4801584], [-1.55710914, 43.48012686], [-1.55710776, 43.48009671], [-1.55709392, 43.4800722], [-1.55706184, 43.48004706]]]]}, "geometry_name": "the_geom", "properties": {"gid": 3130334, "gpu_doc_id": "6345e561e148d0d60d85340d4b826649", "gpu_status": "production", "gpu_timestamp": "2025-10-08T08:09:54.942Z", "partition": "DU_64122", "libelle": "UB", "libelong": "UB", "typezone": "U", "destdomi": null, "nomfic": "64122_reglement_20250927.pdf#UB", "urlfic": "", "insee": null, "datappro": null, "datvalid": "20170923", "idurba": "64122_PLU_20250927", "idzone": null, "lib_idzone": "", "formdomi": null, "destoui": null, "destcdt": null, "destnon": null, "symbole": null}}, {"type": "Feature", "id": "zone_urba.3130338", "geometry": {"type": "MultiPolygon", "coordinates": [[[[-1.56185655, 43.47895315], [-1.56164438, 43.47868928], [-1.56163146, 43.47869278], [-1.56140981, 43.47878476], [-1.56128101, 43.47878075], [-1.56126746, 43.47898889], [-1.56126637, 43.47902229], [-1.56090746, 43.47901192], [-1.56053317, 43.47900111], [-1.56053297, 43.4789718], [-1.56054005, 43.47879962], [-1.56054216, 43.47874491], [-1.56037439, 43.47874118], [-1.56020018, 43.47873735], [-1.560022, 43.4787334], [-1.55996153, 43.47873404], [-1.55995747, 43.47881783], [-1.55989494, 43.4788356], [-1.55967407, 43.47883019], [-1.55962535, 43.4788277], [-1.55962107, 43.47880668], [-1.5595989, 43.47871038], [-1.55959781, 43.47869907], [-1.55959186, 43.47863756], [-1.55959029, 43.47861643], [-1.55959058, 43.47856901], [-1.55959328, 43.47843918], [-1.55959402, 43.47840435], [-1.55959741, 43.47827063], [-1.55960937, 43.47822507], [-1.55980546, 43.47827529], [-1.56016396, 43.47828471], [-1.56072459, 43.47829795], [-1.56137991, 43.47830387], [-1.56083521, 43.47761322], [-1.56076202, 43.47761877], [-1.56051533, 43.47760402], [-1.56026155, 43.47758891], [-1.56027203, 43.47749537], [-1.56027246, 43.4774913], [-1.56027885, 43.47744292], [-1.56031039, 43.4774449], [-1.56032276, 43.47736126], [-1.56030327, 43.47736], [-1.56033265, 43.47709687], [-1.56028348, 43.47709314], [-1.56017269, 43.47708482], [-1.56006996, 43.47707662], [-1.5599123, 43.47706411], [-1.55985404, 43.47705957], [-1.55975026, 43.47704735], [-1.55948826, 43.4770149], [-1.55950816, 43.47673413], [-1.55936831, 43.47671947], [-1.55904297, 43.47668266], [-1.55896509, 43.47667421], [-1.55896791, 43.47666715], [-1.55904864, 43.47646997], [-1.55906687, 43.47642562], [-1.55912718, 43.47627828], [-1.55920446, 43.47608952], [-1.5592289, 43.4760371], [-1.55886885, 43.47593202], [-1.558673, 43.475869], [-1.55830168, 43.47574595], [-1.5580464, 43.47562256], [-1.55783166, 43.47542433], [-1.55876895, 43.47530256], [-1.55883902, 43.47526048], [-1.55897257, 43.47527919], [-1.55910992, 43.47529837], [-1.55941187, 43.47534042], [-1.55946335, 43.47533614], [-1.55941934, 43.47549411], [-1.55936049, 43.4757081], [-1.55931381, 43.4758864], [-1.55937706, 43.47588772], [-1.55956646, 43.47589456], [-1.55958297, 43.47589516], [-1.55976804, 43.4759019], [-1.55991402, 43.4759074], [-1.5600822, 43.47591345], [-1.56027931, 43.4759207], [-1.56038953, 43.47592473], [-1.56053382, 43.47592912], [-1.56065454, 43.4759329], [-1.56081906, 43.47593802], [-1.56087155, 43.47593973], [-1.56095569, 43.47594253], [-1.56110446, 43.47594737], [-1.56115808, 43.47594912], [-1.56131183, 43.47591617], [-1.56132695, 43.47590981], [-1.56134175, 43.47589083], [-1.56137584, 43.47577364], [-1.56141769, 43.4757338], [-1.56143047, 43.47572481], [-1.56150403, 43.47618239], [-1.56242108, 43.47622593], [-1.56345242, 43.47623153], [-1.56337596, 43.47564297], [-1.56311181, 43.47546115], [-1.56301523, 43.47537268], [-1.56293803, 43.47534964], [-1.56265459, 43.47528966], [-1.56252776, 43.47527934], [-1.56255058, 43.47516473], [-1.56259791, 43.47484466], [-1.56259272, 43.47479673], [-1.56268634, 43.4747045], [-1.56286458, 43.47475873], [-1.5628686, 43.47475093], [-1.56289145, 43.4747576], [-1.56293729, 43.47467986], [-1.56297243, 43.47461825], [-1.56300712, 43.47455737], [-1.5631766, 43.474629], [-1.56314541, 43.47468045], [-1.56331766, 43.47475918], [-1.5633555, 43.47477859], [-1.56343194, 43.47481766], [-1.56349455, 43.47484889], [-1.56355458, 43.47488195], [-1.56362818, 43.47493095], [-1.56376442, 43.4750414], [-1.56383994, 43.47510295], [-1.56390952, 43.47515951], [-1.563921, 43.47517297], [-1.56398151, 43.47514], [-1.56406736, 43.47509253], [-1.56415608, 43.47518256], [-1.56413781, 43.47519302], [-1.5640947, 43.47521095], [-1.56414962, 43.47528828], [-1.56409792, 43.47530701], [-1.56413979, 43.47537044], [-1.56414951, 43.47538795], [-1.56424898, 43.47535278], [-1.56425957, 43.47536821], [-1.56428386, 43.47540177], [-1.56428642, 43.47541447], [-1.56431525, 43.4754575], [-1.56437099, 43.47553751], [-1.56439101, 43.47557033], [-1.56439939, 43.4755829], [-1.56442982, 43.47562902], [-1.564477, 43.47570062], [-1.56447929, 43.47569981], [-1.56455631, 43.4758162], [-1.5645751, 43.47584634], [-1.56451839, 43.47586719], [-1.56453676, 43.47589414], [-1.56460539, 43.47601086], [-1.5645663, 43.47602449], [-1.5645739, 43.47603681], [-1.56458615, 43.47605498], [-1.56463227, 43.47612707], [-1.56463962, 43.47614168], [-1.56460816, 43.47615237], [-1.56467163, 43.47625803], [-1.56467852, 43.47629895], [-1.56472859, 43.47650187], [-1.56474656, 43.47657517], [-1.56477574, 43.47657302], [-1.56477758, 43.47667724], [-1.56478192, 43.47667726], [-1.56478257, 43.47669435], [-1.56478369, 43.47672595], [-1.56478582, 43.47679078], [-1.56478913, 43.4768898], [-1.56479081, 43.47691899], [-1.56489149, 43.47691811], [-1.56489223, 43.47694936], [-1.56489314, 43.47699466], [-1.5648584, 43.47699523], [-1.56485836, 43.47699803], [-1.5648628, 43.47714704], [-1.56486427, 43.47718061], [-1.56465182, 43.47718593], [-1.56465278, 43.47722225], [-1.56465506, 43.47727093], [-1.56465721, 43.47731627], [-1.56465944, 43.47736108], [-1.56466074, 43.47738681], [-1.56466158, 43.47740462], [-1.56466185, 43.47741165], [-1.56466804, 43.47741158], [-1.56467141, 43.47745003], [-1.56467525, 43.47749486], [-1.56467919, 43.47754095], [-1.5646838, 43.4775944], [-1.56468491, 43.47761094], [-1.56468245, 43.47766254], [-1.5640602, 43.4776511], [-1.56342984, 43.47761574], [-1.56229631, 43.47759474], [-1.56222036, 43.47807843], [-1.56390962, 43.47825764], [-1.56384884, 43.47864047], [-1.56257656, 43.47851316], [-1.56256328, 43.47855746], [-1.5625173, 43.47878392], [-1.56233141, 43.47876289], [-1.56232885, 43.47878002], [-1.56231414, 43.47887481], [-1.56231066, 43.47887458], [-1.56230956, 43.47888157], [-1.56227505, 43.47910739], [-1.56226739, 43.47913604], [-1.56190884, 43.47901161], [-1.56185655, 43.47895315]]]]}, "geometry_name": "the_geom", "properties": {"gid": 3130338, "gpu_doc_id": "6345e561e148d0d60d85340d4b826649", "gpu_status": "production", "gpu_timestamp": "2025-10-08T08:09:54.942Z", "partition": "DU_64122", "libelle": "UB", "libelong": "UB", "typezone": "U", "destdomi": null, "nomfic": "64122_reglement_20250927.pdf#UB", "urlfic": "", "insee": null, "datappro": null, "datvalid": "20170923", "idurba": "64122_PLU_20250927", "idzone": null, "lib_idzone": "", "formdomi": null, "destoui": null, "destcdt": null, "destnon": null, "symbole": null}}, {"type": "Feature", "id": "zone_urba.3130339", "geometry": {"type": "MultiPolygon", "coordinates": [[[[-1.55935708, 43.4776758], [-1.55938971, 43.47750423], [-1.55940098, 43.47744456], [-1.55938942, 43.47743564], [-1.55933198, 43.47746874], [-1.55927138, 43.47749106], [-1.55919825, 43.47751811], [-1.55915249, 43.4775384], [-1.55908401, 43.47744367], [-1.55908752, 43.47742757], [-1.55895573, 43.47740655], [-1.55897236, 43.4773491], [-1.5588074, 43.47732489], [-1.55873413, 43.47731449], [-1.55880406, 43.47706766], [-1.5588478, 43.47696362], [-1.55885889, 43.47693641], [-1.5588872, 43.47686614], [-1.55890613, 43.47681969], [-1.55896509, 43.47667421], [-1.55904297, 43.47668266], [-1.55936831, 43.47671947], [-1.55950816, 43.47673413], [-1.55948826, 43.4770149], [-1.55975026, 43.47704735], [-1.55985404, 43.47705957], [-1.5599123, 43.47706411], [-1.56006996, 43.47707662], [-1.56017269, 43.47708482], [-1.56028348, 43.47709314], [-1.56033265, 43.47709687], [-1.56030327, 43.47736], [-1.56032276, 43.47736126], [-1.56031039, 43.4774449], [-1.56027885, 43.47744292], [-1.56027246, 43.4774913], [-1.56027203, 43.47749537], [-1.56026155, 43.47758891], [-1.56051533, 43.47760402], [-1.56076202, 43.47761877], [-1.56083521, 43.47761322], [-1.56137991, 43.47830387], [-1.56072459, 43.47829795], [-1.56016396, 43.47828471], [-1.55980546, 43.47827529], [-1.55960937, 43.47822507], [-1.55927917, 43.4781405], [-1.55927449, 43.47810699], [-1.55929997, 43.47797392], [-1.55932642, 43.47783567], [-1.55935169, 43.47770306], [-1.55935708, 43.4776758]]]]}, "geometry_name": "the_geom", "properties": {"gid": 3130339, "gpu_doc_id": "6345e561e148d0d60d85340d4b826649", "gpu_status": "production", "gpu_timestamp": "2025-10-08T08:09:54.942Z", "partition": "DU_64122", "libelle": "UD", "libelong": "UD", "typezone": "U", "destdomi": null, "nomfic": "64122_reglement_20250927.pdf#UD", "urlfic": "", "insee": null, "datappro": null, "datvalid": "20170923", "idurba": "64122_PLU_20250927", "idzone": null, "lib_idzone": "", "formdomi": null, "destoui": null, "destcdt": null, "destnon": null, "symbole": null}}, {"type": "Feature", "id": "zone_urba.3130357", "geometry": {"type": "MultiPolygon", "coordinates": [[[[-1.54499189, 43.4774606], [-1.54506906, 43.47722938], [-1.54516559, 43.47690089], [-1.54529441, 43.47661175], [-1.54538481, 43.47635425], [-1.54550462, 43.47556447], [-1.54551695, 43.47556783], [-1.54592208, 43.47544722], [-1.54624308, 43.47534699], [-1.54633855, 43.47544977], [-1.54676052, 43.47580806], [-1.54688465, 43.47581606], [-1.5474227, 43.47612665], [-1.54775907, 43.47627203], [-1.5479127, 43.47632212], [-1.54829861, 43.47636306], [-1.54886536, 43.47641884], [-1.54894654, 43.47642682], [-1.5489902, 43.47643112], [-1.54898082, 43.47647795], [-1.54905553, 43.47649167], [-1.54904634, 43.47654529], [-1.54923291, 43.4765739], [-1.5492204, 43.47680391], [-1.54919285, 43.47680904], [-1.54916404, 43.47681441], [-1.54910555, 43.47682529], [-1.54905891, 43.47683389], [-1.54903564, 43.47683895], [-1.54899213, 43.47684815], [-1.54896582, 43.47685379], [-1.54891914, 43.47686374], [-1.5487992, 43.47689868], [-1.54859251, 43.47695903], [-1.54865629, 43.47708416], [-1.54866658, 43.47710439], [-1.54870964, 43.47718896], [-1.54873271, 43.47722943], [-1.5487864, 43.47731042], [-1.54880896, 43.47734253], [-1.54875917, 43.47736044], [-1.54874302, 43.4773664], [-1.54857339, 43.47742889], [-1.5485966, 43.47746304], [-1.54875533, 43.47770467], [-1.54858988, 43.47776195], [-1.54856039, 43.47765504], [-1.54820509, 43.47776957], [-1.54793075, 43.47786216], [-1.54790337, 43.47766402], [-1.54789107, 43.47756859], [-1.54786129, 43.47733142], [-1.54785452, 43.47729203], [-1.54783765, 43.47717181], [-1.54782965, 43.47716897], [-1.54743757, 43.47729974], [-1.54709333, 43.47741464], [-1.54691176, 43.4774749], [-1.54671037, 43.47754171], [-1.54648454, 43.47761768], [-1.54626414, 43.47769002], [-1.54603865, 43.477764], [-1.54597734, 43.47778517], [-1.54581247, 43.47784188], [-1.54570517, 43.47787721], [-1.5450663, 43.47808684], [-1.54506661, 43.47809107], [-1.54478388, 43.47815261], [-1.5447795, 43.4781439], [-1.54481815, 43.47801878], [-1.54499189, 43.4774606]]]]}, "geometry_name": "the_geom", "properties": {"gid": 3130357, "gpu_doc_id": "6345e561e148d0d60d85340d4b826649", "gpu_status": "production", "gpu_timestamp": "2025-10-08T08:09:54.942Z", "partition": "DU_64122", "libelle": "UCc", "libelong": "UCc", "typezone": "U", "destdomi": null, "nomfic": "64122_reglement_20250927.pdf#UC", "urlfic": "", "insee": null, "datappro": null, "datvalid": "20170923", "idurba": "64122_PLU_20250927", "idzone": null, "lib_idzone": "", "formdomi": null, "destoui": null, "destcdt": null, "destnon": null, "symbole": null}}, {"type": "Feature", "id": "zone_urba.3130362", "geometry": {"type": "MultiPolygon", "coordinates": [[[[-1.53835114, 43.47429997], [-1.53864915, 43.47343208], [-1.53895749, 43.47256346], [-1.53903717, 43.47256671], [-1.54016006, 43.47261134], [-1.54036168, 43.47261944], [-1.54044928, 43.47262339], [-1.54065653, 43.47268218], [-1.54053212, 43.47280214], [-1.5402477, 43.47293892], [-1.54023397, 43.47311911], [-1.54021915, 43.47331278], [-1.5402041, 43.47351179], [-1.54018915, 43.47370708], [-1.5401737, 43.47390898], [-1.54016026, 43.47408637], [-1.54005592, 43.47406975], [-1.53987142, 43.47404051], [-1.53954175, 43.47398823], [-1.53942277, 43.47433781], [-1.53938923, 43.47443622], [-1.53937241, 43.47449304], [-1.53932939, 43.47463887], [-1.53927501, 43.47480832], [-1.5392179, 43.47498599], [-1.53911556, 43.47530462], [-1.5390877, 43.47529959], [-1.53875055, 43.47524003], [-1.53853996, 43.47521119], [-1.53807813, 43.47512102], [-1.53802452, 43.47510737], [-1.53813896, 43.47487012], [-1.53821911, 43.47468447], [-1.53835114, 43.47429997]]]]}, "geometry_name": "the_geom", "properties": {"gid": 3130362, "gpu_doc_id": "6345e561e148d0d60d85340d4b826649", "gpu_status": "production", "gpu_timestamp": "2025-10-08T08:09:54.942Z", "partition": "DU_64122", "libelle": "UC", "libelong": "UC", "typezone": "U", "destdomi": null, "nomfic": "64122_reglement_20250927.pdf#UC", "urlfic": "", "insee": null, "datappro": null, "datvalid": "20170923", "idurba": "64122_PLU_20250927", "idzone": null, "lib_idzone": "", "formdomi": null, "destoui": null, "destcdt": null, "destnon": null, "symbole": null}}, {"type": "Feature", "id": "zone_urba.3130376", "geometry": {"type": "MultiPolygon", "coordinates": [[[[-1.56724278, 43.47239675], [-1.56726067, 43.47237441], [-1.56726538, 43.4723762], [-1.56728749, 43.472349], [-1.56736227, 43.47225661], [-1.56741622, 43.47219011], [-1.56750804, 43.47222947], [-1.56760086, 43.47226907], [-1.56762232, 43.47227795], [-1.56765137, 43.47225088], [-1.56766569, 43.47226208], [-1.5678259, 43.47237193], [-1.5679078, 43.47243259], [-1.56794414, 43.47246008], [-1.56796068, 43.47247926], [-1.5677201, 43.47263071], [-1.56748241, 43.47274138], [-1.56712784, 43.47284629], [-1.56680977, 43.47293072], [-1.56682781, 43.47291107], [-1.56683717, 43.47290051], [-1.56693804, 43.4727795], [-1.56696587, 43.47274613], [-1.5669861, 43.47272189], [-1.56701813, 43.47268348], [-1.56701585, 43.47268276], [-1.56710657, 43.47256828], [-1.56716992, 43.47248852], [-1.56724278, 43.47239675]]]]}, "geometry_name": "the_geom", "properties": {"gid": 3130376, "gpu_doc_id": "6345e561e148d0d60d85340d4b826649", "gpu_status": "production", "gpu_timestamp": "2025-10-08T08:09:54.942Z", "partition": "DU_64122", "libelle": "UDa", "libelong": "UDa", "typezone": "U", "destdomi": null, "nomfic": "64122_reglement_20250927.pdf#UD", "urlfic": "", "insee": null, "datappro": null, "datvalid": "20170923", "idurba": "64122_PLU_20250927", "idzone": null, "lib_idzone": "", "formdomi": null, "destoui": null, "destcdt": null, "destnon": null, "symbole": null}}, {"type": "Feature", "id": "zone_urba.3130379", "geometry": {"type": "MultiPolygon", "coordinates": [[[[-1.56649707, 43.47452377], [-1.5666148, 43.47412012], [-1.56661522, 43.47411778], [-1.56669729, 43.47412797], [-1.56680648, 43.47414816], [-1.56689067, 43.47405549], [-1.5669025, 43.47401834], [-1.56720145, 43.47404832], [-1.5671788, 43.4741197], [-1.56715068, 43.47434132], [-1.56736614, 43.4744103], [-1.56731541, 43.47449687], [-1.56721531, 43.47466463], [-1.56718388, 43.47470283], [-1.56715691, 43.4747296], [-1.56712133, 43.47475525], [-1.56702938, 43.4748119], [-1.56689025, 43.47472412], [-1.56670645, 43.47471436], [-1.56651722, 43.47466029], [-1.56644786, 43.4746438], [-1.56649707, 43.47452377]]]]}, "geometry_name": "the_geom", "properties": {"gid": 3130379, "gpu_doc_id": "6345e561e148d0d60d85340d4b826649", "gpu_status": "production", "gpu_timestamp": "2025-10-08T08:09:54.942Z", "partition": "DU_64122", "libelle": "UG", "libelong": "UG", "typezone": "U", "destdomi": null, "nomfic": "64122_reglement_20250927.pdf#UG", "urlfic": "", "insee": null, "datappro": null, "datvalid": "20170923", "idurba": "64122_PLU_20250927", "idzone": null, "lib_idzone": "", "formdomi": null, "destoui": null, "destcdt": null, "destnon": null, "symbole": null}}, {"type": "Feature", "id": "zone_urba.3130381", "geometry": {"type": "MultiPolygon", "coordinates": [[[[-1.55946335, 43.47533614], [-1.55941187, 43.47534042], [-1.55910992, 43.47529837], [-1.55897257, 43.47527919], [-1.55883902, 43.47526048], [-1.55874428, 43.47524721], [-1.55855202, 43.47522029], [-1.55853731, 43.47516255], [-1.55856741, 43.4751628], [-1.55857753, 43.4751258], [-1.55858816, 43.4750859], [-1.55863027, 43.47493009], [-1.55867142, 43.47477818], [-1.55867672, 43.47475796], [-1.55870719, 43.47464543], [-1.55935545, 43.47474517], [-1.55940867, 43.47475335], [-1.55980734, 43.47453222], [-1.56009066, 43.47451551], [-1.56035013, 43.47449921], [-1.56056513, 43.47448583], [-1.56056475, 43.47438614], [-1.5606551, 43.47438104], [-1.56092715, 43.47439903], [-1.56095341, 43.47440087], [-1.5609875, 43.47440313], [-1.56144565, 43.47443349], [-1.56158926, 43.47444205], [-1.56164794, 43.47444559], [-1.56172829, 43.47444908], [-1.5617343, 43.47442847], [-1.5619078, 43.47446767], [-1.56196199, 43.47448048], [-1.56195715, 43.47449032], [-1.5619198, 43.47456373], [-1.56189576, 43.47461156], [-1.56186791, 43.47466621], [-1.56184644, 43.47470862], [-1.56181145, 43.47477878], [-1.56169713, 43.4750084], [-1.56167885, 43.4750449], [-1.56143053, 43.47501245], [-1.56140391, 43.47506845], [-1.56141049, 43.47540237], [-1.56143047, 43.47572481], [-1.56141769, 43.4757338], [-1.56137584, 43.47577364], [-1.56134175, 43.47589083], [-1.56132695, 43.47590981], [-1.56131183, 43.47591617], [-1.56115808, 43.47594912], [-1.56110446, 43.47594737], [-1.56095569, 43.47594253], [-1.56087155, 43.47593973], [-1.56081906, 43.47593802], [-1.56065454, 43.4759329], [-1.56053382, 43.47592912], [-1.56038953, 43.47592473], [-1.56027931, 43.4759207], [-1.5600822, 43.47591345], [-1.55991402, 43.4759074], [-1.55976804, 43.4759019], [-1.55958297, 43.47589516], [-1.55956646, 43.47589456], [-1.55937706, 43.47588772], [-1.55931381, 43.4758864], [-1.55936049, 43.4757081], [-1.55941934, 43.47549411], [-1.55946335, 43.47533614]]]]}, "geometry_name": "the_geom", "properties": {"gid": 3130381, "gpu_doc_id": "6345e561e148d0d60d85340d4b826649", "gpu_status": "production", "gpu_timestamp": "2025-10-08T08:09:54.942Z", "partition": "DU_64122", "libelle": "UH", "libelong": "UH", "typezone": "U", "destdomi": null, "nomfic": "64122_reglement_20250927.pdf#UH", "urlfic": "", "insee": null, "datappro": null, "datvalid": "20170923", "idurba": "64122_PLU_20250927", "idzone": null, "lib_idzone": "", "formdomi": null, "destoui": null, "destcdt": null, "destnon": null, "symbole": null}}, {"type": "Feature", "id": "zone_urba.3130396", "geometry": {"type": "MultiPolygon", "coordinates": [[[[-1.57156143, 43.46709564], [-1.57176474, 43.46720024], [-1.57204216, 43.46739318], [-1.57257378, 43.4677408], [-1.57253039, 43.46779102], [-1.57250156, 43.46777305], [-1.57237034, 43.46795974], [-1.57222175, 43.46789267], [-1.57219312, 43.4679334], [-1.57221423, 43.46788632], [-1.57210764, 43.46786288], [-1.57189654, 43.46814818], [-1.57168997, 43.4684361], [-1.57166469, 43.46842907], [-1.5716723, 43.46840336], [-1.57153372, 43.46826994], [-1.57135352, 43.46820448], [-1.57115382, 43.46813194], [-1.57087237, 43.46802925], [-1.57079594, 43.46800624], [-1.5707001, 43.46812431], [-1.5706449, 43.46809245], [-1.56989997, 43.46762944], [-1.57023811, 43.46734161], [-1.57034312, 43.46725548], [-1.5704081, 43.46721859], [-1.57044571, 43.46720082], [-1.57048023, 43.46718896], [-1.57046866, 43.46713969], [-1.57054682, 43.4671128], [-1.57081302, 43.46707004], [-1.57117354, 43.46702601], [-1.57153466, 43.4669581], [-1.571697, 43.46694602], [-1.57156143, 43.46709564]]]]}, "geometry_name": "the_geom", "properties": {"gid": 3130396, "gpu_doc_id": "6345e561e148d0d60d85340d4b826649", "gpu_status": "production", "gpu_timestamp": "2025-10-08T08:09:54.942Z", "partition": "DU_64122", "libelle": "UGi", "libelong": "UGi", "typezone": "U", "destdomi": null, "nomfic": "64122_reglement_20250927.pdf#UG", "urlfic": "", "insee": null, "datappro": null, "datvalid": "20170923", "idurba": "64122_PLU_20250927", "idzone": null, "lib_idzone": "", "formdomi": null, "destoui": null, "destcdt": null, "destnon": null, "symbole": null}}, {"type": "Feature", "id": "zone_urba.3130397", "geometry": {"type": "MultiPolygon", "coordinates": [[[[-1.55025814, 43.47272464], [-1.5503216, 43.47270057], [-1.55034083, 43.4735442], [-1.55034172, 43.47357104], [-1.55029048, 43.47357217], [-1.55028389, 43.4735718], [-1.55006687, 43.47357127], [-1.54986408, 43.47357079], [-1.54972852, 43.47357047], [-1.54967318, 43.4735704], [-1.54959284, 43.47357024], [-1.54958034, 43.47357028], [-1.54958489, 43.47342677], [-1.54958554, 43.47340737], [-1.54957885, 43.47334333], [-1.54934666, 43.4730994], [-1.54938819, 43.47308015], [-1.5494483, 43.47305229], [-1.54966177, 43.47295298], [-1.55025814, 43.47272464]]]]}, "geometry_name": "the_geom", "properties": {"gid": 3130397, "gpu_doc_id": "6345e561e148d0d60d85340d4b826649", "gpu_status": "production", "gpu_timestamp": "2025-10-08T08:09:54.942Z", "partition": "DU_64122", "libelle": "UC", "libelong": "UC", "typezone": "U", "destdomi": null, "nomfic": "64122_reglement_20250927.pdf#UC", "urlfic": "", "insee": null, "datappro": null, "datvalid": "20170923", "idurba": "64122_PLU_20250927", "idzone": null, "lib_idzone": "", "formdomi": null, "destoui": null, "destcdt": null, "destnon": null, "symbole": null}}, {"type": "Feature", "id": "zone_urba.3130389", "geometry": {"type": "MultiPolygon", "coordinates": [[[[-1.55792952, 43.47970698], [-1.55760777, 43.47969518], [-1.55759774, 43.47978473], [-1.5572792, 43.47976785], [-1.55728983, 43.47967305], [-1.55721559, 43.47966859], [-1.55721867, 43.47964017], [-1.5572055, 43.47962951], [-1.55710116, 43.4796248], [-1.55710465, 43.47959356], [-1.55711261, 43.47952267], [-1.55714989, 43.47919586], [-1.55717059, 43.47901367], [-1.55726499, 43.47896135], [-1.55728623, 43.47877318], [-1.55766703, 43.47871207], [-1.55766874, 43.47873832], [-1.5576173, 43.47915727], [-1.55854488, 43.47921722], [-1.5588259, 43.47919926], [-1.55899065, 43.47916245], [-1.55895822, 43.4790845], [-1.55886385, 43.47886657], [-1.55897256, 43.47884532], [-1.55888913, 43.47865291], [-1.55881633, 43.47848172], [-1.55914138, 43.47840847], [-1.5591818, 43.47839939], [-1.55918045, 43.47839286], [-1.55922811, 43.47838791], [-1.55924154, 43.47835718], [-1.55930071, 43.47822278], [-1.55922648, 43.4782084], [-1.55925116, 43.47816912], [-1.55927917, 43.4781405], [-1.55960937, 43.47822507], [-1.55959741, 43.47827063], [-1.55959402, 43.47840435], [-1.55959328, 43.47843918], [-1.55959058, 43.47856901], [-1.55959029, 43.47861643], [-1.55959186, 43.47863756], [-1.55959781, 43.47869907], [-1.5595989, 43.47871038], [-1.55962107, 43.47880668], [-1.55962535, 43.4788277], [-1.55967407, 43.47883019], [-1.55989494, 43.4788356], [-1.55995747, 43.47881783], [-1.55998867, 43.47901339], [-1.56056466, 43.47904528], [-1.5604743, 43.48003735], [-1.55887222, 43.47995652], [-1.55861426, 43.47994382], [-1.55865227, 43.47973383], [-1.55848104, 43.47972726], [-1.5580421, 43.47971109], [-1.55799742, 43.47970952], [-1.55792952, 43.47970698]]]]}, "geometry_name": "the_geom", "properties": {"gid": 3130389, "gpu_doc_id": "6345e561e148d0d60d85340d4b826649", "gpu_status": "production", "gpu_timestamp": "2025-10-08T08:09:54.942Z", "partition": "DU_64122", "libelle": "UG", "libelong": "UG", "typezone": "U", "destdomi": null, "nomfic": "64122_reglement_20250927.pdf#UG", "urlfic": "", "insee": null, "datappro": null, "datvalid": "20170923", "idurba": "64122_PLU_20250927", "idzone": null, "lib_idzone": "", "formdomi": null, "destoui": null, "destcdt": null, "destnon": null, "symbole": null}}, {"type": "Feature", "id": "zone_urba.3130306", "geometry": {"type": "MultiPolygon", "coordinates": [[[[-1.54738689, 43.48100079], [-1.54739684, 43.48077026], [-1.54739954, 43.48071003], [-1.54740248, 43.48063969], [-1.54740551, 43.4805689], [-1.54741108, 43.48044077], [-1.54741283, 43.4803995], [-1.54741791, 43.48028139], [-1.54742013, 43.48022974], [-1.54742345, 43.48015452], [-1.54741557, 43.48010602], [-1.54715334, 43.48012773], [-1.54713573, 43.480086], [-1.54705714, 43.47984328], [-1.54700449, 43.47968139], [-1.54683691, 43.47940567], [-1.54681338, 43.47929238], [-1.54679248, 43.47919279], [-1.54677158, 43.4790849], [-1.54676615, 43.4790569], [-1.54675585, 43.47899494], [-1.54803487, 43.47838452], [-1.54867067, 43.47809647], [-1.54919099, 43.47791828], [-1.54919819, 43.47796006], [-1.54926533, 43.47823181], [-1.54931734, 43.47845331], [-1.54936712, 43.47866472], [-1.54937208, 43.47868634], [-1.54900616, 43.47936334], [-1.54895612, 43.47945609], [-1.54897593, 43.47992009], [-1.54897609, 43.4799682], [-1.54876625, 43.47998554], [-1.54884473, 43.48026628], [-1.54888858, 43.48026672], [-1.54903378, 43.48025486], [-1.54928639, 43.48023425], [-1.54949051, 43.48021754], [-1.54953364, 43.48030822], [-1.54959777, 43.48029146], [-1.54999891, 43.48018404], [-1.55033039, 43.48009541], [-1.55057932, 43.4800287], [-1.55068783, 43.47999962], [-1.55068901, 43.48002383], [-1.55069365, 43.48018248], [-1.55069585, 43.4802537], [-1.5507052, 43.48056054], [-1.55070778, 43.48061831], [-1.55071719, 43.48086773], [-1.55072304, 43.48101948], [-1.55039067, 43.48113942], [-1.5500765, 43.4812527], [-1.54969579, 43.48139023], [-1.54963635, 43.4814116], [-1.54963975, 43.48132754], [-1.54964759, 43.48113694], [-1.54965943, 43.4809816], [-1.54968172, 43.4809818], [-1.5496883, 43.48081901], [-1.54969714, 43.48081803], [-1.54968556, 43.48077558], [-1.54966, 43.48077974], [-1.54932252, 43.48083749], [-1.54910664, 43.4808943], [-1.54890725, 43.48095925], [-1.54895592, 43.4810941], [-1.54897235, 43.48122425], [-1.54894631, 43.48131519], [-1.54883099, 43.48144522], [-1.54876512, 43.48153753], [-1.54873995, 43.48176497], [-1.54853715, 43.48183875], [-1.54819368, 43.48177504], [-1.5479498, 43.4817079], [-1.54761888, 43.48159147], [-1.54736989, 43.48150709], [-1.54736631, 43.48144457], [-1.54736659, 43.48143843], [-1.54737177, 43.48132663], [-1.54737366, 43.48128716], [-1.54738266, 43.48109372], [-1.54738689, 43.48100079]]]]}, "geometry_name": "the_geom", "properties": {"gid": 3130306, "gpu_doc_id": "6345e561e148d0d60d85340d4b826649", "gpu_status": "production", "gpu_timestamp": "2025-10-08T08:09:54.942Z", "partition": "DU_64122", "libelle": "UH", "libelong": "UH", "typezone": "U", "destdomi": null, "nomfic": "64122_reglement_20250927.pdf#UH", "urlfic": "", "insee": null, "datappro": null, "datvalid": "20170923", "idurba": "64122_PLU_20250927", "idzone": null, "lib_idzone": "", "formdomi": null, "destoui": null, "destcdt": null, "destnon": null, "symbole": null}}, {"type": "Feature", "id": "zone_urba.3130392", "geometry": {"type": "MultiPolygon", "coordinates": [[[[-1.56222036, 43.47807843], [-1.56229631, 43.47759474], [-1.56342984, 43.47761574], [-1.5640602, 43.4776511], [-1.56390962, 43.47825764], [-1.56222036, 43.47807843]]]]}, "geometry_name": "the_geom", "properties": {"gid": 3130392, "gpu_doc_id": "6345e561e148d0d60d85340d4b826649", "gpu_status": "production", "gpu_timestamp": "2025-10-08T08:09:54.942Z", "partition": "DU_64122", "libelle": "UD", "libelong": "UD", "typezone": "U", "destdomi": null, "nomfic": "64122_reglement_20250927.pdf#UD", "urlfic": "", "insee": null, "datappro": null, "datvalid": "20170923", "idurba": "64122_PLU_20250927", "idzone": null, "lib_idzone": "", "formdomi": null, "destoui": null, "destcdt": null, "destnon": null, "symbole": null}}, {"type": "Feature", "id": "zone_urba.3130345", "geometry": {"type": "MultiPolygon", "coordinates": [[[[-1.53492611, 43.46437163], [-1.53510791, 43.46341563], [-1.53528162, 43.46250154], [-1.53561341, 43.46256604], [-1.5358195, 43.46263816], [-1.53735482, 43.46317509], [-1.53741059, 43.46319453], [-1.53769728, 43.46329256], [-1.53795813, 43.46282207], [-1.53845913, 43.46299882], [-1.5386256, 43.46305897], [-1.53821008, 43.46400152], [-1.53796344, 43.46400937], [-1.53776028, 43.46403963], [-1.5375283, 43.46410494], [-1.53727124, 43.46420838], [-1.53723821, 43.46423994], [-1.53715606, 43.46424467], [-1.53570946, 43.46433177], [-1.53528455, 43.46436714], [-1.53492122, 43.46439726], [-1.53492611, 43.46437163]]]]}, "geometry_name": "the_geom", "properties": {"gid": 3130345, "gpu_doc_id": "6345e561e148d0d60d85340d4b826649", "gpu_status": "production", "gpu_timestamp": "2025-10-08T08:09:54.942Z", "partition": "DU_64122", "libelle": "UG", "libelong": "UG", "typezone": "U", "destdomi": null, "nomfic": "64122_reglement_20250927.pdf#UG", "urlfic": "", "insee": null, "datappro": null, "datvalid": "20170923", "idurba": "64122_PLU_20250927", "idzone": null, "lib_idzone": "", "formdomi": null, "destoui": null, "destcdt": null, "destnon": null, "symbole": null}}, {"type": "Feature", "id": "zone_urba.3130314", "geometry": {"type": "MultiPolygon", "coordinates": [[[[-1.56882273, 43.46619927], [-1.56829631, 43.46641387], [-1.56791928, 43.46648644], [-1.56759742, 43.46654839], [-1.56742566, 43.46669696], [-1.5672539, 43.46684552], [-1.56722836, 43.4668285], [-1.56724855, 43.46680877], [-1.56720644, 43.46652837], [-1.56720326, 43.46648706], [-1.56736074, 43.46652136], [-1.56731245, 43.46627249], [-1.56721496, 43.46584401], [-1.56721221, 43.46583326], [-1.56752447, 43.46587406], [-1.56787294, 43.46591946], [-1.56792461, 43.46592624], [-1.56821132, 43.46597613], [-1.56824559, 43.46598217], [-1.56851421, 43.46602882], [-1.5685476, 43.46603468], [-1.5689944, 43.46611213], [-1.56882273, 43.46619927]]]]}, "geometry_name": "the_geom", "properties": {"gid": 3130314, "gpu_doc_id": "6345e561e148d0d60d85340d4b826649", "gpu_status": "production", "gpu_timestamp": "2025-10-08T08:09:54.942Z", "partition": "DU_64122", "libelle": "UDi", "libelong": "UDi", "typezone": "U", "destdomi": null, "nomfic": "64122_reglement_20250927.pdf#UD", "urlfic": "", "insee": null, "datappro": null, "datvalid": "20170923", "idurba": "64122_PLU_20250927", "idzone": null, "lib_idzone": "", "formdomi": null, "destoui": null, "destcdt": null, "destnon": null, "symbole": null}}, {"type": "Feature", "id": "zone_urba.3130360", "geometry": {"type": "MultiPolygon", "coordinates": [[[[-1.5672539, 43.46684552], [-1.56726158, 43.46685062], [-1.56725027, 43.4668489], [-1.56725741, 43.46690421], [-1.56716686, 43.46688729], [-1.56661613, 43.46686885], [-1.56661127, 43.46682357], [-1.56658861, 43.46668439], [-1.56648549, 43.46666089], [-1.56589271, 43.46659702], [-1.56542599, 43.46654404], [-1.56504027, 43.46650838], [-1.5649984, 43.46670736], [-1.56468666, 43.46668197], [-1.56436703, 43.46665268], [-1.56400049, 43.46662064], [-1.56403139, 43.4665241], [-1.56385159, 43.46647137], [-1.56367404, 43.46641917], [-1.56333702, 43.46650615], [-1.56299867, 43.46654159], [-1.56298276, 43.46654367], [-1.56268127, 43.46627565], [-1.5624038, 43.46623729], [-1.56213722, 43.46620021], [-1.56180728, 43.4661558], [-1.56171819, 43.46614707], [-1.56113897, 43.46609282], [-1.56113554, 43.46624468], [-1.5607782, 43.46625266], [-1.56006363, 43.46626875], [-1.55935934, 43.4661607], [-1.5592946, 43.46615029], [-1.55906554, 43.46612411], [-1.55882238, 43.4660964], [-1.55857666, 43.46606917], [-1.55831622, 43.46604053], [-1.5580715, 43.46601343], [-1.55809722, 43.46549419], [-1.55770272, 43.46545623], [-1.55753893, 43.46544069], [-1.55742865, 43.46594103], [-1.55711224, 43.46590597], [-1.5570386, 43.4658977], [-1.55701617, 43.46589525], [-1.55709432, 43.46576435], [-1.55686627, 43.46572308], [-1.55726669, 43.46511631], [-1.55679137, 43.46503668], [-1.55632933, 43.46496976], [-1.55636887, 43.46483791], [-1.55602475, 43.46476555], [-1.55608741, 43.46462154], [-1.55610335, 43.46458468], [-1.55611861, 43.46454855], [-1.55612155, 43.46454168], [-1.55613984, 43.46449813], [-1.55622552, 43.46429436], [-1.55641525, 43.4643508], [-1.55645738, 43.46434656], [-1.55660756, 43.46433174], [-1.55672656, 43.46431985], [-1.55747996, 43.464245], [-1.55773616, 43.46432451], [-1.55778189, 43.46433869], [-1.55791826, 43.46438105], [-1.55811789, 43.46444298], [-1.558757, 43.46442148], [-1.55880483, 43.46460484], [-1.55934115, 43.46459407], [-1.55946785, 43.46459519], [-1.55951862, 43.46459561], [-1.55951776, 43.46464054], [-1.55951425, 43.46479754], [-1.55978931, 43.46477681], [-1.56004559, 43.46475781], [-1.56009711, 43.46475406], [-1.56045864, 43.46472701], [-1.56072421, 43.46470719], [-1.56110805, 43.46464323], [-1.56109932, 43.46461914], [-1.56109864, 43.46458348], [-1.56109693, 43.46457705], [-1.56156244, 43.46478164], [-1.56161573, 43.46489203], [-1.56190212, 43.46492865], [-1.562206, 43.46496899], [-1.56220925, 43.46496941], [-1.562286, 43.46497953], [-1.56241107, 43.4649689], [-1.56244873, 43.46496859], [-1.56259074, 43.46480895], [-1.56261265, 43.46476436], [-1.56270765, 43.46470754], [-1.56291138, 43.46475915], [-1.56322967, 43.46483173], [-1.56329569, 43.46484084], [-1.56331602, 43.46484292], [-1.56338148, 43.46484934], [-1.56355323, 43.46479584], [-1.56403586, 43.46458318], [-1.56411907, 43.46471961], [-1.56432688, 43.46462701], [-1.56437745, 43.46469261], [-1.56458624, 43.46470093], [-1.56470288, 43.46477798], [-1.56473429, 43.4647743], [-1.56489499, 43.46486286], [-1.56496407, 43.46484326], [-1.56516177, 43.4649583], [-1.56513098, 43.46500009], [-1.56551342, 43.46501684], [-1.56552694, 43.4650173], [-1.56582091, 43.46502765], [-1.56612865, 43.46503519], [-1.5662989, 43.46503944], [-1.56630157, 43.46501058], [-1.56659125, 43.4650878], [-1.56708223, 43.46521718], [-1.5671082, 43.46536597], [-1.56713656, 43.46552846], [-1.56720639, 43.46581046], [-1.56721221, 43.46583326], [-1.56721496, 43.46584401], [-1.56731245, 43.46627249], [-1.56736074, 43.46652136], [-1.56720326, 43.46648706], [-1.56720644, 43.46652837], [-1.56724855, 43.46680877], [-1.56722836, 43.4668285], [-1.5672539, 43.46684552]]]]}, "geometry_name": "the_geom", "properties": {"gid": 3130360, "gpu_doc_id": "6345e561e148d0d60d85340d4b826649", "gpu_status": "production", "gpu_timestamp": "2025-10-08T08:09:54.942Z", "partition": "DU_64122", "libelle": "Ncu", "libelong": "Ncu", "typezone": "N", "destdomi": null, "nomfic": "64122_reglement_20250927.pdf#Ncu", "urlfic": "", "insee": null, "datappro": null, "datvalid": "20170923", "idurba": "64122_PLU_20250927", "idzone": null, "lib_idzone": "", "formdomi": null, "destoui": null, "destcdt": null, "destnon": null, "symbole": null}}, {"type": "Feature", "id": "zone_urba.3130380", "geometry": {"type": "MultiPolygon", "coordinates": [[[[-1.5716413, 43.46662195], [-1.5716354, 43.46656627], [-1.57134314, 43.46659644], [-1.57129292, 43.46642466], [-1.5710884, 43.46644935], [-1.57108282, 43.46641613], [-1.57099162, 43.46641308], [-1.57099868, 43.46643957], [-1.57087544, 43.46645492], [-1.57089228, 43.46652123], [-1.57082377, 43.46652367], [-1.57082024, 43.46650957], [-1.57074441, 43.46651913], [-1.57044538, 43.46643792], [-1.57036748, 43.4664167], [-1.57035295, 43.4664134], [-1.5703147, 43.46640474], [-1.56971878, 43.46626959], [-1.56955962, 43.4662335], [-1.56912285, 43.46613445], [-1.56905278, 43.4661223], [-1.5689944, 43.46611213], [-1.56927033, 43.46597157], [-1.56969091, 43.46575829], [-1.57011438, 43.46555237], [-1.57039102, 43.46543692], [-1.57039942, 43.46543334], [-1.57049213, 43.46543011], [-1.57073159, 43.46541836], [-1.5709749, 43.46540654], [-1.57111347, 43.46539609], [-1.57135589, 43.46536574], [-1.57144916, 43.46532219], [-1.57149036, 43.46528549], [-1.57172877, 43.46530262], [-1.571748, 43.46531142], [-1.57178941, 43.46535719], [-1.57184202, 43.46541848], [-1.57189521, 43.46548434], [-1.57194155, 43.46554957], [-1.57200143, 43.46563869], [-1.57203592, 43.46569447], [-1.57206694, 43.46575499], [-1.57210453, 43.46585221], [-1.57213173, 43.46594939], [-1.57214573, 43.4660223], [-1.5721518, 43.46610193], [-1.57214844, 43.46617617], [-1.5721341, 43.46626246], [-1.57211087, 43.46633901], [-1.57208026, 43.46640468], [-1.57204951, 43.46646017], [-1.572011, 43.46651786], [-1.57190459, 43.46666408], [-1.5717273, 43.46691259], [-1.571697, 43.46694602], [-1.57166077, 43.46672349], [-1.57165645, 43.46672033], [-1.5716504, 43.46668911], [-1.57164417, 43.46665871], [-1.57164259, 43.46663425], [-1.5716413, 43.46662195]]]]}, "geometry_name": "the_geom", "properties": {"gid": 3130380, "gpu_doc_id": "6345e561e148d0d60d85340d4b826649", "gpu_status": "production", "gpu_timestamp": "2025-10-08T08:09:54.942Z", "partition": "DU_64122", "libelle": "UG", "libelong": "UG", "typezone": "U", "destdomi": null, "nomfic": "64122_reglement_20250927.pdf#UG", "urlfic": "", "insee": null, "datappro": null, "datvalid": "20170923", "idurba": "64122_PLU_20250927", "idzone": null, "lib_idzone": "", "formdomi": null, "destoui": null, "destcdt": null, "destnon": null, "symbole": null}}, {"type": "Feature", "id": "zone_urba.3130313", "geometry": {"type": "MultiPolygon", "coordinates": [[[[-1.571697, 43.46694602], [-1.57153466, 43.4669581], [-1.57117354, 43.46702601], [-1.57081302, 43.46707004], [-1.57054682, 43.4671128], [-1.57046866, 43.46713969], [-1.5704204, 43.46707965], [-1.57046374, 43.46707171], [-1.57043967, 43.46697323], [-1.57044599, 43.46697], [-1.57045299, 43.46696594], [-1.57045824, 43.46696214], [-1.5704629, 43.46695818], [-1.57046293, 43.46695816], [-1.57046696, 43.46695412], [-1.57047025, 43.4669502], [-1.57047227, 43.46694741], [-1.5704728, 43.46694655], [-1.57047437, 43.466944], [-1.57047557, 43.46694179], [-1.57047676, 43.46693958], [-1.57047738, 43.46693793], [-1.57047769, 43.46693711], [-1.57047811, 43.46693592], [-1.57047871, 43.46693418], [-1.57047879, 43.46693392], [-1.5704798, 43.46693062], [-1.57048012, 43.4669287], [-1.57048014, 43.46692854], [-1.57048069, 43.4669259], [-1.57047625, 43.46686649], [-1.57045259, 43.46653678], [-1.57063936, 43.46653017], [-1.57064046, 43.46653014], [-1.57069824, 43.46652496], [-1.57074441, 43.46651913], [-1.57082024, 43.46650957], [-1.57082377, 43.46652367], [-1.57089228, 43.46652123], [-1.57087544, 43.46645492], [-1.57099868, 43.46643957], [-1.57099162, 43.46641308], [-1.57108282, 43.46641613], [-1.5710884, 43.46644935], [-1.57129292, 43.46642466], [-1.57134314, 43.46659644], [-1.5716354, 43.46656627], [-1.5716413, 43.46662195], [-1.57164259, 43.46663425], [-1.57164417, 43.46665871], [-1.5716504, 43.46668911], [-1.57165645, 43.46672033], [-1.57166077, 43.46672349], [-1.571697, 43.46694602]]]]}, "geometry_name": "the_geom", "properties": {"gid": 3130313, "gpu_doc_id": "6345e561e148d0d60d85340d4b826649", "gpu_status": "production", "gpu_timestamp": "2025-10-08T08:09:54.942Z", "partition": "DU_64122", "libelle": "UDi", "libelong": "UDi", "typezone": "U", "destdomi": null, "nomfic": "64122_reglement_20250927.pdf#UD", "urlfic": "", "insee": null, "datappro": null, "datvalid": "20170923", "idurba": "64122_PLU_20250927", "idzone": null, "lib_idzone": "", "formdomi": null, "destoui": null, "destcdt": null, "destnon": null, "symbole": null}}, {"type": "Feature", "id": "zone_urba.3130386", "geometry": {"type": "MultiPolygon", "coordinates": [[[[-1.57176782, 43.46524212], [-1.57183272, 43.46514825], [-1.57197473, 43.46514804], [-1.57218977, 43.4650795], [-1.57268933, 43.4649189], [-1.57296433, 43.46481494], [-1.57307399, 43.46476415], [-1.57331312, 43.46457026], [-1.57387898, 43.46407562], [-1.57414648, 43.46382201], [-1.57514216, 43.46313768], [-1.5754322, 43.46293263], [-1.57599076, 43.46253285], [-1.57595665, 43.46261454], [-1.57579459, 43.46299857], [-1.5757656, 43.46306656], [-1.57521093, 43.46436967], [-1.57485878, 43.465203], [-1.57474613, 43.465472], [-1.57467709, 43.46587505], [-1.57470964, 43.46603701], [-1.57467581, 43.46632592], [-1.57463448, 43.4663674], [-1.57462157, 43.46639992], [-1.57467714, 43.46640825], [-1.57469122, 43.4665732], [-1.5747064, 43.46660568], [-1.57472497, 43.46661892], [-1.57472195, 43.46665636], [-1.57469866, 43.46671065], [-1.57467427, 43.46675678], [-1.57406915, 43.46686401], [-1.57364073, 43.46705013], [-1.57309001, 43.46744781], [-1.57300643, 43.46746545], [-1.57299714, 43.46746709], [-1.57296248, 43.46747693], [-1.57295054, 43.46748102], [-1.57292939, 43.46748465], [-1.57292422, 43.46748674], [-1.57277275, 43.46752169], [-1.57277113, 43.46759262], [-1.57266776, 43.46763539], [-1.5725901, 43.46766272], [-1.572616, 43.46767981], [-1.57262491, 43.46768144], [-1.57257378, 43.4677408], [-1.57204216, 43.46739318], [-1.57176474, 43.46720024], [-1.57156143, 43.46709564], [-1.571697, 43.46694602], [-1.5717273, 43.46691259], [-1.57190459, 43.46666408], [-1.572011, 43.46651786], [-1.57204951, 43.46646017], [-1.57208026, 43.46640468], [-1.57211087, 43.46633901], [-1.5721341, 43.46626246], [-1.57214844, 43.46617617], [-1.5721518, 43.46610193], [-1.57214573, 43.4660223], [-1.57213173, 43.46594939], [-1.57210453, 43.46585221], [-1.57206694, 43.46575499], [-1.57203592, 43.46569447], [-1.57200143, 43.46563869], [-1.57194155, 43.46554957], [-1.57189521, 43.46548434], [-1.57184202, 43.46541848], [-1.57178941, 43.46535719], [-1.57176782, 43.46524212]]]]}, "geometry_name": "the_geom", "properties": {"gid": 3130386, "gpu_doc_id": "6345e561e148d0d60d85340d4b826649", "gpu_status": "production", "gpu_timestamp": "2025-10-08T08:09:54.942Z", "partition": "DU_64122", "libelle": "N", "libelong": "N", "typezone": "N", "destdomi": null, "nomfic": "64122_reglement_20250927.pdf#N", "urlfic": "", "insee": null, "datappro": null, "datvalid": "20170923", "idurba": "64122_PLU_20250927", "idzone": null, "lib_idzone": "", "formdomi": null, "destoui": null, "destcdt": null, "destnon": null, "symbole": null}}]}